"","V1","V2","V3"
"Chr01_00279482",0,0,0
"Chr01_00289806",0,0,0
"Chr01_00297528",0,0,0
"Chr01_00434080",-0.183865437053512,0,0
"Chr01_00446092",0,0,0
"Chr01_00583849",0,0,0
"Chr01_00592155",-0.0559900459464471,0,0
"Chr01_00754442",0,0,0
"Chr01_00810900",0,0,0
"Chr01_00820295",0,0,0
"Chr01_00856939",0,0,0
"Chr01_00886550",0,0,0
"Chr01_00958185",0,0,0
"Chr01_00991082",0,0,0
"Chr01_01007067",0,0,0
"Chr01_01022951",0,0,0
"Chr01_01239760",0,0,0
"Chr01_01266941",0,0,0
"Chr01_01277349",0,0,0
"Chr01_01322774",0,0,0.030027199525563
"Chr01_01466212",0,0,0
"Chr01_01495237",0,0,0
"Chr01_01700257",0,0,0
"Chr01_01779453",0,0,0
"Chr01_01796206",0,0,0
"Chr01_01815598",0,0,0
"Chr01_01880979",0,0,0
"Chr01_01892985",0,0,0
"Chr01_01902198",0,0,0
"Chr01_01932496",0,0,0
"Chr01_02140693",0,0,0
"Chr01_02182955",0,0,0
"Chr01_02195631",0,0,0
"Chr01_02262383",0,0,0
"Chr01_02342860",0,0,0
"Chr01_02477768",0,0,0
"Chr01_02555518",0,0,0
"Chr01_02600302",-0.227118463653649,0,0
"Chr01_02601661",0,0,0
"Chr01_02727768",0,0,0.0767710149461181
"Chr01_02898330",0,0,0
"Chr01_02917565",0,0,0
"Chr01_02923414",0,0,0
"Chr01_03030583",0,0,0
"Chr01_03205217",0,0,0
"Chr01_03392781",0,0,0
"Chr01_03460607",0,0,0
"Chr01_03483410",0.105119833205175,0,0
"Chr01_03492519",0,0,0
"Chr01_03573953",0,0,0
"Chr01_03724373",0,0,0
"Chr01_03815032",0,0,0
"Chr01_03815573",0,0,0
"Chr01_03818716",0,0,0
"Chr01_03916297",0,0,0
"Chr01_04032348",0,0,0
"Chr01_04124666",0,0,0
"Chr01_04137900",0,0,0
"Chr01_04161515",0,0,0
"Chr01_04221856",0,0,0
"Chr01_04225980",0,0,0
"Chr01_04314187",0,0,0
"Chr01_04316514",0,0,0
"Chr01_04350453",0,0,0
"Chr01_04450798",0,0,0
"Chr01_04525214",0,0,0
"Chr01_04547579",0,0,0
"Chr01_04590938",0,0,0
"Chr01_04704243",0,0,0
"Chr01_05201959",0,0,0
"Chr01_05293384",-0.0998712578447559,0,0
"Chr01_05362375",0,0,0
"Chr01_05545830",0,0,0
"Chr01_05681813",0,0,0
"Chr01_05749457",0,-0.459711332268822,0
"Chr01_05769137",0,0,0
"Chr01_05783607",0,0,0
"Chr01_05962501",0,0,0
"Chr01_06747631",0,0.0458317289393436,0
"Chr01_06998452",0,-0.0423249328916808,0
"Chr01_07039275",0,0,0
"Chr01_07099969",0,0,0
"Chr01_07327259",0,0,0
"Chr01_07506516",0,0,0
"Chr01_07520669",0,0,0
"Chr01_07543595",0,0,0
"Chr01_08684773",0,0,0.160460334918115
"Chr01_08952245",0,0,0
"Chr01_09062058",0.158480294698876,0,0
"Chr01_11649517",0,0,-0.181010795404168
"Chr01_13331795",0,0,0
"Chr01_13436678",0,0,0
"Chr01_15183551",0,0,0
"Chr01_15637910",-0.215874850151863,0,0
"Chr01_16173705",0,0,0
"Chr01_16207682",0,0,-0.177521358289647
"Chr01_18314793",0,0,0
"Chr01_18697817",0,0,0
"Chr01_18787841",0,0.288282272855586,0
"Chr01_20963125",0,0,0.0796066182756753
"Chr01_21026590",0,0,0
"Chr01_21349799",0,0,0
"Chr01_23889021",0,0,0
"Chr01_24414059",0,0,0
"Chr01_25607266",0,0,0
"Chr01_27222942",0,0,0
"Chr01_27564548",0,0,0
"Chr01_30257074",0,0,0
"Chr01_30672287",0,0,0
"Chr01_31764287",0,0,0
"Chr01_32679892",0,0,0.147527357055845
"Chr01_32943760",0,0,0
"Chr01_33598848",0,0,0
"Chr01_34764735",0,0,0
"Chr01_35299652",0,0,0
"Chr01_35307373",0,0,0
"Chr01_35851333",0,0,0
"Chr01_36145218",0,0,-0.124397866603191
"Chr01_37080500",0,0,0
"Chr01_37484340",0,0,0
"Chr01_37921117",0,0,0
"Chr01_39283488",0,-0.0121641665111669,0
"Chr01_40970051",0,0,0
"Chr01_43151134",0,0,0
"Chr01_43225309",0,0,0
"Chr01_43905253",0,0,0
"Chr01_44355283",0,-0.00990616469763482,0
"Chr01_45597550",0,0,0
"Chr01_45931540",0,0,0
"Chr01_46675211",0,0,0
"Chr01_47653309",0,0,0
"Chr01_47867666",0,0,0
"Chr01_48455901",0,0.151049160794451,0
"Chr01_48686468",0,-0.256756820626101,0
"Chr01_48778626",0,0,0
"Chr01_48791080",0,0,0
"Chr01_48833196",0,0,0
"Chr01_48835523",0,0,0
"Chr01_48949341",0,0,0
"Chr01_48978006",0,0.169803225985933,0
"Chr01_49247884",0,0,0
"Chr01_49295040",0,0,0
"Chr01_49556063",0,0,0
"Chr01_49599878",0,0,0
"Chr01_49635587",0,0,0
"Chr01_49773049",0,0,0
"Chr01_49775560",0,0,0
"Chr01_49870839",0,0,0
"Chr01_50006257",0,0,0
"Chr01_50074710",0,0,0
"Chr01_50102969",-0.106979332221969,0,0
"Chr01_50111341",0,0,0.018161688122099
"Chr01_50136013",0,0,0
"Chr01_50143577",0,0,0
"Chr01_50205898",0,0,0
"Chr01_50213025",0,0,0
"Chr01_50294917",0.223956346286312,0,0
"Chr01_50298879",0,0,0
"Chr01_50344722",0,0,0
"Chr01_50541079",0,0,0
"Chr01_50641046",-0.159625881365548,0,0
"Chr01_50870511",0,0,0
"Chr01_51049668",0,0,0
"Chr01_51078986",0,0,0
"Chr01_51175986",0,0,0
"Chr01_51180977",0,0.0752721405485989,0
"Chr01_51203252",0,0,0
"Chr01_51222397",0,0,0
"Chr01_51487314",0,0,0
"Chr01_51490279",0,0,0
"Chr01_51615912",0,0,0
"Chr01_51675578",0,0,0
"Chr01_51700992",0,0,0
"Chr01_51702323",0,0,0
"Chr01_51786072",0,0,0
"Chr01_51805446",0,0,0
"Chr01_51934952",0,0,0
"Chr01_51959921",0,0,0
"Chr01_52774289",0,0,0
"Chr01_52820603",0,0,0
"Chr01_52869188",0,0,0
"Chr01_53025166",0,0,0
"Chr01_54257622",0,0,0.346048916366536
"Chr01_54292055",0,0,0
"Chr01_55040733",0,0,0
"Chr01_55194382",0,0,0
"Chr01_55587339",0,0,0
"Chr01_55709593",0,0,0
"Chr01_55754388",0,0,0
"Chr01_55765219",0,0,0
"Chr01_55777514",0,0,0
"Chr01_55863203",0,0,0
"Chr01_55913184",0,0,0
"Chr01_56100876",0,0,0
"Chr01_56477322",0,0,0
"Chr01_56561308",0,0,0
"Chr01_56603301",0,0,0
"Chr01_56613143",0,0,0
"Chr01_56617695",0,0,0
"Chr01_56664522",0,0,0
"Chr02_00000845",0,0,0
"Chr02_00115144",0,0,0
"Chr02_00134699",0,0,0
"Chr02_00138761",0,0,0
"Chr02_00268282",0,0,0
"Chr02_00549511",0,0,0
"Chr02_00675440",0,0,0
"Chr02_00900419",0,0,0
"Chr02_01850744",0,0,0
"Chr02_02273099",0,0,0
"Chr02_02387768",0,0,0
"Chr02_02480187",0,0,0
"Chr02_03217646",0,0,0
"Chr02_03219305",0,0,0
"Chr02_03271876",0,0,0
"Chr02_03656733",0,0,0
"Chr02_03767436",0,0,0
"Chr02_03863702",0,0,0
"Chr02_04186820",0,0,0
"Chr02_04190189",0,0,0
"Chr02_04236719",0,0,0
"Chr02_04303075",0,0,0
"Chr02_04325348",0,0,0
"Chr02_04609309",0,0,0
"Chr02_04695123",0,0,-0.12970793846707
"Chr02_04945408",0,0,0
"Chr02_04985356",0,0,0
"Chr02_04988523",-0.0100031899497758,0,0
"Chr02_05013647",-0.226313372496163,0,0
"Chr02_05026965",0,0.0337667733040646,0
"Chr02_05141745",0,0,0
"Chr02_05169113",0,0,0
"Chr02_05183247",0,0,0
"Chr02_05414221",0,0,0
"Chr02_05595388",0,0,0.131337098249297
"Chr02_05654643",0,0,0
"Chr02_05744741",0,0,0
"Chr02_05885075",0,0,0
"Chr02_05897663",0,0,0
"Chr02_05912917",0,0,0
"Chr02_05962938",0,0,0
"Chr02_06017275",0,0,0
"Chr02_06038218",0,0,-0.242965683599526
"Chr02_06235097",0,0,0
"Chr02_06252260",0,0,0
"Chr02_06349200",0,0,0
"Chr02_06427774",0,0,0
"Chr02_06594352",0,0,0
"Chr02_06618953",0,0,0
"Chr02_06884002",0,0,0
"Chr02_06913789",0.0218642946606734,0,0
"Chr02_06960298",0,0,0
"Chr02_07059140",0,0,0
"Chr02_07128210",0,0,0
"Chr02_07136869",0,0,0
"Chr02_07160962",0,0,0
"Chr02_07163885",0,0,0
"Chr02_07216892",0,0,0
"Chr02_07229526",0,0,0
"Chr02_07523803",0,0,0
"Chr02_07940039",0,0,0
"Chr02_08183951",0,0,0
"Chr02_08205082",0,0,0
"Chr02_08440104",0,0,0
"Chr02_08465239",-0.020833844543198,0,0
"Chr02_08785617",0,0,0
"Chr02_09315642",0,0,0
"Chr02_09316790",0,0,0
"Chr02_09456274",0,0,0
"Chr02_09601301",0,0,0
"Chr02_09698794",0,0,0
"Chr02_09966567",0,0,0
"Chr02_10031386",0,0,0
"Chr02_10090434",0,0,0
"Chr02_10102649",0,0,0
"Chr02_10136828",0,0,0
"Chr02_10290733",0,0,0
"Chr02_10324498",-0.189905091376548,0,0
"Chr02_10608005",0,0.190763871175017,0
"Chr02_10630134",0,0,0
"Chr02_10947322",0,0,0
"Chr02_10961508",0,0,0
"Chr02_11008640",0,0,0
"Chr02_11331032",0.0418564639134654,0,0
"Chr02_11345816",0,0,0
"Chr02_11384395",0,0,0
"Chr02_11673536",0,0,0
"Chr02_11932814",0,0,0
"Chr02_11936070",0,0,-0.037360959477725
"Chr02_11950345",0,0,0
"Chr02_12167895",0,0,0
"Chr02_12218462",0,0,0
"Chr02_12382716",-0.0361652319633005,0,0
"Chr02_12433721",0.119988659317372,0,0
"Chr02_12480059",0,0,0
"Chr02_12766052",0,0,0
"Chr02_13012460",0,0,0
"Chr02_13126684",0,0,0
"Chr02_13406019",0,0,0
"Chr02_13592578",0,0,0
"Chr02_13595863",0,0,0
"Chr02_13753669",0,0,0
"Chr02_13796414",0,0,0
"Chr02_13851450",0,0,0
"Chr02_13978058",0,0,0
"Chr02_13998100",0,0,0
"Chr02_14014397",0,-0.0283464741867579,0
"Chr02_14057660",0,0,0
"Chr02_14060769",0,0,0
"Chr02_14136399",0,0,0
"Chr02_14209833",0,0,0
"Chr02_14266435",0,0,0
"Chr02_14428891",0,0,0
"Chr02_14689314",0,0,0
"Chr02_14709464",0,0,0
"Chr02_14727653",0,0,0
"Chr02_14791072",0,0,0
"Chr02_14855326",0,0,0
"Chr02_14876179",0,0,0
"Chr02_15025447",0,0,0
"Chr02_15406294",0,0,0.0258309742251891
"Chr02_15435172",0,0,0
"Chr02_15494530",0,0,0
"Chr02_15504950",0,0,0
"Chr02_15526759",0,0.13082409778506,0
"Chr02_15598894",0,-0.104489299936348,0
"Chr02_15704672",0,0,0
"Chr02_15798923",0,0,0
"Chr02_16096448",0,0,0
"Chr02_18783061",0,0,0
"Chr02_19388477",0,0.210548666904577,0
"Chr02_21482990",0,0,0
"Chr02_21785337",0,0,0
"Chr02_23500763",0,0,0
"Chr02_24731250",0,0,0
"Chr02_31222047",0,0,-0.204372656851557
"Chr02_32758957",0,0,0
"Chr02_33107780",0,0.0523860227879236,0
"Chr02_36462175",0,0,0
"Chr02_36597631",0,0,0
"Chr02_36847607",-0.182543813763735,0,0
"Chr02_37265954",0,0,0
"Chr02_38885164",0,0,0
"Chr02_38983644",0,0.124624896831637,0
"Chr02_38991212",0,0.00148048938642965,0
"Chr02_39121116",0,0,0
"Chr02_39394742",0,0,0
"Chr02_39441152",0,0,0
"Chr02_39753592",0,0,0
"Chr02_39808800",0,0.227382812950727,0
"Chr02_39995986",0,0,0
"Chr02_40185325",0,0,0.123130814503334
"Chr02_40258712",0,0,-0.0129382744390573
"Chr02_40585878",0,0,0
"Chr02_40871203",0,0,0
"Chr02_40951126",0,0,0
"Chr02_41294994",0,0,0
"Chr02_41336419",0,0,0
"Chr02_41340292",0,0,0
"Chr02_41381391",0,0,0
"Chr02_41421888",0,0,0
"Chr02_41692880",0,0,0
"Chr02_42422647",0,0,0
"Chr02_42428125",0.114866912347309,0,0
"Chr02_42471346",0,0,0
"Chr02_42549073",0,0,0
"Chr02_42750567",0,0,0
"Chr02_43002040",0,0,0
"Chr02_43511079",0,0,0
"Chr02_43890036",0,0,0
"Chr02_44311675",0,0,0
"Chr02_44522700",0,0,0
"Chr02_44658280",0,0,0
"Chr02_45119506",0,0,0
"Chr02_45180944",0,0,0.000977551545942789
"Chr02_45509735",0,0,0
"Chr02_45662767",0,0,-0.203399359897076
"Chr02_45915651",0,0,0
"Chr02_45929302",0,0,0
"Chr02_45978555",0,0,0
"Chr02_46127769",0,0,0
"Chr02_46252420",0,0,0
"Chr02_46319428",0,0,0
"Chr02_46511330",0,0,0
"Chr02_46604023",0,0,0
"Chr02_46917310",0,0,0
"Chr02_47015392",0,0,0
"Chr02_47020231",0,0,0
"Chr02_47037070",0,0,0
"Chr02_47207919",0,0,0
"Chr02_47329469",0,0,0
"Chr02_47447538",0,0,0
"Chr02_47677433",0,0,0
"Chr02_47678249",0,0,0
"Chr02_47739099",0,0,0
"Chr02_47871234",0,0,0
"Chr02_48173696",0,0,0
"Chr02_48208621",0,0,0
"Chr02_48294960",0,0,0
"Chr02_48295194",0,0,0
"Chr03_00162171",-0.0317115291451073,0,0
"Chr03_00210594",0,0,0
"Chr03_00213162",0,0,0
"Chr03_00214333",0,0,0
"Chr03_00444016",0,0,0
"Chr03_00545816",0,0,0
"Chr03_00604398",0,0,0
"Chr03_00743456",0,0,0
"Chr03_00953670",0,0,0
"Chr03_01149731",0,0,0
"Chr03_01344175",0.0987562660433039,0,0
"Chr03_01398569",0,0,0
"Chr03_01438966",0,0,0
"Chr03_01787486",0,0,0
"Chr03_01871252",0,-0.0899418725224949,0
"Chr03_01915719",0,0,0
"Chr03_02032101",0,0,0
"Chr03_02059119",0,0,0
"Chr03_02092345",0,0,0
"Chr03_02175640",0,0,-0.140051162909881
"Chr03_02179860",0,0,0
"Chr03_02182511",0,0,0
"Chr03_02200338",0,-0.0731356810912647,0
"Chr03_02268822",0,0,0
"Chr03_02329716",0,0,0
"Chr03_02341638",0,0,0
"Chr03_02395852",0,0,0
"Chr03_02428356",0,0,0
"Chr03_02794924",0,0,0
"Chr03_02801988",0,-0.0844424478859453,0
"Chr03_02846142",0,0,0
"Chr03_02911020",0,0,0
"Chr03_02923693",0,0,0
"Chr03_02939174",0,0,0
"Chr03_02968395",0,0,0
"Chr03_02973188",0,0,0
"Chr03_03018148",0,-0.00562495763590082,0
"Chr03_03031957",0,0,0
"Chr03_03065142",0,0,0.0758112057092237
"Chr03_03118658",0,0,0
"Chr03_03157322",0,0,-0.0510013296350376
"Chr03_03176904",0,0,0
"Chr03_03178665",0,0,0
"Chr03_03233627",0,0,0
"Chr03_03256008",0,0,0
"Chr03_03283422",0,0,0
"Chr03_03359040",0,0,0
"Chr03_03531472",0,0,0
"Chr03_03532631",0,0,0
"Chr03_03662137",0,0,0
"Chr03_03662993",0,0,0
"Chr03_03827595",0,0,-0.0841196254985065
"Chr03_03863679",0,0,0
"Chr03_03957391",0,0,0
"Chr03_03964711",0,0,0
"Chr03_03975438",0,0,0
"Chr03_03988881",0,0,0
"Chr03_04264303",0,0,-0.202247330441426
"Chr03_04289759",0,0,0
"Chr03_04293116",0,0,0
"Chr03_04393667",0,0,0
"Chr03_04413408",0,0,0
"Chr03_04422803",-0.0458797091328603,0,0
"Chr03_04439437",0,0,0
"Chr03_04446130",0,0,0
"Chr03_04467592",0,0,0
"Chr03_04469584",0,0,0
"Chr03_04528387",0,0,0
"Chr03_04530367",0,0,0
"Chr03_04621308",0,0,0
"Chr03_04622629",0,0,0
"Chr03_04623681",0,0,0
"Chr03_04637585",0,0,0
"Chr03_04769193",0,0,0
"Chr03_04944927",0,0,0
"Chr03_04978865",0,0,0
"Chr03_05009451",0,0,0
"Chr03_05176745",0,0,0
"Chr03_05182920",0,0,0
"Chr03_05198410",0,0,0
"Chr03_05201347",0,-0.00401562526824769,0
"Chr03_05202341",0,0,0
"Chr03_05236340",0,0,0
"Chr03_05360780",0,0,0
"Chr03_05368979",0,0,0
"Chr03_05387982",-0.0182304300557758,0,0
"Chr03_05601235",0,0,0
"Chr03_05601398",0,0,0
"Chr03_05620679",0,0,0
"Chr03_05624329",0,0,0
"Chr03_05625435",0,0,0
"Chr03_05647887",0,0,0
"Chr03_05666116",0,0,0
"Chr03_05822446",0,0,0
"Chr03_05840943",0,0,0
"Chr03_05989988",0,0,0
"Chr03_05994248",0,-0.0214585957156868,0
"Chr03_05995243",0,0,0
"Chr03_05999924",0,0,0
"Chr03_06138920",0,0,0
"Chr03_06251511",0,0,0
"Chr03_06266039",0,0,0
"Chr03_06380203",0,0,0
"Chr03_06381405",-0.0506187045881524,0,0
"Chr03_06397550",0,0,-0.0685198301280384
"Chr03_06451800",0,0,0.15034106640022
"Chr03_06453336",0,0,0
"Chr03_06459032",0,0,0
"Chr03_06530200",0,0,0
"Chr03_06533192",0,0,0
"Chr03_06538007",0,0,0
"Chr03_06541009",0,0,0
"Chr03_06544720",0,0,0
"Chr03_06669833",0,0,0
"Chr03_06837659",0,0,0
"Chr03_06912166",0,0,0
"Chr03_09080718",0,0,0
"Chr03_12294440",0,0,0
"Chr03_13210055",0,0,0
"Chr03_13719080",-0.194599023203428,0,0
"Chr03_13806682",0,0,0
"Chr03_15369786",0,0,0
"Chr03_16946871",0,0,0
"Chr03_18481403",0.0503347749285782,0,0
"Chr03_18563687",0,0,0
"Chr03_19344913",0,0,0
"Chr03_19812312",0,0,0
"Chr03_19855391",0,0,0
"Chr03_22245512",0,0,0
"Chr03_23088884",0,0,0
"Chr03_23381236",-0.357538757675361,0,0
"Chr03_24184208",0,0,0
"Chr03_24448986",0,0,0
"Chr03_24894457",0,0,0
"Chr03_26293384",0,0,0
"Chr03_26345456",0,0,0
"Chr03_26627673",0,0,0
"Chr03_29079193",0,0,0
"Chr03_30308722",0,0,0
"Chr03_30309376",0,0,0
"Chr03_30794851",0,0,0
"Chr03_32440971",0,0,0
"Chr03_32679024",0,0,0.103152232055333
"Chr03_32727106",0,0,0
"Chr03_33181270",0,0,0
"Chr03_33350916",0,0,0
"Chr03_33509525",0,-0.111316783607911,0
"Chr03_33525823",0,-0.0507715821738532,0
"Chr03_33909938",0,0,0
"Chr03_33953902",0,0,0
"Chr03_34263835",0,0,0
"Chr03_34329443",0,0,0
"Chr03_34360212",0,0,0
"Chr03_34483984",0,0,0
"Chr03_34582523",0,0,0
"Chr03_35096888",0,0,0
"Chr03_35244644",0,0,0
"Chr03_35266264",0,0,0
"Chr03_35337682",0,0,0
"Chr03_35355274",0,0,0
"Chr03_35374438",0,0,0
"Chr03_35420684",0,0,0
"Chr03_35717147",0.132154019530696,0,0
"Chr03_36043266",0,0,0
"Chr03_36459319",0,0,0
"Chr03_36517202",0,0,0
"Chr03_36517778",0,0,0
"Chr03_36768887",0,0,0
"Chr03_37229194",0,0,0
"Chr03_37733382",0,0,0
"Chr03_37832346",0,0,0
"Chr03_38016747",0,-0.0170850599820508,0
"Chr03_38131942",0,0,0
"Chr03_38317332",0,0,0
"Chr03_38680824",0,0,0
"Chr03_38706734",0,0,0
"Chr03_38812134",0,0,0
"Chr03_38827060",0,0,0
"Chr03_38868515",0,0,0
"Chr03_39041081",0,0,0
"Chr03_39278381",0,0,0
"Chr03_39303164",0,0,0
"Chr03_39330480",0,0,0.0883876544351423
"Chr03_39332865",0,0,0
"Chr03_39512113",0,0,0
"Chr03_39777911",0,0,0
"Chr03_39889423",0,0,0
"Chr03_39976013",0,0,0
"Chr03_40032803",0,0,0
"Chr03_40878707",0,0,0
"Chr03_41625069",0,0,0
"Chr03_41985088",-0.0916922152985257,0,0
"Chr03_42697705",0,0,0.0698450816681144
"Chr03_42929655",0,0,0
"Chr03_43325026",0,0,0
"Chr03_43858625",0,0.093693706466289,0
"Chr03_44076751",0,0,0
"Chr03_44356294",0,0,0
"Chr03_45602028",0,0,0
"Chr03_45657574",0,0,0
"Chr04_00077124",0,-0.156140491701986,0
"Chr04_00196509",0,0,0
"Chr04_00601047",0,0,0
"Chr04_00917584",0,0,0
"Chr04_01189666",0,0,0
"Chr04_01305036",0,0,0
"Chr04_01310856",0,0,0.227645468161674
"Chr04_01364082",0,0,0
"Chr04_01992003",0,0,0
"Chr04_02186040",0,0,0
"Chr04_02703393",0.0395162971948889,0,0
"Chr04_03666285",0,0,0
"Chr04_03958331",0,0,0
"Chr04_04033100",0,0,0
"Chr04_04033504",0,0,0
"Chr04_04413181",0,0.0699342675340943,0
"Chr04_04501137",0,0,0
"Chr04_05017067",0,0,0
"Chr04_05034621",0,0,0
"Chr04_05102542",0,0,0
"Chr04_05242516",0,0.111793646384975,0
"Chr04_05351763",0,0,-0.00610456207279932
"Chr04_05635984",0,0,0
"Chr04_05652254",0,0,0
"Chr04_05840396",0,0,0
"Chr04_05854951",0,0,0
"Chr04_06126665",0,0,0
"Chr04_06494905",-0.202976133344835,0,0
"Chr04_06513553",0,0,0
"Chr04_06533304",0,0,0
"Chr04_07135358",0,0,0
"Chr04_07233913",0,0,0
"Chr04_07308938",0,0,0
"Chr04_07340842",0,0,0
"Chr04_08088543",0,0,0
"Chr04_08267321",0,0,-0.194646422212286
"Chr04_08274639",0,0,0
"Chr04_08274805",0,0,0
"Chr04_08354244",0,0,0
"Chr04_08844142",0,0,0
"Chr04_08910219",0,0,0
"Chr04_08913414",0,0,0
"Chr04_09090572",0.283406375070943,0,0
"Chr04_09099820",0,0,0
"Chr04_09101204",0.00494039869289084,0,0
"Chr04_09106520",0,0,0
"Chr04_09174747",0,0,0
"Chr04_09196273",0,0,0
"Chr04_09485296",0,0,0
"Chr04_09563765",0,0,0
"Chr04_09565472",0,0,0
"Chr04_09801796",0,0,0
"Chr04_10226005",0,0,0
"Chr04_11377391",0,0,0.024914963053714
"Chr04_11417423",0,0,0
"Chr04_11432653",0,0,0
"Chr04_11494397",0,0,0
"Chr04_11567080",0,0,0
"Chr04_12582236",0,0,0
"Chr04_12608717",0,0,0
"Chr04_12729520",0,0,-0.00317343106387049
"Chr04_12916861",0,0,0
"Chr04_12947713",0,0,0
"Chr04_13113282",0,0,0
"Chr04_13160717",0,0,0
"Chr04_13264882",0,0,0
"Chr04_13734188",0,0,0
"Chr04_14764565",0,0,0
"Chr04_15163588",0,0,0.209649451939097
"Chr04_15826687",0,0,0
"Chr04_15834673",0,0,0
"Chr04_16010467",0,0.0173975371624513,0
"Chr04_16293107",0,0,0
"Chr04_16437714",0,0,0
"Chr04_16893772",0,0,0
"Chr04_16897383",0,0,0
"Chr04_17353668",0,0,0
"Chr04_17783711",0,0,0.249148081228614
"Chr04_17997122",0,0,0
"Chr04_18440274",0,0,0
"Chr04_18912852",0,0,0
"Chr04_18991367",0,0,0
"Chr04_19630652",0,0,0
"Chr04_19664644",0,0,0
"Chr04_19969458",0,0,0
"Chr04_20111890",0,0,0
"Chr04_20449928",0,0.511630531222749,0
"Chr04_20798120",0,0,0
"Chr04_24749520",0,0,0
"Chr04_25393976",0,0,0
"Chr04_25640911",0,0,0
"Chr04_26547739",0,0,0
"Chr04_26568510",0,0,0
"Chr04_26789537",0,0,0
"Chr04_27181684",0,0,0
"Chr04_27282668",0,0,0
"Chr04_28660835",0,0,0
"Chr04_31296534",0,0,0
"Chr04_32768267",0,0,0
"Chr04_33130510",0.217874226871757,0,0
"Chr04_33238745",0,0,0
"Chr04_33366318",0,0,0
"Chr04_33758336",0,0,0
"Chr04_33770370",0,0,0
"Chr04_34732837",0,0,0.462245695213373
"Chr04_35254733",0,0,0
"Chr04_35331714",0,0,0
"Chr04_35755498",0,0,0
"Chr04_37130536",0,0,0
"Chr04_37650487",0,0,0
"Chr04_38046210",0,0,0
"Chr04_39041015",0,0,0
"Chr04_39303583",0,0,0
"Chr04_39920160",0,0,0
"Chr04_40142988",0,0,0
"Chr04_40283402",0,0,0
"Chr04_40446590",0,0,0
"Chr04_40467138",0,0,0
"Chr04_41492080",0,0,0
"Chr04_41924895",0,0,0
"Chr04_42359864",0,0,0
"Chr04_43610113",0,0,0
"Chr04_44173593",0,0,0
"Chr04_44636559",0,0,0
"Chr04_44699097",0,0,0
"Chr04_45008084",0,0,0
"Chr04_45389778",0,0,0
"Chr04_45573856",0,0,0
"Chr04_45836181",0,0,0
"Chr04_45883422",0,0,0
"Chr04_45956778",-0.0713621517356197,0,0
"Chr04_46014341",0,0.0293491729040022,0
"Chr04_46065500",0,0.00619827095151982,0
"Chr04_46179453",0,0,0
"Chr04_46199779",0,0,0
"Chr04_46271259",0,0.0865132564209423,0
"Chr04_46302690",0,0,0
"Chr04_46490306",0,0,0
"Chr04_46583556",0.0341200545382917,0,0
"Chr04_46757902",0,0,0
"Chr04_46759626",0,0.3120310165167,0
"Chr04_46783964",0,0,0
"Chr04_46891363",0,0,0
"Chr04_46891881",0,0,0
"Chr04_46955393",-0.031820276904275,0,0
"Chr04_46965210",0,0,0
"Chr04_47322146",0,0,0
"Chr04_47343781",0,0,0
"Chr04_47414685",0,0,0
"Chr04_47534495",0,0,0
"Chr04_47618487",0,0,0
"Chr04_47863106",0.105713592519961,0,0
"Chr04_47868644",-0.0435357233483553,0,0
"Chr04_47909855",0,0,0
"Chr04_47994491",0,0,0
"Chr04_48158410",0,0,0
"Chr04_48163793",0,0,0
"Chr04_48213080",0,0,0
"Chr04_48327512",0,0,0
"Chr04_48388343",0,0,0
"Chr04_48393092",0,0,0
"Chr04_48438354",0,0,0
"Chr04_48535799",0,0,0
"Chr04_48647008",0,0,0
"Chr04_48653350",0,0,0
"Chr04_49067592",0,0,0
"Chr04_49120627",0,0,0
"Chr04_49132838",0,0,0
"Chr04_49283261",0,0,0
"Chr04_49285055",0,0.32772677840079,0
"Chr04_49294743",0,0,0
"Chr04_49392031",0,0,0.0211342569434838
"Chr04_49424215",0,0,0
"Chr04_49443943",0,0,0
"Chr04_49558102",0,0,0
"Chr04_49798148",0,0,0
"Chr04_50136614",0,0,0
"Chr04_50213494",0,0,0
"Chr04_50338283",0,0,0
"Chr04_50341358",0,0,0
"Chr04_50353796",0,0,0
"Chr04_50417535",0,0,0
"Chr04_50546755",0,0,-0.324818313708025
"Chr04_50607550",0,0,0
"Chr04_50672035",0,0,0
"Chr04_50680784",0,0,0
"Chr04_50881912",0,0,0
"Chr04_51225534",0,0,0
"Chr04_51282917",0,0,0
"Chr04_51459394",0,0,0
"Chr04_51485700",0,0,0
"Chr04_51546112",0,0,0
"Chr04_51746339",0,0,0
"Chr04_51808028",0,0,0
"Chr04_51869645",0,0,0
"Chr04_52030611",0,0,0
"Chr04_52031179",0,0,0
"Chr04_52046736",0,0,0
"Chr04_52067635",0,0,0
"Chr04_52093001",0,0,0
"Chr05_00137207",0,0,0.0407068340461387
"Chr05_00198889",0,0,0
"Chr05_00307215",0,0,0
"Chr05_00397214",0,-0.0942113766108701,0
"Chr05_00578172",0,0,0
"Chr05_00655961",0,0,0
"Chr05_00934616",0,0,-0.138321285962333
"Chr05_01042512",0,0,0
"Chr05_01146872",0,0,0
"Chr05_01252438",0,0,-0.103090673515598
"Chr05_01312337",0,0,0
"Chr05_01314799",0,0,0
"Chr05_01493109",0,0,0
"Chr05_01539344",0,0,0
"Chr05_01585448",0,0,0
"Chr05_01610354",0,0,0
"Chr05_01664082",0,0,0
"Chr05_01684073",0,0,0
"Chr05_01687574",0,0,-0.065207811033455
"Chr05_01821717",0,0,0
"Chr05_01951522",0,0,0
"Chr05_02064355",0,0,0
"Chr05_02092129",0.0454509475344363,0,0
"Chr05_02240623",0,0,0
"Chr05_02476579",0,0,0
"Chr05_02743365",0,0,0
"Chr05_02805769",0,0,0
"Chr05_02807049",0,0,0
"Chr05_02846111",0,0,0
"Chr05_02919972",0,0,0
"Chr05_03037780",0,0,0
"Chr05_03056526",0,0,0
"Chr05_03061555",0,0,0
"Chr05_03068490",-0.0378521559902746,0,0
"Chr05_03109628",0,0,0
"Chr05_03362270",0,0,0
"Chr05_03379706",0,0,0
"Chr05_03437488",-0.0149826667837282,0,0
"Chr05_03502138",0,0,0
"Chr05_03507893",0,0.232212024378086,0
"Chr05_03522948",0,0,0
"Chr05_03541983",0,0,0
"Chr05_03639936",0,0,0
"Chr05_03717600",0,0,0
"Chr05_03730110",0,0,0
"Chr05_03919293",0,0,0
"Chr05_04006977",0,0,0
"Chr05_04058244",0,0,0
"Chr05_04137322",0,0,0
"Chr05_04263288",0,0,0
"Chr05_04266121",0.00291657622548011,0,0
"Chr05_04269030",0,0,0
"Chr05_04364067",0,0,0.11999053395154
"Chr05_04508876",0,0,0
"Chr05_04524476",0,0,0
"Chr05_04537868",0,0,0
"Chr05_04954498",0,0,0
"Chr05_05196409",0,0,0
"Chr05_05296988",0,0,0
"Chr05_05335586",0,0,0
"Chr05_05340191",0,0,0
"Chr05_05428846",0,0,0
"Chr05_05481315",0,0,0
"Chr05_05501711",0,0,0
"Chr05_05783819",0,0,0
"Chr05_07261391",-0.055230799410521,0,0
"Chr05_08132183",0,0,0
"Chr05_09989127",0,0,0
"Chr05_10672188",0,0,0
"Chr05_13884483",0,0,0
"Chr05_14570641",0,0,0
"Chr05_15039037",0,0,0
"Chr05_15378302",0,0,0
"Chr05_15388858",0,0,0
"Chr05_15642477",0,0,0
"Chr05_16011122",0,0,0
"Chr05_16915835",0,-0.154447804797369,0
"Chr05_17394271",0,0,0
"Chr05_18311893",0,0,0
"Chr05_18860400",0,0,0
"Chr05_19292082",0,0,0
"Chr05_19549407",0.0495661645506778,0,0
"Chr05_24188625",0,0,0
"Chr05_25081911",0,0,0
"Chr05_26571506",0,0,0
"Chr05_27238532",0,0,0
"Chr05_27611162",0,0,0
"Chr05_27714236",0,0,0
"Chr05_27832472",0,0,0.106553381898989
"Chr05_28275994",0,0,0
"Chr05_28380324",0,0,0
"Chr05_28728765",0,0,0
"Chr05_28862293",0,0,0
"Chr05_29113760",0,0,0
"Chr05_31062277",0,0,0
"Chr05_31106419",0,0,0
"Chr05_31119642",0,0,0.0629385113205025
"Chr05_31321892",0,0,0
"Chr05_31438725",0,0,0
"Chr05_31509945",0,0,0
"Chr05_31544730",0,0,0
"Chr05_31676373",0,0,0
"Chr05_31882544",-0.108059759960782,0,0
"Chr05_31929319",0,0,0
"Chr05_32310032",0,0,0
"Chr05_32458762",0,0,0
"Chr05_33027200",0,0,0
"Chr05_33051525",0,0,0
"Chr05_33082006",0,0,0
"Chr05_33216126",-0.0215553691051202,0,0
"Chr05_33310039",-0.0499410412136536,0,0
"Chr05_33350603",0,0,0
"Chr05_33488937",0,0,0
"Chr05_33496535",0,0,0
"Chr05_33544598",0,0,0
"Chr05_33621638",0,-0.0900149552843114,0
"Chr05_33624631",0,0,0
"Chr05_33712318",0,0,0
"Chr05_33779698",0,0,0
"Chr05_33819287",0,0,0
"Chr05_33820233",0,0,0
"Chr05_33855242",0,0,0
"Chr05_33856463",0,0,0
"Chr05_33866669",0,0,0.0249461783917477
"Chr05_33885277",0,0.127955954000555,0
"Chr05_33987633",0,0,0
"Chr05_34006672",0,0,0
"Chr05_34142495",0,0,0
"Chr05_34321936",0,0,0
"Chr05_34354446",0,0,0
"Chr05_34404547",0,0,0
"Chr05_34455093",0,0,0
"Chr05_34555539",0,0,0
"Chr05_34592712",0,0,0
"Chr05_34599148",0,0,0
"Chr05_34650648",0,0,0
"Chr05_34655322",0,0,0
"Chr05_34867188",0,0,0
"Chr05_35101237",0,0,0
"Chr05_35120485",0,0,0
"Chr05_35223296",0,0.316453185121,0
"Chr05_35245696",0,-0.235844608104426,0
"Chr05_35323388",0,0,0
"Chr05_35460638",0,0,-0.0543930049889521
"Chr05_35502848",0,0,0
"Chr05_35633185",0,0,0
"Chr05_35693283",0,0,0
"Chr05_36005657",0,0,0
"Chr05_36610883",0,0,0
"Chr05_36731243",0,0,0
"Chr05_36815393",-0.00850752942714688,0,0
"Chr05_36856712",0,0,0
"Chr05_36902759",0,0,0
"Chr05_36947149",0,0,0
"Chr05_36965515",0,0,0
"Chr05_37004415",0,0,0
"Chr05_37061733",0,0,0
"Chr05_37108369",0,0,0
"Chr05_37280303",0,0,0
"Chr05_37314977",0,0.075587867392305,0
"Chr05_37426050",0,0,0
"Chr05_37468617",0,0,0
"Chr05_37751937",0,0,0
"Chr05_37922309",0,0,0
"Chr05_37928222",0,0.125401529014934,0
"Chr05_37934732",0,0,0
"Chr05_37940321",0,0,0
"Chr05_38007613",0,0,0
"Chr05_38074006",0,0,0.0166067588550708
"Chr05_38089127",0,0,0
"Chr05_38093813",0,0,0
"Chr05_38404843",0,0,0
"Chr05_38520329",0,0,0
"Chr05_38534744",0,0,0
"Chr05_38549334",0,0,0
"Chr05_38786904",0,0,0
"Chr05_38898336",0,0,0
"Chr05_38909794",0,0,0
"Chr05_38985591",0,0,0
"Chr05_39142406",0,0,0
"Chr05_39288797",0,0,0
"Chr05_39299163",0,0,0
"Chr05_39354603",0,0,0
"Chr05_39586162",0,0,0
"Chr05_39593037",0,0,0
"Chr05_40082562",0,0,0
"Chr05_40124004",0,-0.0102923250028118,0
"Chr05_40165458",0,0,0
"Chr05_40174071",0,0,0
"Chr05_40177637",0,0,0
"Chr05_40190558",0,0,0
"Chr05_40219855",0,0,0
"Chr05_40253811",0,0,0
"Chr05_41017391",0,0,0
"Chr05_41057724",0,0,0
"Chr05_41082944",0,0,0
"Chr05_41126317",0,0,0
"Chr05_41326494",0,0,0
"Chr05_41365677",0,0,0
"Chr05_42070065",0,0,0
"Chr06_00033032",0,0,0.000628674731576721
"Chr06_00380721",0,0,0
"Chr06_00629318",0,0,0
"Chr06_00661388",0,0,0
"Chr06_00756924",0,0,0
"Chr06_00835945",0.056324917767762,0,0
"Chr06_01459245",0,0,0
"Chr06_01941361",0,0,0
"Chr06_03396192",0,0,0
"Chr06_03442427",0,0,0
"Chr06_03448890",0,0,0
"Chr06_03485925",0,0,0
"Chr06_03576322",0,0,0
"Chr06_04150660",0,0,0
"Chr06_04245030",0,0,0
"Chr06_04961656",0,0,0
"Chr06_05112467",0,0,0
"Chr06_06190024",0,0,-0.0916543104640278
"Chr06_06318489",0,0,0
"Chr06_06969868",0,-0.274715528626596,0
"Chr06_07518829",0,0,0
"Chr06_07637888",-0.373115304167949,0,0
"Chr06_07837123",0,0,0
"Chr06_07978808",0,0,0
"Chr06_08133148",0,0,0
"Chr06_08292887",0,0,0
"Chr06_08655264",0,0,0
"Chr06_09574265",0,0,0
"Chr06_09822607",0,0,0.256130914917935
"Chr06_09867604",0,0,0
"Chr06_10335428",0,0,-0.0527776799074383
"Chr06_10808038",0,-0.0411522400539087,0
"Chr06_10885743",0,0,0
"Chr06_11065403",0.107756193541255,0,0
"Chr06_11662746",0,0,0
"Chr06_11806990",0,0,0
"Chr06_13180497",0,0,0
"Chr06_13242252",0,0,0
"Chr06_13368554",0,0,0
"Chr06_13401522",0,0,0
"Chr06_13651064",0,0.0649013368633188,0
"Chr06_13781851",0,0,0
"Chr06_13820409",0,0,0
"Chr06_13854053",0,0,0
"Chr06_14444520",0,0,0
"Chr06_14606225",0,0,0
"Chr06_14820517",0,0,0
"Chr06_15261552",0,0,0
"Chr06_15524002",0,0,0
"Chr06_15642869",0,0,0
"Chr06_15705119",0,0,0
"Chr06_15834565",0,0,0
"Chr06_15887892",0,0,0
"Chr06_15938325",0,0,0
"Chr06_16206037",0,0,0
"Chr06_16701469",0,0,0
"Chr06_16749523",0,0,0
"Chr06_17114448",0,0,0
"Chr06_17322318",0,0,0
"Chr06_17336340",0,0,0
"Chr06_17451957",0,0.0531083107728823,0
"Chr06_17479694",0,0,0
"Chr06_17596903",0,-0.0384997628621388,0
"Chr06_18304015",0,0,0
"Chr06_18492343",0,0,0
"Chr06_18524744",0,0,0
"Chr06_18797212",0,0,0
"Chr06_18983194",0,0,0
"Chr06_19113654",0,0,0
"Chr06_19122151",0,0,0
"Chr06_19172326",0,0,0
"Chr06_19948047",0,0,0
"Chr06_20192738",0,0,0
"Chr06_20244146",0,0,0
"Chr06_21708966",0,0,0
"Chr06_22113039",0,0,0
"Chr06_23048138",0,0,0
"Chr06_23384434",0,0,0
"Chr06_23706373",0,0,0.122941042776678
"Chr06_26530535",0,0,0
"Chr06_27589864",0,-0.0734741811918068,0
"Chr06_27883038",0,0,0
"Chr06_29366166",0,0,-0.0495349615113488
"Chr06_30040221",0,0,0
"Chr06_30981432",0,0,0
"Chr06_31031767",0,0,0
"Chr06_33718128",0,0,0
"Chr06_34129795",0,0.0469857633283261,0
"Chr06_34381000",0,0,0
"Chr06_35016892",0,0,0
"Chr06_35457008",0.197762048497181,0,0
"Chr06_35542064",0,0,0
"Chr06_36053266",0,0,0
"Chr06_36094652",0,0,-0.0605171801066101
"Chr06_36471728",0,0,0
"Chr06_38353546",0,0,0
"Chr06_38701950",0,0,-0.0456926097015841
"Chr06_38973217",0,0,0
"Chr06_39014682",0.117056180541365,0,0
"Chr06_39177058",0,0,0
"Chr06_39373186",0,0,0
"Chr06_39496538",0,0,0
"Chr06_39740958",0,0,0
"Chr06_40120753",0,0,0.195397262794632
"Chr06_40210615",0,0,0
"Chr06_40310275",0,0,0
"Chr06_40639663",0,0,0
"Chr06_41289182",0,-0.139336640949295,0
"Chr06_41711537",0,0,0
"Chr06_41899330",0,0,0
"Chr06_41902168",0,0,0
"Chr06_42005997",0,0,0
"Chr06_42026498",0,0,0
"Chr06_42127945",0,0,0
"Chr06_42197684",0,0,0
"Chr06_43003239",0,0,0
"Chr06_43327340",0,0,0
"Chr06_43512789",0,0,0
"Chr06_43813420",0,0,0
"Chr06_44353760",0,0,0
"Chr06_44514473",0,0,0
"Chr06_44581598",0,0,0
"Chr06_44627077",0,0,0
"Chr06_44640185",0,0,0
"Chr06_44671670",0,0,0
"Chr06_44838190",0,0,0
"Chr06_44894892",0.162533955615483,0,0
"Chr06_45081416",0,0,0
"Chr06_45354970",0,0,0
"Chr06_45373316",0,0,0
"Chr06_45940813",0,0,0
"Chr06_45981815",0,0,0
"Chr06_46053094",0,0,0
"Chr06_46231430",0,0,0
"Chr06_46711198",0,0,0
"Chr06_46731067",0.224753010636012,0,0
"Chr06_46753775",0,0,0
"Chr06_46755964",0,0,0
"Chr06_46827213",0,0,0
"Chr06_46865953",0,0,0
"Chr06_46890944",0,0,0
"Chr06_46896157",0,0,0
"Chr06_46953314",0,0,0
"Chr06_46957264",0,0,0
"Chr06_47120987",0,0,0
"Chr06_47150114",0,0,0
"Chr06_47302337",0,0,0
"Chr06_47368591",0,0,0.0390571869871025
"Chr06_47373636",0,0,0
"Chr06_47485978",0,0,0
"Chr06_47718506",0,0,0
"Chr06_47722548",0,0,0
"Chr06_47798663",0,0,0
"Chr06_47979912",0,0,0
"Chr06_48190332",0,0,0
"Chr06_48208147",0,0,0
"Chr06_48216189",0,0,0
"Chr06_48308932",0,0,0
"Chr06_48316109",0,0,0
"Chr06_48316358",0,0,0
"Chr06_48328609",0,0,0
"Chr06_48328610",0,0,0
"Chr06_48421934",0,0,0
"Chr06_48427563",0,0,0
"Chr06_48489184",0,0,0
"Chr06_48633462",0,0,0
"Chr06_48661238",0,0,0
"Chr06_48798545",0,0,0
"Chr06_48824937",0,0,0
"Chr06_48832806",0,0,0
"Chr06_48864773",0,0,0
"Chr06_48878863",0,0,0
"Chr06_48886064",0,0,0
"Chr06_48939919",0.0288802892160474,0,0
"Chr06_49103262",0.121586576054357,0,0
"Chr06_49187801",0,0,0
"Chr06_49622270",0,0,0
"Chr06_49636795",0,0,0
"Chr06_49647183",0,0,0
"Chr06_49702204",0,0,0
"Chr06_49716783",0,-0.0579210311175775,0
"Chr06_49759103",0,0,0
"Chr06_49838192",0,0,0
"Chr06_49874943",0,0,0
"Chr06_49881242",0.0465861427100047,0,0
"Chr06_50099178",0,0,0
"Chr06_50176071",0,0,0
"Chr06_50176183",0,0,0
"Chr06_50239584",0,0,0
"Chr06_50403913",0,-0.170442434561036,0
"Chr06_50516211",0,0,0
"Chr06_50662339",0,0,0
"Chr06_50675116",0,0,0
"Chr06_50692752",0,0,0
"Chr06_50712677",0,0,0
"Chr06_50820640",0,0,0
"Chr06_50837734",0,0,0
"Chr06_50891390",0,0,0
"Chr06_50925012",0,0,0
"Chr06_51191643",0,0,0
"Chr07_00131081",0,0,0
"Chr07_00157553",0,0,0
"Chr07_00213855",0,0,0
"Chr07_00295307",0,0,0
"Chr07_00593768",0.0568487637744493,0,0
"Chr07_00729453",0,0,0
"Chr07_00773171",0,0,0
"Chr07_00807842",0,0,0
"Chr07_00913047",0.173537463895692,0,0
"Chr07_00964140",0,0,0
"Chr07_01026529",0,0,0
"Chr07_01141385",0,0,0
"Chr07_01143062",-0.0108693705988388,0,0
"Chr07_01317505",0,0,0
"Chr07_01477283",0,-0.103185691772295,0
"Chr07_01566946",0,0,0
"Chr07_01635742",0,0,0
"Chr07_02087817",0,0,0
"Chr07_02109961",0,0,0
"Chr07_02565414",0,0,0
"Chr07_02603430",0,0,0
"Chr07_02796097",0,0,0
"Chr07_02799102",0,0,0
"Chr07_03014563",0,0,0
"Chr07_03469480",0,0,0
"Chr07_03819450",0,0,0
"Chr07_03820453",0,0,0
"Chr07_03923708",0,0,0
"Chr07_03926429",0,0,0
"Chr07_03950367",0,0,0
"Chr07_04020852",0,0,-0.278290477819999
"Chr07_04218843",0,0.0369738380728794,0
"Chr07_04434855",0,0,0
"Chr07_04470543",0,0,0
"Chr07_04493410",0,0,0
"Chr07_04506012",0,0,0.14098381120923
"Chr07_04537578",0,0,0
"Chr07_04582816",0,0,0
"Chr07_04594835",0,0,0
"Chr07_04827582",0.0752932822862906,0,0
"Chr07_04850218",0,0,0
"Chr07_04875776",0,0,0.170840151030989
"Chr07_04887375",0.266438014880164,0,0
"Chr07_04894900",0,0,0
"Chr07_04903051",0,0,0
"Chr07_04940869",0,0.0459713753848742,0
"Chr07_04952909",0,0,0
"Chr07_04957283",0,0,0
"Chr07_04972534",0,0.276017064410468,0
"Chr07_05005017",0,0,0
"Chr07_05054979",0,0,0
"Chr07_05098677",0,0,0
"Chr07_05099498",0,0,0
"Chr07_05106661",0,0,0
"Chr07_05168324",0,-0.577713212347061,0
"Chr07_05179590",0,0,0
"Chr07_05196214",0,0,0
"Chr07_05222881",0,0,0
"Chr07_05264314",0,0,0
"Chr07_05415848",0,0,0
"Chr07_05417577",0,0,0
"Chr07_05427810",0,0,0
"Chr07_05508695",0,0,0
"Chr07_05774162",0,0,0
"Chr07_05806334",0,0,0
"Chr07_05916681",0,0,0
"Chr07_05933170",0,0,0
"Chr07_05936788",0,0,0
"Chr07_05943477",0,0,0
"Chr07_06000190",0,0,0
"Chr07_06006066",0,0,0
"Chr07_06046423",0,0.175879628775355,0
"Chr07_06094699",0,0,0
"Chr07_06209653",0,0,0
"Chr07_06210330",0,0,0
"Chr07_06253187",0,0,0
"Chr07_06257325",0,0,0
"Chr07_06349738",0,0,0
"Chr07_06396010",0,0,0
"Chr07_06452078",0,0,0
"Chr07_06602642",0,0,0
"Chr07_06654852",0,0,0
"Chr07_06679299",0,0,0
"Chr07_06718185",0,0,-0.182845969588577
"Chr07_06720149",0,0,0
"Chr07_06756318",0,0,0
"Chr07_06919872",0,0,0
"Chr07_06947899",0,0,0
"Chr07_06958890",-0.109401247647227,0,0
"Chr07_06985605",0,0,0
"Chr07_07024929",0,0,0
"Chr07_07026019",0,0,0
"Chr07_07027997",0,0,0
"Chr07_07067807",0,0,0
"Chr07_07131909",0,0,0
"Chr07_07134906",0,0,0.0511837244731076
"Chr07_07154405",0,0,0
"Chr07_07227654",0,0,0
"Chr07_07261463",0,0,0
"Chr07_07353442",0,0,0
"Chr07_07362321",0,0,0
"Chr07_07469587",0,0,0
"Chr07_07477081",0,0,0
"Chr07_07586339",0,0,-0.137632779435198
"Chr07_07621996",0,0,0
"Chr07_07627367",0,0,0
"Chr07_07627483",0,0.265829237555674,0
"Chr07_07883960",0,0,0
"Chr07_07934736",0,0,0
"Chr07_08026084",0,0,0
"Chr07_08189219",0,0,0
"Chr07_08229872",0,0,0
"Chr07_08339149",0,0,0
"Chr07_08363659",0,0,0
"Chr07_08461073",0,0,0
"Chr07_08469389",0,0,0
"Chr07_08471414",0,0,0
"Chr07_08483064",0,0,0
"Chr07_08567325",0,0,0
"Chr07_08630349",0,0,0.0580336354986174
"Chr07_08687477",0,0,0
"Chr07_08762794",0,-0.0144996346945967,0
"Chr07_08787708",0.0693551829525484,0,0
"Chr07_08937673",0,0,0
"Chr07_09033446",0,0,0
"Chr07_09070782",0,0,0
"Chr07_09087453",0,0,0
"Chr07_09168892",0,0,0
"Chr07_09193568",0,0,0.0749811596057212
"Chr07_09234837",0,0,-0.22129299452446
"Chr07_09294030",0,0,0
"Chr07_09559678",0,0,0
"Chr07_09572590",0,0,0
"Chr07_09600730",0,0,0
"Chr07_09691521",0,0,0
"Chr07_10103866",0,0,0
"Chr07_10346417",0,0,0
"Chr07_10652759",0,0,0
"Chr07_11667659",0.35243222251217,0,0
"Chr07_11943836",0,0,0
"Chr07_13502117",0,0,0
"Chr07_13934061",0,0,0
"Chr07_14878095",0,0,0
"Chr07_15188727",0,0,0
"Chr07_15357774",0,0,0
"Chr07_15582880",0,0,0
"Chr07_15653141",0,0,0
"Chr07_15709665",-0.0291516155144449,0,0
"Chr07_15715564",0,0,0
"Chr07_15836834",0,0,0
"Chr07_16022430",0,0,0
"Chr07_16045768",-0.0289708084412612,0,0
"Chr07_16185977",0,0,0
"Chr07_16546486",0,0,0
"Chr07_17286160",0,0,0
"Chr07_17743403",0,0,0
"Chr07_17985883",0,0,0
"Chr07_18001700",0,0,0
"Chr07_18256917",0,0,0
"Chr07_18356097",0,0,0
"Chr07_18379806",0,0,0
"Chr07_18794282",0,0,0
"Chr07_21493971",0,-0.0356757603442358,0
"Chr07_22762239",0,0,0
"Chr07_23347322",0,0,0
"Chr07_24323940",0,0,0
"Chr07_26482469",0,0,0
"Chr07_26930922",0,0,0
"Chr07_27938608",0,0,0
"Chr07_31216694",0,0,0
"Chr07_32271897",0,0,0
"Chr07_33919148",0,0,0
"Chr07_34053615",0,0,0
"Chr07_34180096",0,0,0
"Chr07_34646326",0,0,0
"Chr07_35137034",0,0,0
"Chr07_35216096",0,0,0
"Chr07_35397947",0,0,0
"Chr07_35729523",0,0,0
"Chr07_36482812",0,0,0
"Chr07_36544601",0,0,-0.211238235332914
"Chr07_36550113",0,0,0
"Chr07_36643555",0,0,0
"Chr07_37141924",0,0,0
"Chr07_37392184",0,0,0
"Chr07_38077107",0,0,0
"Chr07_38184109",0,0,0
"Chr07_38288506",0,0,0
"Chr07_38488263",0,0,0
"Chr07_38602221",0,0,0
"Chr07_39018573",0,0,0
"Chr07_39738025",0,0,0
"Chr07_40551553",0,-0.143071319300521,0
"Chr07_42378779",0,0,0
"Chr07_42502993",0,0,0
"Chr07_42586748",0,0,0
"Chr07_42730177",0,0,0
"Chr07_42897450",0,0,0
"Chr07_42940465",0,0,0
"Chr07_43679938",0,0,0
"Chr08_00888019",0,0,0
"Chr08_00941760",0,0,0
"Chr08_01077992",0,0,0
"Chr08_01890031",0,0,0
"Chr08_01922330",0,0,0
"Chr08_02073669",0,0,0
"Chr08_02232329",0,0,0
"Chr08_02357389",0,-0.143751924583764,0
"Chr08_02648402",0,0,0
"Chr08_02790365",0,0,0
"Chr08_03058773",0,0,0
"Chr08_03379168",0,0,0
"Chr08_03522724",0,0,0
"Chr08_03527127",0,0,0
"Chr08_03697695",0,0,0
"Chr08_03759688",0,-0.299934997770724,0
"Chr08_03816547",0,0,-0.0670009952131519
"Chr08_04476788",0,0,0
"Chr08_05133088",0,0,0
"Chr08_05328562",0.0201666389972656,0,0
"Chr08_05752071",0,0,0
"Chr08_05825377",0,0,0
"Chr08_06124047",0,0,0
"Chr08_06243057",0,0,0
"Chr08_06583984",0.0254540401914398,0,0
"Chr08_06597057",0,0,-0.142451866309206
"Chr08_06875428",0,0,0
"Chr08_07478545",0,0,0
"Chr08_07721758",0,0,0
"Chr08_07775824",0,0,0
"Chr08_07913446",0,0,0
"Chr08_07978093",0,0,0
"Chr08_08005239",0,0,0.00520181027620699
"Chr08_08036351",0,-0.268105279485546,0
"Chr08_08046502",0,0,-0.051077274245736
"Chr08_08092329",0,0,0
"Chr08_08357665",0,0,0
"Chr08_08779953",0,0,0
"Chr08_08915892",0,0,0
"Chr08_09062894",0,0,0
"Chr08_09063387",0,0,0
"Chr08_09130588",0,0,0
"Chr08_09223787",0,0,0
"Chr08_09244998",0,0,0
"Chr08_09283001",0,0,0
"Chr08_09436099",0,0,0
"Chr08_09460524",0,0,0
"Chr08_09528012",0,0,0
"Chr08_09529915",0,0,0
"Chr08_09591339",0,0,0
"Chr08_09641232",0,0,0
"Chr08_09679001",0,0.0436065986949055,0
"Chr08_09754602",0,0,0
"Chr08_09786177",0,0,0
"Chr08_09877278",0,0,0
"Chr08_09893571",0,0,0
"Chr08_09915318",0,0,0
"Chr08_10396712",0,0,0
"Chr08_10523760",0,0,0
"Chr08_10542225",0,0,0
"Chr08_10623313",0,0,0
"Chr08_10705825",0,0,0
"Chr08_11015833",0.0670248986991148,0,0
"Chr08_11177430",0,0,0
"Chr08_11233165",0,0,0
"Chr08_11237644",0,0,0
"Chr08_11269954",0,0,0
"Chr08_11448488",0,0,0
"Chr08_11499453",0,0.214797315206791,0
"Chr08_11897202",0,0,0
"Chr08_11921646",0,0,0
"Chr08_12206137",0,0,0
"Chr08_12448487",0,0,0
"Chr08_13299346",0,0,0
"Chr08_13304872",-0.0964569889408334,0,0
"Chr08_13715120",0,0,0
"Chr08_13922305",0,0,0
"Chr08_13935910",0,0,0
"Chr08_13937871",0,0,0
"Chr08_14037677",0,0,0
"Chr08_14123195",0,0,0
"Chr08_14180816",0,0,0
"Chr08_14201343",0,0,0
"Chr08_14234785",0,0,0
"Chr08_14306348",0,0,0
"Chr08_14331342",0,0,0
"Chr08_14436911",0,0,0
"Chr08_14535593",0,0,0
"Chr08_14573727",0,0,0
"Chr08_14611043",0,0,0
"Chr08_14879155",0,0,0.146184817326519
"Chr08_15137549",0,0,0
"Chr08_15200693",0.0902284291061797,0,0
"Chr08_15240451",0,0,0
"Chr08_15503836",0,0,0
"Chr08_15524774",0,0,0
"Chr08_15698863",0,0,-0.0436056125217878
"Chr08_16387334",0,0,0
"Chr08_16451124",0,0,0
"Chr08_16615325",0,0,0
"Chr08_17151983",0,0,0
"Chr08_17159893",0,0,0
"Chr08_17191673",0,0,0
"Chr08_17200929",0,0,0
"Chr08_17338410",0,0,0
"Chr08_17353197",0,0,0
"Chr08_17477170",0,0,0
"Chr08_17492373",0,0,0
"Chr08_17601805",0,0,0
"Chr08_17815397",-0.19913254258991,0,0
"Chr08_18032262",0,0,0
"Chr08_18120518",0,0,-0.0502353916107066
"Chr08_18160070",0,0,0
"Chr08_18208751",0,0,0
"Chr08_18299592",0,0,0
"Chr08_18547641",0,0,0
"Chr08_19016861",0,0,0
"Chr08_19193684",0,0,0
"Chr08_20201703",0,0,0
"Chr08_20467887",0,0,0
"Chr08_20568985",0,0,0
"Chr08_20805867",0,0,0
"Chr08_21363660",0,0,0
"Chr08_21802881",0,0,0
"Chr08_21887535",0,0,0
"Chr08_21936092",0,0,0
"Chr08_22039467",0,-0.0956115590702431,0
"Chr08_23116360",0,0,0
"Chr08_23162195",0,0,0
"Chr08_23176597",-0.00534610460450606,0,0
"Chr08_23454044",0,0,0
"Chr08_28263485",0,0,0
"Chr08_28339503",0.196425211070855,0,0
"Chr08_29524964",0,0,0
"Chr08_31557175",0,0,0
"Chr08_35354934",0,0,0
"Chr08_35558691",0,0,0
"Chr08_35571112",0,0,0
"Chr08_35618035",0,0,0
"Chr08_35723743",0,0,0
"Chr08_36177047",0,0,0
"Chr08_36604411",0,0,0
"Chr08_36688404",0,0,0
"Chr08_36811708",0,0,0
"Chr08_39411234",0,0,0
"Chr08_39472100",0,0,0
"Chr08_39586647",0,0,0
"Chr08_40010196",0,0,0
"Chr08_40932515",-0.0107660470521082,0,0
"Chr08_40934624",0,0,0
"Chr08_41000926",0,0,0
"Chr08_41658502",0,0,0
"Chr08_41699759",0,0,0
"Chr08_41715805",0,0,0
"Chr08_41796986",0,0,0
"Chr08_41975184",0,0,0
"Chr08_42001462",0,0,0
"Chr08_42092741",0,0,0
"Chr08_42482508",0,0,0
"Chr08_42482813",0,0.0023169224573634,0
"Chr08_42537516",0,0,0
"Chr08_42557005",0.169806987863712,0,0
"Chr08_42641580",0,0,-0.296233221929186
"Chr08_42850756",0,0,0
"Chr08_42867439",0,0,0
"Chr08_43008908",0,0,0.279850309823776
"Chr08_43245360",0,0,0
"Chr08_43490390",0,0,0
"Chr08_43530107",0,0,0
"Chr08_43568272",0,0,0
"Chr08_43583706",0,0,0
"Chr08_43596807",0,0,0
"Chr08_43653698",0,0,0
"Chr08_43675791",0,0,0
"Chr08_43779016",0,0,0
"Chr08_43824493",0,0,0
"Chr08_43861036",0,0,0
"Chr08_43877730",0,-0.0483432496649566,0
"Chr08_43905209",0,-0.0111203002403959,0
"Chr08_43961107",0,0,0
"Chr08_43963426",0,0,0
"Chr08_43972857",0,0.496436801012422,0
"Chr08_43994438",0,0,0
"Chr08_44025939",0,0,0.0672418607424028
"Chr08_44070858",0,0,0
"Chr08_44418008",0,0,0
"Chr08_45108046",0,0,0
"Chr08_45181255",0,0,0
"Chr08_45298536",0,0,0
"Chr08_45344107",0,0,0
"Chr08_45401536",0,0,0
"Chr08_45401975",0,0,0
"Chr08_45403798",0,0,0
"Chr08_45913521",0,0,0
"Chr08_46069852",0,0,0
"Chr08_46248942",0,0,0
"Chr08_46314399",0,0,0
"Chr08_46777602",0,0,0
"Chr08_46783731",0,0,0
"Chr08_47591246",0,0,0
"Chr09_00008230",0,0,0
"Chr09_00351017",0,0,0
"Chr09_00686841",0,0,0
"Chr09_00792630",0,0,0
"Chr09_01051488",0,0,0
"Chr09_01150699",0,0,0
"Chr09_01272051",0,0,0
"Chr09_01298000",0,0,0
"Chr09_01443052",0,0,0
"Chr09_01469421",0,0,0
"Chr09_01483100",0,0,0
"Chr09_01528641",0,0,0
"Chr09_01554560",0,0,0
"Chr09_01591094",0,0,0
"Chr09_01706763",0,0,0
"Chr09_01828369",0,0,-0.0114663242756439
"Chr09_02054872",0.00703400958088844,0,0
"Chr09_02176727",0,0,0
"Chr09_02382121",0,0,0
"Chr09_02488631",0,0.10867392470677,0
"Chr09_02676022",0,0,0
"Chr09_02731158",0,0,0
"Chr09_02855974",0,0,0
"Chr09_02957215",0,0,0
"Chr09_03251850",0,0,0
"Chr09_03494396",0,0,0
"Chr09_03630848",-0.119808262717561,0,0
"Chr09_04167836",0,0,0
"Chr09_04368124",0,0,0
"Chr09_04433249",0,0,0
"Chr09_04449668",0,0,-0.231671373405813
"Chr09_04485902",0,0,0
"Chr09_04729339",0,0,0
"Chr09_05062078",0,0,0
"Chr09_05111721",0,0,0
"Chr09_05335434",0,0,0.0972950362934666
"Chr09_05338938",0,0,0
"Chr09_05431623",0,0,0
"Chr09_05575823",0,0,0
"Chr09_05787574",0,0,0
"Chr09_05871584",0,0,0
"Chr09_06004001",0,0,0
"Chr09_06017474",0,0,0
"Chr09_06070614",0,0,0
"Chr09_06168760",0,0,0
"Chr09_06217649",0,0,0
"Chr09_06997056",0,0,0
"Chr09_08085471",-0.0296201002455618,0,0
"Chr09_09431089",0,0,0
"Chr09_11023902",0,0,0
"Chr09_12400317",0,0,0
"Chr09_12887701",0,0,0
"Chr09_13523122",0,0,0
"Chr09_14177203",0,0,0
"Chr09_17084395",0,0,0
"Chr09_17838136",0,0,0
"Chr09_19208463",0,0,-0.0735038894691969
"Chr09_22328586",0,0.0646457640986594,0
"Chr09_28165871",0,0,0
"Chr09_28426149",0,0,0
"Chr09_29149086",0,0,0
"Chr09_29189101",0,-0.0870927582053135,0
"Chr09_31085428",-0.0152853816758439,0,0
"Chr09_31685432",0,0,0
"Chr09_31952618",0,0,0
"Chr09_32645702",0,0,0
"Chr09_33277102",0,0,0
"Chr09_34404547",0,0,0
"Chr09_35083804",0,0,0.11567972047247
"Chr09_35274176",0,0,0
"Chr09_36045757",0,-0.0420410938114753,0
"Chr09_36739730",0,0,0
"Chr09_36808871",0,0,0
"Chr09_37020687",0,0,0
"Chr09_37026725",0,0,0
"Chr09_37270483",0,0,-0.318638158159129
"Chr09_37524782",0,0,0
"Chr09_37967289",0,0,0
"Chr09_38004966",0,0,0
"Chr09_38828543",0.0121004285514031,0,0
"Chr09_38861911",0,0,0
"Chr09_38979073",0,-0.0653818652109701,0
"Chr09_38987768",0,0,0
"Chr09_39228839",0.11676659307394,0,0
"Chr09_39229353",0,0,0
"Chr09_39336839",0,0,0
"Chr09_39381423",-0.0454387637494397,0,0
"Chr09_39422725",0,0,0
"Chr09_39879569",0,0,0
"Chr09_40025669",0,0,0
"Chr09_40142926",0,0,0
"Chr09_40239836",0,0,0
"Chr09_40249351",0,0,0
"Chr09_40287831",0,0,0.223832128551889
"Chr09_40358088",0,0,0
"Chr09_40563363",0,0,0
"Chr09_40608359",0,0,0
"Chr09_40755214",0,0,0
"Chr09_40774864",0,0,0
"Chr09_40938038",0,0,0
"Chr09_40977578",0,0,0
"Chr09_41046674",0,0,0
"Chr09_41105263",0,0,0
"Chr09_41194441",0,0,0
"Chr09_41231305",0,0,0
"Chr09_41271193",0.00464557678533506,0,0
"Chr09_41740642",0,0,0
"Chr09_41893485",0,0,0
"Chr09_41921356",0,0,0
"Chr09_41993187",0,0,0
"Chr09_42233290",0,0,0
"Chr09_42252964",0,0,0
"Chr09_42324833",0,0,0
"Chr09_42386543",0,0,0
"Chr09_42795613",0,-0.124950601388271,0
"Chr09_42831527",0,0,0
"Chr09_42901452",0,0,0
"Chr09_42906600",0,0,0
"Chr09_42948618",0,0,0.0752423771912764
"Chr09_42957017",0,0,0
"Chr09_43168720",0,0,0
"Chr09_43181119",0,0,0
"Chr09_43374422",0,0,0
"Chr09_43398636",0,0,0
"Chr09_43439057",0,0,0
"Chr09_43515309",0,0,0
"Chr09_43616796",0,0,0
"Chr09_43646238",0,0,0
"Chr09_43693212",0,0,0
"Chr09_43735262",0,0,0
"Chr09_43759586",0,0,0
"Chr09_43782687",0,0,0
"Chr09_43885348",0,0,0
"Chr09_43990563",0,0,0
"Chr09_44135104",0,0,0
"Chr09_44215431",0,0,0
"Chr09_44424460",0,0,0
"Chr09_44482753",0,0,0
"Chr09_44837052",0,0,0
"Chr09_44896100",0,0,0
"Chr09_44901198",0,0,0
"Chr09_44939456",0,-0.0443227404466685,0
"Chr09_44966320",0,0,0
"Chr09_44973265",0,0,0
"Chr09_45092040",0,0,0.145145278316493
"Chr09_45141620",0,0,0
"Chr09_45149260",0,0,0
"Chr09_45193447",0,0,0
"Chr09_45197599",0,0,0
"Chr09_45217683",0,0,0
"Chr09_45384929",0,0,0
"Chr09_45386166",0.120962078130349,0,0
"Chr09_45400754",0,0.0259349667471196,0
"Chr09_45463745",0,0,0
"Chr09_45466072",0,0,0
"Chr09_45479607",0,0,0
"Chr09_45496824",0,0,0
"Chr09_45647437",0,0,0
"Chr09_46037046",-0.289156860241629,0,0
"Chr09_46070163",0,0,0
"Chr09_46351418",0,0,0
"Chr09_46565619",0,0,0
"Chr09_46679080",0,0,0
"Chr09_46773660",0,0,0
"Chr09_46839651",0,0,0
"Chr09_46873381",0,0,0
"Chr09_46892969",0,0,0
"Chr09_47054570",0,0,0
"Chr09_47142185",0,0.161673356537865,0
"Chr09_47151338",0,0,0
"Chr09_47173039",0,0,0
"Chr09_47342653",0,0,0
"Chr09_47762374",0,0,0
"Chr09_47910783",0,0,0
"Chr09_48157179",0,0,0
"Chr09_48299673",0,0,0
"Chr09_48346698",0,0,0
"Chr09_48466963",0,0,0
"Chr09_48568584",0,0,0
"Chr09_48682039",0,0,0
"Chr09_48830799",0,0.00983383487382519,0
"Chr09_48961986",0,0,0
"Chr09_49034635",0,0,0
"Chr09_49077131",0,0,0
"Chr09_49098119",0,0,0
"Chr09_49161904",0,0,0
"Chr09_49197067",0,0,0
"Chr09_49317342",0,0,0
"Chr09_49412181",0,0,0
"Chr09_49416678",0,0,0
"Chr09_49427218",0,0,0
"Chr09_49454166",0,0,0
"Chr09_49641527",0,0,0
"Chr09_49653102",0,0,0
"Chr09_49835256",0,0,0
"Chr09_49843533",0,0,0
"Chr09_49847623",0,0,0
"Chr09_49863079",0,0,0.127123074819243
"Chr09_49961396",0,0,0
"Chr09_50077643",0,0,0
"Chr10_00010780",0,0,0
"Chr10_00203550",0,0,0
"Chr10_00216711",0,0,0
"Chr10_00450374",0,0,0
"Chr10_00603748",0,0,-0.201252163567293
"Chr10_00656652",0,0,0
"Chr10_00988485",0,0,0
"Chr10_01083362",0,0,0
"Chr10_01146222",0,0,0
"Chr10_01327128",0,0,0
"Chr10_01333704",0,-0.200537982350168,0
"Chr10_01335224",0,0,0
"Chr10_01348530",0,0,0
"Chr10_01380703",0,0,0
"Chr10_01474605",0,0,0
"Chr10_01502050",0,0,-0.0334120933325733
"Chr10_01532795",0,0,0
"Chr10_01590169",0,0,0
"Chr10_01600049",0,-0.0338085707361063,0
"Chr10_01603631",0,0,0
"Chr10_01887051",0,0,0
"Chr10_02009189",0,0,0
"Chr10_02420249",0,0,0
"Chr10_02435051",0,0.150675107414585,0
"Chr10_02497548",0,0,0
"Chr10_02742428",0,0,0
"Chr10_02920156",0,0,0
"Chr10_03004418",0,0,0
"Chr10_03024198",0,0,0
"Chr10_03194685",0,0,0
"Chr10_03248638",0,0,0
"Chr10_03336327",-0.207280519194313,0,0
"Chr10_03388387",0,0,0
"Chr10_03417379",-0.157399592990178,0,0
"Chr10_03566940",0,0,0
"Chr10_03742731",0,0,0
"Chr10_03866417",0,0.239059041564574,0
"Chr10_03920452",0,0,0
"Chr10_03938379",0,0,0
"Chr10_03995619",0,0,-0.0725309319680625
"Chr10_04015862",0,0,0
"Chr10_04016531",0,0,-0.0500051449768721
"Chr10_04019902",0,0,0
"Chr10_04104540",0,0,0
"Chr10_04129335",0,0,0
"Chr10_04218249",0,0,0
"Chr10_04271953",0,0,0
"Chr10_04399974",0.0286113081632939,0,0
"Chr10_04421748",0,0,0
"Chr10_04506704",0.000401667878862356,0,0
"Chr10_04536018",0,0,0
"Chr10_04594642",-0.117501909688557,0,0
"Chr10_04629834",0,0,0
"Chr10_04641991",0,0,0
"Chr10_04755247",0,0,0
"Chr10_04785367",0,0,0
"Chr10_04890461",0,0,0
"Chr10_05054189",0,0,0
"Chr10_05848594",0,0,0
"Chr10_06196008",0,0,0
"Chr10_06247231",0,0,0
"Chr10_06283918",0,0,0
"Chr10_06402093",0,0,0
"Chr10_06403418",0,0,0
"Chr10_06606871",0,0.294230242660032,0
"Chr10_06619149",0,0,0
"Chr10_06626556",0,0,0
"Chr10_06627443",0,0,0.0719537638883558
"Chr10_07054940",0,0,-0.0815720302241797
"Chr10_07251538",0,0,0
"Chr10_07252239",0,0.430197950705172,0
"Chr10_07258634",0,0,-0.235411589424148
"Chr10_07659140",0.161979213883323,0,0
"Chr10_07708524",0,0,0
"Chr10_07888062",0,0,0
"Chr10_09507978",0,0,0
"Chr10_10165465",0,0,0
"Chr10_10360744",0,0,0
"Chr10_11760191",0,0,0
"Chr10_11834564",0,0,0
"Chr10_11937778",0,0,0
"Chr10_12643614",0,0,0
"Chr10_12753177",0,0,0
"Chr10_12833462",0,0,0
"Chr10_13065469",0,0,0
"Chr10_13370543",0,0,0
"Chr10_14654286",0,0,0
"Chr10_14815942",0,0,0
"Chr10_16729449",0,0,0
"Chr10_18206527",0,0,0
"Chr10_19765250",0,0,0
"Chr10_20182917",0,-0.223728319272453,0
"Chr10_20330202",0,0,0
"Chr10_21052452",-0.405537233784607,0,0
"Chr10_22144252",0,0,0
"Chr10_22276596",0,0,0
"Chr10_22658780",0,0,0
"Chr10_22723270",0,0,0
"Chr10_22752723",0,0,0
"Chr10_22777683",0,0,0
"Chr10_23277577",0,0,0
"Chr10_24078349",0,0,0
"Chr10_24665427",0,0,0
"Chr10_25585398",0,0,0
"Chr10_26674508",0,0,0
"Chr10_27180569",0,0,0
"Chr10_27714279",0,0,0
"Chr10_27871269",0,0,0
"Chr10_28675598",0,0,0
"Chr10_29163783",0,0,0
"Chr10_30055639",0,0,0
"Chr10_30713902",0,0,0
"Chr10_30914007",0,0,0
"Chr10_31186577",0,0,0
"Chr10_33765011",0,-0.208167203295573,0
"Chr10_34760937",0,0,0
"Chr10_35389979",0,0,0
"Chr10_35434992",0,0,0
"Chr10_35446306",0,0,0
"Chr10_35531781",0,0,0
"Chr10_35750187",0,0,0
"Chr10_36282859",0,0,0
"Chr10_36690630",0,0,0
"Chr10_37226264",0,0,0
"Chr10_37244284",0,0,0
"Chr10_37464944",0,0,0
"Chr10_37484750",0,0,0
"Chr10_38018581",0,0,0
"Chr10_38066111",0,0,0
"Chr10_38457382",0,0,0
"Chr10_38682379",0,0,0
"Chr10_38721182",0,0.320204248359792,0
"Chr10_38753114",0,0,0
"Chr10_38946939",0,0,0
"Chr10_39078264",0,0,0
"Chr10_39207357",0,0,0
"Chr10_39229722",0,0,0
"Chr10_39240560",0,0,0
"Chr10_39391730",0,0,0
"Chr10_39448408",0,0,0
"Chr10_39574876",0,0,0
"Chr10_39783843",0,0,0
"Chr10_40023476",0,0,0
"Chr10_40069713",0,0,0
"Chr10_40109897",0,0,0
"Chr10_40772208",0,0,0
"Chr10_40815842",0,0,0
"Chr10_40825446",0,0,0
"Chr10_41163023",0,0,0
"Chr10_41293730",0,0,0
"Chr10_41480553",0,0,0
"Chr10_41531313",0,0,0
"Chr10_41579578",0,0,0
"Chr10_41585774",0,0,-0.144718138456186
"Chr10_41962432",-0.0424218976431417,0,0
"Chr10_42115373",0,0,0
"Chr10_42151403",0,0,0
"Chr10_42814121",0,0,0
"Chr10_42882284",0,0,0
"Chr10_42941941",0.0392095376989639,0,0
"Chr10_42974254",0,0,0
"Chr10_42999986",0,0,0
"Chr10_43689908",0,0,0
"Chr10_44333009",0,0,0
"Chr10_44408413",0,0,0
"Chr10_44663791",0,0,0
"Chr10_44859256",0,0,0
"Chr10_44958305",0,0,0
"Chr10_46207763",0,0,0
"Chr10_46438569",0.14053419173789,0,0
"Chr10_46544217",0,-0.0292685145521176,0
"Chr10_46704894",0,0,0
"Chr10_47208298",0,0,0
"Chr10_47218929",0,0,0
"Chr10_47243262",0,0,0
"Chr10_47384837",0,0,0
"Chr10_47733309",0,0,0
"Chr10_47746850",0,0,-0.00772229123579587
"Chr10_48303763",0,0,0
"Chr10_48320772",0,0,0
"Chr10_48360649",0,0,0
"Chr10_48361583",0,0,0
"Chr10_48369966",0,0,0
"Chr10_48393799",0,0,0
"Chr10_48530640",0,0,0
"Chr10_48550010",0,0,0
"Chr10_48668636",0,0,0
"Chr10_48713269",0,0,0
"Chr10_48820799",0,0,-0.00576465163902968
"Chr10_48825847",0,0,0
"Chr10_48891202",0,0,0
"Chr10_48971251",0,0,0
"Chr10_49551241",0,0,0
"Chr10_49710674",0,0,0
"Chr10_50003087",0,0,0
"Chr10_50221568",0,0,0
"Chr10_50625646",0,0,0
"Chr10_50694562",0,0,0
"Chr10_50923092",0,0,0
"Chr10_50935255",0,0,0
"Chr11_00211906",0,0,0
"Chr11_00548817",0,0,0
"Chr11_00579682",0,0,0
"Chr11_00617861",0,0,0.113159241339717
"Chr11_00798054",0,0,0
"Chr11_00981805",0,0,0
"Chr11_01025096",0,0,-0.0817057498224614
"Chr11_01053817",0,0,0
"Chr11_01099535",0,0,0
"Chr11_01212659",0,0,0
"Chr11_01287720",0,0,0
"Chr11_01548730",0,0,0
"Chr11_01696659",0,0,0
"Chr11_01717219",0,0,0
"Chr11_01867928",0,0,0
"Chr11_01924848",0,0,0
"Chr11_01957116",0,0,0
"Chr11_01988883",0,0,0
"Chr11_02116338",0,0,0
"Chr11_02283914",-0.030972790074182,0,0
"Chr11_02326030",0,0,0
"Chr11_02594609",0,0,0
"Chr11_02612587",0,0,0
"Chr11_02677716",0,0,0
"Chr11_03319110",0,0,0
"Chr11_03354850",0,0,0
"Chr11_03650452",0,0,0
"Chr11_03684098",0,0,0
"Chr11_03714130",0,0,0
"Chr11_03720287",0,0,-0.0476150950144743
"Chr11_03816967",0,0,0
"Chr11_03935871",0,0,0
"Chr11_04368030",0,0,0
"Chr11_04398990",0,0,0
"Chr11_04445396",0,0,0
"Chr11_04459664",0,0,0
"Chr11_04495196",0,0,0
"Chr11_04544448",0,0,0
"Chr11_04559534",0,0,0
"Chr11_04563763",0,0,0
"Chr11_04632928",0,0,0
"Chr11_04649485",0,0,0
"Chr11_04663372",0,0,0
"Chr11_04733497",0,0,0
"Chr11_04836540",0,0,0
"Chr11_04849215",0,0,0
"Chr11_04861686",0,0,0
"Chr11_04906739",0,0,0
"Chr11_04907358",0,0,0
"Chr11_05005960",0,0,0
"Chr11_05045080",0,0,0
"Chr11_05080411",0,0,0
"Chr11_05088637",0,0,0
"Chr11_05469064",0,0.067657584912275,0
"Chr11_05531075",0,0,0
"Chr11_05728476",0,0,0
"Chr11_05728507",0,0,0
"Chr11_05874781",0,0,0
"Chr11_05902088",0,0,0
"Chr11_06269576",0,0,0
"Chr11_06450078",0,0,0
"Chr11_06789257",0,0,0
"Chr11_06919120",0,0,0
"Chr11_06964895",0,0.04697354324487,0
"Chr11_07111113",0,0,0
"Chr11_07332795",0,0,0
"Chr11_07366941",0,0,0
"Chr11_07378621",0,0,0
"Chr11_07386294",0,0,0
"Chr11_07426123",0,0,0
"Chr11_07552650",0,0,-0.068724936317407
"Chr11_07976088",0,0,0
"Chr11_07998475",0,0,0
"Chr11_07998911",0,0,0
"Chr11_08159001",0,0.0611492363408654,0
"Chr11_08165654",0,0,0
"Chr11_08169476",0,0,0
"Chr11_08260388",0,0,0
"Chr11_08321907",0.0577361587401219,0,0
"Chr11_08340182",0,0,0
"Chr11_08395226",0,0,0
"Chr11_08625862",0,0,0
"Chr11_08681333",0,0,0
"Chr11_08775694",0,0,0
"Chr11_08866178",0,0,0
"Chr11_08915809",0,0,0
"Chr11_08954766",0,0,0
"Chr11_08978047",0,0,0
"Chr11_09035977",-0.143415674099262,0,0
"Chr11_09061735",0,-0.0416383554620893,0
"Chr11_09255727",0,0,0
"Chr11_09350619",0,0.0320250977790018,0
"Chr11_09402000",0,0,0
"Chr11_09547349",0,0,0
"Chr11_09686593",0,0,0
"Chr11_09735485",-0.10650853368849,0,0
"Chr11_09936899",0,0,0
"Chr11_09938996",0,0,0
"Chr11_10273795",0,0,0
"Chr11_10717057",0,0,0
"Chr11_10866891",0,0,0
"Chr11_10948661",0,0,0
"Chr11_11183062",0,0,0
"Chr11_11262647",0,0,0
"Chr11_11328416",0,0,0
"Chr11_11430542",0,0,0
"Chr11_11431674",0,0,0
"Chr11_12321364",0,0,0
"Chr11_12812205",0,0,0
"Chr11_13821913",0,0,0
"Chr11_14978608",0,0,0
"Chr11_15030749",0,0,0
"Chr11_15170220",0,0,0
"Chr11_15554832",0,0,0
"Chr11_15727178",0,0,0
"Chr11_16573882",0,0,-0.2396643454497
"Chr11_16825380",0,0,0
"Chr11_17166640",0,0,0
"Chr11_17806481",0,0,0
"Chr11_18556365",0,0,0
"Chr11_18679228",0,0,0
"Chr11_18715834",0,0,0
"Chr11_18787369",0,-0.148069869983524,0
"Chr11_19013036",0,0,0
"Chr11_19145502",0,0,-0.148036028857675
"Chr11_22125943",0,0,0
"Chr11_23993545",0,0,0
"Chr11_24076535",0,0,0
"Chr11_24381197",0,0,0
"Chr11_24409540",0,0,0
"Chr11_25031036",0,0,0
"Chr11_25048736",0,-0.0632042196161051,0
"Chr11_25071781",0,0,0
"Chr11_25258210",0,0,0
"Chr11_25448477",0,0,0
"Chr11_25745295",0,0,-0.0856557245775996
"Chr11_26006576",0,0,0
"Chr11_26043578",0,0,0
"Chr11_26067361",0,0,0
"Chr11_26135677",0,0.0611310316360604,0
"Chr11_26206942",0,0,0
"Chr11_26237844",0,0,0
"Chr11_26407016",0,0,0
"Chr11_26488410",0,0,0
"Chr11_26535561",0,0,0
"Chr11_26751203",-0.0660482129166027,0,0
"Chr11_27749096",0,0,0
"Chr11_27782720",0,0,0
"Chr11_27918758",0,0,0
"Chr11_28010738",0,0,0
"Chr11_28165448",0.223381319303608,0,0
"Chr11_28367091",0,0,0
"Chr11_28389205",0,0,0
"Chr11_28817845",0,0,0
"Chr11_29273111",0,0,0
"Chr11_29668686",0,-0.138743226856941,0
"Chr11_29719378",0,0,0
"Chr11_30551048",0,0,0
"Chr11_30732647",0,0,0
"Chr11_30855960",0,0,0
"Chr11_30860195",0,0,0.101289909365279
"Chr11_31449975",0,0,0
"Chr11_31646998",0,0,0
"Chr11_31715084",0,0,0
"Chr11_31813089",-0.272014462595636,0,0
"Chr11_31970157",0,0,0
"Chr11_32084324",0,0,0
"Chr11_32147926",0.03457189443027,0,0
"Chr11_32225634",0,0,0
"Chr11_32433567",0,0,0
"Chr11_32587813",0,0,0
"Chr11_32652063",0,0,0
"Chr11_32706684",0,0,0
"Chr11_32771655",0,0,-0.231776178109174
"Chr11_32808644",0,0,0
"Chr11_33235569",0,0,0
"Chr11_33388016",0,0,0
"Chr11_33424346",0,0,0
"Chr11_33521042",0,0,0
"Chr11_33521707",0,0,0
"Chr11_33635932",-0.0468285912075718,0,0
"Chr11_33725185",0,0,0
"Chr11_33790748",0,0,0
"Chr11_33895674",0,0,0
"Chr11_34015673",0,0,0
"Chr11_34028178",0,0,0
"Chr11_34079684",0,0,0
"Chr11_34157335",0,0,0
"Chr11_34159989",0,0,0
"Chr11_34194914",0,0,0
"Chr11_34206356",0,0,0
"Chr11_34263354",0,0,0
"Chr11_34263495",0,0,0.0264200260878539
"Chr11_34298561",0,0,0
"Chr11_34349814",0,0,0
"Chr11_34411329",0,0,0
"Chr11_34411427",0,0,0
"Chr11_34452927",0,-0.0298563229168651,0
"Chr11_34502729",0,0,0
"Chr11_34531167",-0.0402756031668195,0,0
"Chr12_00395024",0,0,0
"Chr12_00400242",0,0,0
"Chr12_00423132",0,0,0
"Chr12_00560183",0,0,0
"Chr12_00570437",0,0,0.274587597936558
"Chr12_00633025",0,0,0
"Chr12_00779597",0,0,0
"Chr12_00887862",0,0,0
"Chr12_00942724",0,0,0
"Chr12_01079911",0,0,0
"Chr12_01080561",0,0,0
"Chr12_01210662",0,0,0
"Chr12_01213098",0,0,-0.0416246614544133
"Chr12_01253028",0,0,0
"Chr12_01282179",0,0,0
"Chr12_01290967",0,0,0
"Chr12_01608174",-0.151437328884749,0,0
"Chr12_01659477",0,0,0
"Chr12_01777676",0,0,0.162472747726488
"Chr12_01853757",0,0,0
"Chr12_02118314",0.0057307538432862,0,0
"Chr12_02537370",0,0,0
"Chr12_02804280",0,0,0
"Chr12_02988309",0,0,0
"Chr12_03149939",0,0,0
"Chr12_03218421",0,0,0
"Chr12_03304815",0,0,0
"Chr12_03464150",0,0,0
"Chr12_03517661",0,0,0
"Chr12_03560677",0,0,0
"Chr12_03666153",0,0,0
"Chr12_03726236",0,0,-0.0504688572525481
"Chr12_03730217",0,0,0
"Chr12_03852630",0,0,0
"Chr12_03866019",0,0,0
"Chr12_03867266",0,0,0
"Chr12_03910343",0,0,0
"Chr12_04006731",0,0,0
"Chr12_04287071",0,0,-0.0737246040342366
"Chr12_04355863",0,0.253546308124551,0
"Chr12_04556686",0,0,0.121003527188204
"Chr12_04574235",0,0,0
"Chr12_04601393",0,0,0
"Chr12_04644855",0,0,0
"Chr12_04677081",0,0,0
"Chr12_04703092",0,0,0
"Chr12_04734365",0,0,0
"Chr12_04749125",0,0,0
"Chr12_04781283",0,0,0
"Chr12_05241843",0,0,0
"Chr12_05268271",0,0,0
"Chr12_05281813",0,0,0
"Chr12_05298444",0,0,0
"Chr12_05334856",0,0,0
"Chr12_05454875",0,0,0
"Chr12_05548256",-0.0322859519396056,0,0
"Chr12_05563039",0,0,0
"Chr12_05701149",0,0,0
"Chr12_05711546",0,0,0
"Chr12_05777732",0,0,0
"Chr12_05828056",0,0,0
"Chr12_06082251",0,0,0
"Chr12_06158308",0,0,0
"Chr12_06225046",0,0,0
"Chr12_06258277",0,0,0
"Chr12_06292197",0,0,0
"Chr12_06409247",0,0,0
"Chr12_06640566",0,0,0
"Chr12_06669929",0,0,0
"Chr12_06745990",0,0,0
"Chr12_06748239",0,0,0
"Chr12_06840159",0,0,0
"Chr12_06881977",0,0,0
"Chr12_06882711",0,0,0
"Chr12_06918336",0,0,0
"Chr12_07602372",0,0,0
"Chr12_07662301",0,0,0
"Chr12_07838326",0,0,0
"Chr12_07844080",0,0,0
"Chr12_07856138",0,0,0
"Chr12_07939677",0,-0.0447763042562552,0
"Chr12_07973773",0,0,0
"Chr12_08004903",0,0.00379066401681575,0
"Chr12_08032155",0,0,0
"Chr12_08052030",0,0,0
"Chr12_08190120",0,0,0
"Chr12_08324249",0,0,0
"Chr12_08613249",0,0,0
"Chr12_08956079",0,0,0
"Chr12_09180903",0.00386539438429252,0,0
"Chr12_09741940",0,0,0
"Chr12_09851764",0,0,0
"Chr12_09976231",0,0,0
"Chr12_10116320",0.0222990541084338,0,0
"Chr12_11109989",0,0,0
"Chr12_11257472",0,0,0
"Chr12_11296522",0,0,0
"Chr12_11300331",0,0,-0.0814031540937297
"Chr12_11660828",0,0,0
"Chr12_13117155",0,0,0
"Chr12_13170339",0,0,0
"Chr12_13752945",0,0,0
"Chr12_14266414",0,0,0
"Chr12_14960219",0,0,0
"Chr12_15023187",0,0,0
"Chr12_15085859",0,0,0
"Chr12_15472539",0,0,0
"Chr12_15669084",0,0,0
"Chr12_15689886",0,0,0
"Chr12_16801091",0,0,0
"Chr12_17655287",0,0,0
"Chr12_18586154",0,0,0
"Chr12_19209371",0,0,0
"Chr12_20261190",0,0,0
"Chr12_20306482",0,0,0
"Chr12_20475060",0,0,0
"Chr12_20764103",0,0,0
"Chr12_20778737",0,0,0
"Chr12_21350413",0,0,0
"Chr12_24266673",0,0,0
"Chr12_25103270",0,0,0
"Chr12_26134673",0,0,0
"Chr12_27695362",0,0,0
"Chr12_31836781",0,0,0
"Chr12_31841828",0,0,0
"Chr12_33232556",0,-0.0935267425375921,0
"Chr12_33568221",0,0,0
"Chr12_33637803",0,0,0
"Chr12_33887757",0,0.0230928037904487,0
"Chr12_34251142",0,0,0
"Chr12_34266634",0,0,0
"Chr12_34376103",0,0,0
"Chr12_34378074",0,0,0
"Chr12_34387632",0,0,0
"Chr12_34531628",0,0,0
"Chr12_34623434",0,0,0
"Chr12_34678918",-0.0666004489633927,0,0
"Chr12_34852127",0,0,0
"Chr12_34898722",0,0,0
"Chr12_34911519",0,0,0
"Chr12_35009621",0,0,0
"Chr12_35009952",0,0,0.19621536194246
"Chr12_35013526",0,0,0
"Chr12_35013570",0,0,0
"Chr12_35018164",0,0,0
"Chr12_35151720",0,0,0
"Chr12_35302887",0,0,0
"Chr12_35308729",0,0,0
"Chr12_35411757",0,0,0
"Chr12_35428704",0,0,0
"Chr12_35436853",0,0,0
"Chr12_35498641",0,0,0
"Chr12_35560599",0,0,0
"Chr12_35567525",0,0,0
"Chr12_35599493",0,0,0
"Chr12_35626904",0,0,0.0598267068923663
"Chr12_35648895",0,0,0
"Chr12_35652658",0,0,0
"Chr12_35746818",0,0,0
"Chr12_35842502",0,0,0
"Chr12_35856420",0,0,0
"Chr12_35931387",0,0,0
"Chr12_35968171",0,0,0
"Chr12_35996572",0,0,-0.148161236572458
"Chr12_36246404",0,0.0781712433362599,0
"Chr12_36266743",0,0,0
"Chr12_36305512",0,0,0
"Chr12_36319733",0,0.173546771822834,0
"Chr12_36360755",0,0,0
"Chr12_36476731",0,0,0
"Chr12_37018099",0,0,0
"Chr12_37406776",0,0,0
"Chr12_37527680",0,0,0
"Chr12_37546963",0,0,0
"Chr12_37710650",0.239616687424413,0,0
"Chr12_37735208",0,0,0
"Chr12_37782753",0.0794337788721022,0,0
"Chr12_37793200",0,0,0
"Chr12_37874146",0,0,0
"Chr12_38008720",0,0,0
"Chr12_38188901",0,0,0
"Chr12_38189524",0,-0.0169114113679473,0
"Chr12_38485893",0.159547777384246,0,0
"Chr12_38831525",0,0,0
"Chr12_38865042",0.142143511064278,0,0
"Chr12_38891613",0,0,0
"Chr12_39047966",0,0,0
"Chr12_39104343",0,0,0
"Chr12_39127963",0,0,0
"Chr12_39221871",0,0,0
"Chr12_39344741",0,0,0
"Chr12_39358195",0,0,0
"Chr12_39393245",0,0,0
"Chr12_39401148",0,0,0
"Chr12_39438311",0,0.0106217029199077,0
"Chr12_39532245",0,0,0
"Chr12_39627738",0,0,0
"Chr12_39803670",0,0.0728554411274936,0
"Chr12_39871832",0,0,0
"Chr12_39875917",0,0,0
"Chr13_00558636",0,0,0
"Chr13_00951557",0,0,0
"Chr13_02338594",0,0,0
"Chr13_02572630",0,0,0
"Chr13_02702892",0,0,0
"Chr13_04707081",0,0,0
"Chr13_09729173",0,0,0
"Chr13_10159737",0,0,0
"Chr13_10177191",0,0,0
"Chr13_10202537",0,0,0
"Chr13_10210781",0,0,0
"Chr13_10283424",0,0,0
"Chr13_10375467",0,0,0
"Chr13_10633007",0,0,0
"Chr13_10705473",0,0.0252353925600244,0
"Chr13_10880896",0,0,0
"Chr13_10957031",0,0,0
"Chr13_11573855",0,0,0
"Chr13_12230980",0,0,0
"Chr13_13029164",0.00757633290303655,0,0
"Chr13_13638191",0,0,0
"Chr13_13698877",0,0,0
"Chr13_13701809",0,0,0
"Chr13_13740780",0,0,0
"Chr13_13879678",0,0,0
"Chr13_13910679",0,0,0
"Chr13_13995755",0,0.0109923154221375,0
"Chr13_14062401",0,0,0
"Chr13_14520395",0,0,0
"Chr13_14668686",0,0,0
"Chr13_14708523",-0.290928579317399,0,0
"Chr13_15004876",0,0,0
"Chr13_15051151",0,0,0
"Chr13_15080223",0,0,0
"Chr13_15140236",0,0,0
"Chr13_15168831",0,0,0
"Chr13_15182722",0,0,0
"Chr13_15204903",0,0,0
"Chr13_15286726",0,0,0
"Chr13_15366104",0,0,0
"Chr13_15936312",0,0,0
"Chr13_16413266",0,0,-0.00289783351381879
"Chr13_17123330",0,0,0
"Chr13_17181565",0,0,0
"Chr13_17962906",0,-0.0688313541082874,0
"Chr13_18095383",0,0,0
"Chr13_18958038",0,0,0
"Chr13_19120876",0,0,0
"Chr13_20035127",0,0,0
"Chr13_20614551",0,0,0
"Chr13_20627836",0,0,0
"Chr13_20756630",0,0,0
"Chr13_20824876",0,0,0
"Chr13_21500377",0,-0.323348974185927,0
"Chr13_21682314",0,0,0
"Chr13_21687311",0,0,0
"Chr13_22077201",0,0,0
"Chr13_22240241",0,0,0
"Chr13_22298981",0,0,0
"Chr13_22344990",0,0,0
"Chr13_22436034",0,0,0
"Chr13_22667406",0,0,0
"Chr13_22713781",0,0,0
"Chr13_23034872",0,0,0
"Chr13_23459993",0,0,0
"Chr13_24007782",0,0,0
"Chr13_24516495",0,0,0
"Chr13_24774531",0,0,0
"Chr13_25281954",0,0.339443111124698,0
"Chr13_25849881",-0.082297392456142,0,0
"Chr13_25855290",0,0,0.161741476882772
"Chr13_25977631",0,0,0
"Chr13_26129662",0,0,0
"Chr13_26234217",0,0,0
"Chr13_26296123",0,0.402550790504235,0
"Chr13_26407952",0,0,0
"Chr13_27312729",0,0,0
"Chr13_27491945",0,0,0
"Chr13_27680004",0,0,0
"Chr13_27914021",0,0,0
"Chr13_27984946",0,0,0
"Chr13_28142951",0.0084003336961529,0,0
"Chr13_28194714",0,0,0
"Chr13_28449001",0,0,0
"Chr13_28535092",0,0,0
"Chr13_28564805",0,0,0
"Chr13_28573676",0,0,0
"Chr13_28588072",0,0,0
"Chr13_28602590",0,0,0
"Chr13_28681577",0,0,0
"Chr13_29064784",0,0,0
"Chr13_29215620",0,0,0
"Chr13_29228063",0,0,0
"Chr13_29248615",0,0,0
"Chr13_29281873",-0.0861333465804418,0,0
"Chr13_29287200",0,0,0
"Chr13_29287874",0,0,0
"Chr13_29311775",0,0.200751187658299,0
"Chr13_29371010",0,0,-0.0160408127494422
"Chr13_29398136",0,0,0
"Chr13_29480773",0,0,0
"Chr13_29500172",0,0,0
"Chr13_29509717",0,0,0
"Chr13_29523291",0,0,0
"Chr13_29538226",0,0,0
"Chr13_29540246",0,0,0
"Chr13_29597077",0,0,0
"Chr13_29609426",0,0,0
"Chr13_29613625",0.0624857798834953,0,0
"Chr13_29645901",0,0,0
"Chr13_29696265",0,0,0
"Chr13_29729302",0,0,0
"Chr13_29764617",0,0,0
"Chr13_29785596",0,0,0
"Chr13_29829484",0,0.328612982943589,0
"Chr13_29922786",0,0,0
"Chr13_29936222",0,0,0
"Chr13_29963357",0,0,0
"Chr13_30000120",0,-0.0674622157559153,0
"Chr13_30075829",0,0,0
"Chr13_30125254",0,0,0
"Chr13_30149493",0.0236858880335221,0,0
"Chr13_30266502",0,0,0.347824110444779
"Chr13_30334815",0,0,0
"Chr13_30457436",0,0,0
"Chr13_30484004",0,0,0
"Chr13_30501072",0,0,0
"Chr13_30504301",0,0,0
"Chr13_30507421",0,0,0
"Chr13_30512129",0,0,0
"Chr13_30578026",0,0,0
"Chr13_30667527",0,0,0
"Chr13_30715111",0,0,0
"Chr13_30793012",0,0,0
"Chr13_30857409",0,0,0
"Chr13_30904169",0,0,0
"Chr13_30927370",0,0,0
"Chr13_30945702",0,0,0
"Chr13_31038000",0,0,0
"Chr13_31084755",0,0,0
"Chr13_31118431",0,0,0
"Chr13_31128340",0.0130487716581165,0,0
"Chr13_31215875",0,0,0
"Chr13_31249297",0,0,0
"Chr13_31262833",0,0,0
"Chr13_31270537",0,0,0
"Chr13_31581166",0,0,0
"Chr13_31632723",0,0,0
"Chr13_31651066",0,0,0.214358402977473
"Chr13_31691449",0,0,0
"Chr13_31791737",0,0,0
"Chr13_32042802",0,0,0
"Chr13_32153019",0,0,0
"Chr13_32179282",0,0,0.302579106631525
"Chr13_32291324",0,0,0
"Chr13_32701646",0,0,0
"Chr13_33037136",0,0,0
"Chr13_33176209",0,0,0
"Chr13_33178668",0,0,0
"Chr13_33277488",0,0,0
"Chr13_33771182",0.10969681803228,0,0
"Chr13_34511836",0,0,0
"Chr13_34939803",0,0,0
"Chr13_35493690",0,0,0
"Chr13_35623002",0,0,-0.0113336716647032
"Chr13_35623076",0,0,0
"Chr13_35777905",0,0,0
"Chr13_36031507",0,0,0
"Chr13_36178686",0,0,0
"Chr13_36536487",0,0,0
"Chr13_37401864",0,0,0
"Chr13_37820470",0,0,0
"Chr13_37840818",0,-0.0965790083303247,0
"Chr13_38264814",0,0,0
"Chr13_38576438",0,0,0
"Chr13_39319691",0,0,0
"Chr13_39365569",0,0,0
"Chr13_39570042",0,0,0
"Chr13_39605268",0,0,0
"Chr13_39960742",0,0,0
"Chr13_39964117",0,0,0
"Chr13_40014205",0,0,0
"Chr13_40084341",0,0,0.201277386107185
"Chr13_40127491",0,0,0
"Chr13_40294085",0.0971427971274503,0,0
"Chr13_40626117",0,0,0
"Chr13_40947207",0,0,0
"Chr13_40992457",0,0,0
"Chr13_41196417",0,0,0
"Chr13_41321115",0,0,0
"Chr13_41369400",0,0,0
"Chr13_41759128",0,0,0
"Chr13_42146304",0,0,0
"Chr13_42777641",0,0,0.107845629691934
"Chr13_43158334",0,0,0
"Chr13_43876915",0,0,-0.023717329642631
"Chr13_44405666",0,0,0
"Chr13_44877336",0,0,0
"Chr13_44905261",0,0,0
"Chr13_45459490",0,0,0
"Chr14_00183416",0,0,0
"Chr14_00258324",0,0,0
"Chr14_00310065",0,-0.0378581809763545,0
"Chr14_00390010",0,0,0
"Chr14_00548827",0,0,0
"Chr14_00759864",-0.18879275879599,0,0
"Chr14_00764723",0,0,0
"Chr14_01066273",0,0,0
"Chr14_01079657",0,0,0
"Chr14_01227528",0,0,0.331221993755606
"Chr14_01356106",0,0,0
"Chr14_01374091",0,0.0297416073419139,0
"Chr14_01565241",0,0,0
"Chr14_01600806",0,0,0
"Chr14_01677746",0,0,0
"Chr14_01704899",0,-0.0595488081967049,0
"Chr14_01715028",0,0,0
"Chr14_01731609",0,0,0
"Chr14_01837295",0,0,0
"Chr14_01935148",0,0,0
"Chr14_02010813",0,0,0
"Chr14_02022560",0,0,0
"Chr14_02029805",0,0,0
"Chr14_02069528",0,0,-0.113863133350378
"Chr14_02173510",0,0,0
"Chr14_02528463",0,0,0
"Chr14_02540318",0,0,0
"Chr14_02563927",0,0,0
"Chr14_02628629",0,0,0
"Chr14_02649214",0,0,0
"Chr14_02663464",0,0,0
"Chr14_02713989",0,0,0
"Chr14_02868668",0,0,0
"Chr14_02971933",0,0,0
"Chr14_02990330",0,0,0
"Chr14_03013449",0,0,0
"Chr14_03015454",-0.0575578711675766,0,0
"Chr14_03048160",0,0,0
"Chr14_03081258",0,0,0
"Chr14_03321772",0,0,0
"Chr14_03352310",0,0,0
"Chr14_03464916",0,0,0
"Chr14_03546992",0,0,0
"Chr14_03627456",0,0,0
"Chr14_03726450",0,0,0
"Chr14_03799259",0,0,0
"Chr14_03849373",0,0,0
"Chr14_03862219",0,0,0
"Chr14_03989704",0,0,0
"Chr14_04012394",0,0,0
"Chr14_04017981",0,0.0187069765887004,0
"Chr14_04090245",0,0,0
"Chr14_04182931",0,0,-0.0290230058539808
"Chr14_04205844",0,0,0
"Chr14_04318727",0,0,0
"Chr14_04484563",0,0,0
"Chr14_04500698",0,0,0
"Chr14_04749391",0,0,0
"Chr14_04769302",0,0,0
"Chr14_04832737",0,0,0
"Chr14_05005265",0,0,0
"Chr14_05104542",0,0,0
"Chr14_05621632",0,0,0
"Chr14_05799583",0,0,0
"Chr14_05840812",0,0,0
"Chr14_05959166",0,0,0
"Chr14_06008546",0,0,0
"Chr14_06025861",0,0,0.172970230223675
"Chr14_06139796",0,0,0
"Chr14_06364363",0,0,0
"Chr14_06376669",0,0,0
"Chr14_06632762",0,0,0
"Chr14_06677743",0,0,0
"Chr14_06904156",0,0,0
"Chr14_07122740",0,0,0
"Chr14_07154670",0,0,0
"Chr14_07298626",0,0,0.0504285779917423
"Chr14_07320084",0,0,0
"Chr14_07321140",0,0,0.412108522815201
"Chr14_07426825",0,0,0
"Chr14_07716394",0,0,0
"Chr14_07769799",0,0,0
"Chr14_08412336",0,0,0
"Chr14_08597825",0,0,0
"Chr14_08819906",0,0,0
"Chr14_08867440",0,0,0
"Chr14_08943391",0,0,0
"Chr14_09510081",0,0,0
"Chr14_09541285",0,0,0
"Chr14_09592783",0,0,0
"Chr14_09877249",0,0,0
"Chr14_10079093",0,0,0
"Chr14_10147370",0,0,0
"Chr14_10200548",0,0,0
"Chr14_10842885",0,0,0
"Chr14_11459726",-0.219174044232742,0,0
"Chr14_12666656",0,0,0
"Chr14_12692583",0,0,0
"Chr14_13332912",0,0,0.164926189049705
"Chr14_13584372",0,0,0
"Chr14_14237127",0,0,0
"Chr14_15193540",0,0,0
"Chr14_15583285",-0.343858822968799,0,0
"Chr14_16766385",0,0,0
"Chr14_16775415",0,0,0
"Chr14_17852835",0,0,0
"Chr14_18356047",0,0,0
"Chr14_19222496",0,0,0
"Chr14_19895204",0,0,0
"Chr14_20554632",0,0,0
"Chr14_22194977",0,0,0
"Chr14_22632921",0,0,0
"Chr14_23525730",0,0,0
"Chr14_24164714",0,0,-0.0100977779843365
"Chr14_25598040",0,0.081492865108892,0
"Chr14_26144841",0,0,0
"Chr14_28794944",-0.129315249363846,0,0
"Chr14_29235118",0,0,0
"Chr14_30826782",0,0,0
"Chr14_31287543",0,0,0
"Chr14_32154511",0,0,0
"Chr14_32301330",0,0,0
"Chr14_32541258",0,0,0
"Chr14_32747566",0,-0.00323248054939703,0
"Chr14_32901989",0.142760590618738,0,0
"Chr14_33130392",0,0,0
"Chr14_33220336",0,0,0
"Chr14_34176667",0,0,0
"Chr14_34984702",0,0,0
"Chr14_35984557",0,0,0
"Chr14_36842899",0,0,0.234337776520867
"Chr14_39126317",0,0,0
"Chr14_40318128",0,0,0
"Chr14_40444764",0,0,0
"Chr14_40655324",0,0,0
"Chr14_41084613",0,0,0
"Chr14_41119986",0,0,0
"Chr14_41278732",0,0,0
"Chr14_41346028",0,0,0
"Chr14_41368896",-0.214899227832726,0,0
"Chr14_41750271",0,0,0
"Chr14_42097812",0,0,0
"Chr14_42306831",0,0,0
"Chr14_42451561",0,0,0
"Chr14_42492365",0,0,0
"Chr14_43153052",0,0,0
"Chr14_43159606",0,0,0
"Chr14_43403115",0,0,0
"Chr14_43749300",0,0,0
"Chr14_44383278",0,0,0
"Chr14_44625574",0,0,0
"Chr14_45567354",0,0,0
"Chr14_45643911",0,0,0
"Chr14_45869381",0.225502689546282,0,0
"Chr14_45887034",0,0,0
"Chr14_45903810",0,0,0
"Chr14_46060956",0,0,0
"Chr14_46065911",0,0,0
"Chr14_46182210",0,0,0
"Chr14_46340054",0,0,0
"Chr14_46348597",0,-0.0376971793407781,0
"Chr14_46379915",0,0,0
"Chr14_46635772",0,0,-0.158461076828264
"Chr14_46640635",0,0,0
"Chr14_46681899",0,0,0
"Chr14_46697069",0,0,0
"Chr14_46741755",0,0,0
"Chr14_46804963",0,0,0
"Chr14_46812832",0,0,0
"Chr14_46814147",0,0,0
"Chr14_46843479",0,0,0
"Chr14_46858110",0,0,0
"Chr14_46906116",0,0,0
"Chr14_46906849",0,0,0
"Chr14_47063313",0,0,0
"Chr14_47171142",0,-0.239671500640801,0
"Chr14_47204580",0,0,0
"Chr14_47310431",0,0,0
"Chr14_47350646",0,0,0
"Chr14_47423030",0,0,0
"Chr14_47458246",0,0,0
"Chr14_47548469",0,0,0
"Chr14_47637581",0,-0.147789071100544,0
"Chr14_47722439",0.0242985370649539,0,0
"Chr14_47745298",0,0,0
"Chr14_47786405",0,0,0
"Chr14_47817033",0,0,0
"Chr14_47838949",0,0,0
"Chr14_47854630",0,0,0
"Chr14_48033276",0,0,0
"Chr14_48041219",0,0,0
"Chr14_48070505",0,0,0
"Chr14_48077489",-0.00787699386743951,0,0
"Chr14_48085826",0,0.012507315230329,0
"Chr14_48113117",0,0,0
"Chr14_48141313",0,0,0
"Chr14_48186404",0,0,0
"Chr14_48253689",0,0,0
"Chr14_48277445",0,0,0
"Chr14_48295830",0,0,0
"Chr15_00378233",0,0,0
"Chr15_00637337",0,0,0
"Chr15_00752100",0,0,0
"Chr15_01014999",0,0,0
"Chr15_01066345",0,0,0
"Chr15_01270919",0,0,0
"Chr15_01822093",0,0,0
"Chr15_02787032",0,0,0
"Chr15_02808929",0,0,0
"Chr15_02910261",0,0,0
"Chr15_03070967",0,0,0
"Chr15_03239483",0,0,0
"Chr15_03332004",0,0,0
"Chr15_03512639",0,0,0
"Chr15_03850120",0,0,0
"Chr15_04118371",0,0,-0.296441286600292
"Chr15_04151658",0,0,0
"Chr15_04658529",0.12963255000969,0,0
"Chr15_04692485",0,0,0
"Chr15_05208932",0,0,0
"Chr15_06002362",0,0,0
"Chr15_06875972",0,0,0
"Chr15_06983998",0,0,0
"Chr15_07139964",0,0,0
"Chr15_07238550",0,0,0
"Chr15_07521683",0,0,0
"Chr15_07569225",0,0.0865647534455097,0
"Chr15_07801957",0,0,0
"Chr15_07801978",0,0,0
"Chr15_09577947",0,0,0
"Chr15_09880112",0,0,0
"Chr15_09898490",0,0,0
"Chr15_09910421",-0.0108100150609759,0,0
"Chr15_09962094",0,0,0
"Chr15_10006531",0,0,0
"Chr15_10927197",0,-0.0870955364514501,0
"Chr15_11522572",-0.226473296613508,0,0
"Chr15_11560973",0,0,0
"Chr15_11655973",0,0,0
"Chr15_11664636",0,0,0
"Chr15_12018739",0,0,0
"Chr15_12207584",0,0,0
"Chr15_12255412",0,0,0
"Chr15_12354077",0,0,0
"Chr15_12633100",0,0,0
"Chr15_12633469",0,0,0
"Chr15_12852837",0,0,0
"Chr15_13163062",0,0,0
"Chr15_13191186",0,0,0
"Chr15_13436350",0,0,0
"Chr15_13707510",0,0,0
"Chr15_13932965",0,0,0
"Chr15_14295577",0,0,0
"Chr15_14304380",0,0,0
"Chr15_14554868",0,0,0
"Chr15_14671869",0,0,0
"Chr15_14687925",0,0,0
"Chr15_14707082",0,0,0
"Chr15_14881742",0,0,0
"Chr15_14882901",0,0,0
"Chr15_14898525",0,-0.109812747779529,0
"Chr15_14941613",0,0,0
"Chr15_15030403",0,0,0
"Chr15_15043860",0,0,0
"Chr15_15054466",0,0,0
"Chr15_15110449",0,0,0
"Chr15_15249871",0,0,0
"Chr15_15409682",0,0,0
"Chr15_15451081",0,0,0
"Chr15_15852028",0,0,0
"Chr15_15906828",0,0,0
"Chr15_17086501",0,0,0
"Chr15_18176595",0,0,0
"Chr15_18904370",0,0,-0.181680231418934
"Chr15_19122712",0,0,0
"Chr15_19653914",0,-0.140075264558745,0
"Chr15_19847901",0,0,0
"Chr15_20270583",0,0,0
"Chr15_20476068",0,0,0
"Chr15_22283266",0,0,0
"Chr15_22323758",0,0,0
"Chr15_24339648",0,0,0
"Chr15_24457750",0,0,-0.0573460642975841
"Chr15_24566578",0,0,0
"Chr15_24701932",0,0,0.139511216416426
"Chr15_24791709",0,0,0
"Chr15_26772243",0,0,0
"Chr15_26889604",0,0,0
"Chr15_27588339",0,0,0
"Chr15_27705603",0,0,0
"Chr15_29426849",0,0,0
"Chr15_29780434",0,0,0
"Chr15_32214210",0,0,0
"Chr15_32501218",0,0,0
"Chr15_32798797",0,0,0
"Chr15_33441784",0,0,0
"Chr15_34421506",0,0,0
"Chr15_34812257",0,0,0
"Chr15_34847179",0,0,-0.0506342076280113
"Chr15_35008972",0,0,0
"Chr15_35408931",0,-0.00911501177112274,0
"Chr15_35452387",0,0,0
"Chr15_35931603",0,0,0
"Chr15_36901634",0,0,0
"Chr15_37146296",0,0,0
"Chr15_37381453",-0.176024261942294,0,0
"Chr15_37500341",0,0,0
"Chr15_37716746",0,0.229699954247189,0
"Chr15_37749155",0,0,0
"Chr15_38505579",0,0,0
"Chr15_39544418",0,0,0
"Chr15_39581318",0,0.226545399532032,0
"Chr15_40033072",0,0,0
"Chr15_40080907",-0.0147042595265696,0,0
"Chr15_40120190",0,-0.164410578029506,0
"Chr15_40201416",0,0,0
"Chr15_40402317",0,0,0
"Chr15_40435995",0,0,0
"Chr15_40608253",0,0,0
"Chr15_40679699",-0.0411985698032063,0,0
"Chr15_41061640",0,0,0
"Chr15_41407103",0,0,-0.225581076691193
"Chr15_41911248",0,0,0
"Chr15_42281162",0,0,0
"Chr15_42340050",0,0,0
"Chr15_43149929",-0.00384405697512565,0,0
"Chr15_43172116",0,0,0
"Chr15_43215147",0,0,0
"Chr15_43466525",0,0,0
"Chr15_43658406",0,0,0
"Chr15_43723157",0,0,0
"Chr15_44035884",0,0,0
"Chr15_44065092",0,0,0
"Chr15_44067598",0,0,0
"Chr15_44079427",0.0279094961996867,0,0
"Chr15_44083193",0,0,0.0478802196401852
"Chr15_44138533",0,0,0
"Chr15_44147758",0,0,0
"Chr15_44148598",0,0,0
"Chr15_44170409",0,-0.143848100004094,0
"Chr15_44171132",0,0,0
"Chr15_44190091",0,0,0
"Chr15_44193089",0,0,0
"Chr15_44194377",0,0,0
"Chr15_44222801",0,0,0
"Chr15_44242386",0,0,0
"Chr15_44270229",0,0,0
"Chr15_44468337",0,0,0
"Chr15_44477031",0,0,0
"Chr15_44478346",0,0,0
"Chr15_44769147",0,0,0
"Chr15_44788633",0,0,0
"Chr15_44955613",0,0,-0.292426482303512
"Chr15_45538654",0,0,0
"Chr15_45540345",0,0,0
"Chr15_45634201",0,0,0
"Chr15_46124083",0,0,0
"Chr15_46694612",0,0,0
"Chr15_46821453",0,0,0
"Chr15_47262809",0,0,-0.0644727604384625
"Chr15_47303145",0,0,0.0258676694650818
"Chr15_47329433",0,0,0
"Chr15_47357522",0.294153157207644,0,0
"Chr15_47493423",0,0,0
"Chr15_47656852",0,0,0
"Chr15_47920719",0,0,0
"Chr15_48114971",0,0,0
"Chr15_48244436",0,0,0
"Chr15_48344538",0,0,0
"Chr15_48361390",0,0,0
"Chr15_48382746",0.115982048257736,0,0
"Chr15_48500907",0,0,0
"Chr15_48521361",0,0,0
"Chr15_48588633",0,0,0
"Chr15_48926562",0,-0.018922275909213,0
"Chr15_49068984",0,0,0
"Chr15_49084322",0,0,0
"Chr15_49092278",0,0,0
"Chr15_49117010",0,0,0
"Chr15_49190069",0,0,0
"Chr15_49385833",0,0,0
"Chr15_49397316",0,0,0
"Chr15_49406563",0,0,0
"Chr15_49574800",0,0,0
"Chr15_49590879",0,0,0
"Chr15_49633869",0,0,0
"Chr15_49751586",0,0,0
"Chr15_49759273",0,0,0
"Chr15_49833549",0,0,0
"Chr15_50248537",0,0,0
"Chr15_50271004",0,0,0
"Chr15_50429825",0,0,0
"Chr15_50553139",0,0,0
"Chr15_50593252",0,0,0
"Chr15_50602899",0,0,0
"Chr15_50649479",0,0,0
"Chr15_50973714",0,0,0
"Chr15_51199487",0,0,0
"Chr15_51516068",0,0,0
"Chr15_51517560",0,0,0
"Chr16_00236635",0,0,0
"Chr16_00301115",-0.224423979900175,0,0
"Chr16_00663893",0,0,0
"Chr16_00847224",0,0,0
"Chr16_01016774",0,0,0
"Chr16_01591698",0,0,0
"Chr16_01623273",0,0,0
"Chr16_02440673",0,0,0
"Chr16_02619627",0,0,0
"Chr16_02733305",0,0,0
"Chr16_03067411",0,0,0
"Chr16_03192164",0,0.147015916577366,0
"Chr16_03264231",0,0.269332097450121,0
"Chr16_03574574",0,0,0
"Chr16_04140849",0,0,0
"Chr16_04442882",0,0,0
"Chr16_04944251",0,0,0
"Chr16_05124936",0,0,0
"Chr16_05370435",0,0,0
"Chr16_05602367",0,0,0
"Chr16_05705189",0.0461836142924748,0,0
"Chr16_05705738",0,0,0
"Chr16_05747398",0,0,0
"Chr16_06019925",0,0,0
"Chr16_06069066",0,0,0
"Chr16_06257536",0,0,0
"Chr16_06311952",0,0,0
"Chr16_06572251",0,0,0.164947135424539
"Chr16_07306111",0,0,0
"Chr16_07396407",0,0,0
"Chr16_07445522",0,0,0
"Chr16_07456667",0,0,0
"Chr16_07550991",0,0,0
"Chr16_07569194",-0.0523813010490673,0,0
"Chr16_07603805",0.108621671312955,0,0
"Chr16_07671559",0,0,0
"Chr16_07717075",0,0,0
"Chr16_07881860",0,0,0
"Chr16_07943887",0,0,0
"Chr16_07979589",0,0,0
"Chr16_07984144",0,0,0
"Chr16_08063060",-0.0325317096003046,0,0
"Chr16_08105880",0,0,0
"Chr16_08269831",0,0,0
"Chr16_08667976",0,0,0
"Chr16_15688125",0,0,0
"Chr16_16530740",0,0,0
"Chr16_17231670",0,0,0
"Chr16_19964269",0,0,0
"Chr16_21329889",0,0,0
"Chr16_21426245",0,0,0
"Chr16_21981074",0,0,0
"Chr16_23992067",0,0,0
"Chr16_26238558",0.100817248737278,0,0
"Chr16_26650311",0,0,0
"Chr16_26707565",0,0,0
"Chr16_27012878",0,0.0995243900468163,0
"Chr16_27058909",0,0,0
"Chr16_27414724",0,0,0
"Chr16_27515428",0,0,0
"Chr16_27750731",0,0,0
"Chr16_27966212",0,0,0
"Chr16_28029992",0,0,0
"Chr16_28395797",0,0,0
"Chr16_28522664",0,0,0
"Chr16_28800199",0,0,0
"Chr16_29049550",0,0,0
"Chr16_29069025",0,0,0
"Chr16_29203089",0,0,0
"Chr16_29418283",0,0,0
"Chr16_29427680",0,0,0
"Chr16_29483736",0,0,0
"Chr16_29491596",0,0,0
"Chr16_29509697",0,0,0
"Chr16_29614583",0,0,0
"Chr16_29616617",0,0,0
"Chr16_29665943",0,0,0
"Chr16_29757043",0,0,0
"Chr16_29830179",0,0,0
"Chr16_29893912",0,0,0
"Chr16_30037168",0,0,0
"Chr16_30065819",0,0,0.0177576477253656
"Chr16_30073292",0,0.0667954534880953,0
"Chr16_30162005",0,0,0
"Chr16_30338439",0,0,-0.0396641971903563
"Chr16_30395820",0.0576326127856243,0,0
"Chr16_30652569",0,0,0
"Chr16_30699224",0,0,0
"Chr16_31035292",0,-0.104107614284261,0
"Chr16_31064832",0,0,0
"Chr16_31196668",0,0,0
"Chr16_31414253",0,0,0
"Chr16_31485943",0,0,0
"Chr16_31542034",0,0,0
"Chr16_31670574",0,0,0
"Chr16_31739506",0,0,0
"Chr16_31800882",0,0,0
"Chr16_31812125",0,0,0
"Chr16_31827255",0,0,0
"Chr16_31860094",0,0.0569283999069508,0
"Chr16_31871695",0,0,0
"Chr16_32015656",0,0,0
"Chr16_32137592",0,0,0
"Chr16_32218240",0,0,0
"Chr16_32301568",0,0,0
"Chr16_32338195",0,0,0
"Chr16_32404184",0,0,0
"Chr16_32410196",0,0,0
"Chr16_32448599",0.178003189646299,0,0
"Chr16_32477502",0,0,0
"Chr16_32501446",0,0,0
"Chr16_32502936",0,0,0
"Chr16_32508883",0,0,-0.282916870638175
"Chr16_32568542",0,0,-0.0053549294452362
"Chr16_32578424",0,0,0
"Chr16_32579397",0,0,0
"Chr16_32604887",0,0,0
"Chr16_32616748",0,0,0
"Chr16_32654568",0,0,0
"Chr16_32666180",0,0,0
"Chr16_32687944",0,0,0
"Chr16_32691854",0,0,0
"Chr16_32735702",0,0,0
"Chr16_32737930",0,0,0
"Chr16_32755254",0,0,0
"Chr16_32780561",0,0,0
"Chr16_32814259",0,0,0
"Chr16_33051152",0,0,-0.167585177332342
"Chr16_33065112",0,0,0
"Chr16_33349540",0,0,0
"Chr16_33355592",0,0,0
"Chr16_33378271",0,0,0
"Chr16_33425970",0,0,0
"Chr16_33428510",0,0,0
"Chr16_33430349",0,0,0
"Chr16_33430693",0,0,0
"Chr16_33649324",0,0,0
"Chr16_33658002",0,0,0
"Chr16_33674315",0,-0.144585630224987,0
"Chr16_33678398",0,0,0
"Chr16_33758640",0,0,0
"Chr16_33841127",0,0,0
"Chr16_33853690",0,0,0
"Chr16_33909219",0,0,0
"Chr16_33960004",0,0,0
"Chr16_34041787",0,-0.112575884894211,0
"Chr16_34058763",0,0,0
"Chr16_34080371",0,0,0
"Chr16_34098770",0,0,0
"Chr16_34149570",0,0,0
"Chr16_34159338",0,0,0
"Chr16_34185858",0,0,0
"Chr16_34208179",0,0,0
"Chr16_34244184",0,0,0.0939740949621928
"Chr16_34251188",0,0,0
"Chr16_34331026",0,0,0
"Chr16_34351619",0,0,0
"Chr16_34374772",0,0,0
"Chr16_35164653",0,0,0
"Chr16_35174489",0,0,0
"Chr16_35178540",0,0,0
"Chr16_35232116",0,0,0
"Chr16_35235339",0,0,0.0770910149623732
"Chr16_35636507",0,0.146440930775724,0
"Chr16_35700181",0,0,0
"Chr16_35745795",0,0,0
"Chr16_35750260",0.139543846103394,0,0
"Chr16_35751959",0,0,0
"Chr16_35777125",0,0,0
"Chr16_35851509",0,0,0
"Chr16_35865067",0,0,0
"Chr16_35919578",0,0,0
"Chr16_35920266",-0.142834178308389,0,0
"Chr16_35974455",0,0,0
"Chr16_36089829",0,0,0
"Chr16_36092206",0,0,0
"Chr16_36103580",0,0,0
"Chr16_36144941",0,0,0
"Chr16_36164297",0,0,0
"Chr16_36461529",0,0,0
"Chr16_36552352",0,0,0
"Chr16_36599094",0,0,0
"Chr16_36648990",0,0,0
"Chr16_36736693",0,0,0
"Chr16_36772709",0,0,0
"Chr16_36869868",0,-0.0112640905287685,0
"Chr16_36882363",0,0,0
"Chr16_36932197",0,0,0
"Chr16_36958878",0,0,0
"Chr16_37058282",0,0,0
"Chr16_37109408",0,0,0
"Chr16_37152908",0,0,0
"Chr16_37302691",0,0,0
"Chr16_37322337",0,0,-0.0625704092856173
"Chr16_37404687",0,0,0
"Chr16_37420061",0,0,-0.0794939617198285
"Chr16_37511370",0,0,0
"Chr16_37600809",0,0,0
"Chr16_37666952",0,0,0
"Chr16_37875300",0,0,0
"Chr17_00249283",0,0,-0.10680074157306
"Chr17_00406662",0,0,0
"Chr17_00481381",0,0,0
"Chr17_00819670",0,0,0
"Chr17_00846247",0,0,0
"Chr17_01034213",0,0,0
"Chr17_01066269",0,0,0
"Chr17_01284804",0,0,0
"Chr17_01335874",0,0,0
"Chr17_01462786",0,0,0
"Chr17_02513653",0,0,0
"Chr17_02594185",0,0,0
"Chr17_02599876",0,0,0
"Chr17_02635290",0,0,0
"Chr17_02693230",0,0,0
"Chr17_02898077",0,0,0
"Chr17_02907729",0,0,0
"Chr17_02916709",0,0,0
"Chr17_02934754",0,0,0
"Chr17_02956125",0,0,0
"Chr17_03036063",0,0,0
"Chr17_03074683",0,0,0
"Chr17_03165116",0,0,0
"Chr17_03191755",0,0,0
"Chr17_03378901",0,0,0
"Chr17_03439498",0,0,0
"Chr17_03521111",0,0,0
"Chr17_03532568",0,0,0
"Chr17_03772711",0,0,0
"Chr17_03858146",-0.124746425830944,0,0
"Chr17_03919112",0,0,0
"Chr17_04054733",0,0,0
"Chr17_04086591",0,0,0
"Chr17_04241931",0,0,0
"Chr17_04361090",0,-0.128109595046959,0
"Chr17_04488392",0,0,0
"Chr17_04546772",0,0,0
"Chr17_04607135",0,0.0448499973415034,0
"Chr17_04721351",0,0,0
"Chr17_04825399",0,0,0
"Chr17_05101529",0.238520077598218,0,0
"Chr17_05178660",0,0.0731156164610597,0
"Chr17_05454826",0,0,0
"Chr17_05617420",0,0,0
"Chr17_05643749",0,0,0
"Chr17_05795879",-0.087936681894865,0,0
"Chr17_05835453",0,0,0.000221194511804141
"Chr17_06112201",0,0,0
"Chr17_06372764",0,0,0
"Chr17_07015803",0,0,0
"Chr17_07125807",0,0,0
"Chr17_07217048",0,0,0
"Chr17_07277619",0,0,0
"Chr17_07355734",0,0,0
"Chr17_07512583",0,0,0
"Chr17_07617093",0,0,0
"Chr17_07936445",0,0,0
"Chr17_07961116",0,0,0
"Chr17_08078612",0,0,0
"Chr17_08232351",0,0,0
"Chr17_08571081",0,0,0
"Chr17_08868234",0,0,0
"Chr17_09337208",0,0,0
"Chr17_09474727",0,0.0742848691064175,0
"Chr17_09480146",0,0.315944514479881,0
"Chr17_09654390",0,0,0
"Chr17_09813795",0,0,0
"Chr17_10010064",0,0,0
"Chr17_10131641",0,0,0
"Chr17_10391108",0,0,0
"Chr17_10528407",-0.226027207748316,0,0
"Chr17_10697977",0,0,0
"Chr17_10753308",0,0,0
"Chr17_10801964",0,0,0
"Chr17_10850910",0,0,0
"Chr17_11075246",0,0,0
"Chr17_11121282",0,-0.0729101085774642,0
"Chr17_11234528",0,0,0
"Chr17_11312669",0,0,0
"Chr17_11691107",0,0,0
"Chr17_11947236",0,0.0801557516998737,0
"Chr17_11991513",0,0,0
"Chr17_12029252",0,0,0
"Chr17_12314945",0,0,0
"Chr17_12428018",0,0,0
"Chr17_12464852",0,0,0
"Chr17_12538241",0,0,0
"Chr17_12766845",0,0,0
"Chr17_12863178",0,0,0
"Chr17_13286983",0,0,0
"Chr17_13512161",0,0,0
"Chr17_13705571",0,0,-0.219743807471599
"Chr17_13995129",-0.0981226183404252,0,0
"Chr17_14056268",0,0,-0.186263648728683
"Chr17_14342846",0,0,0
"Chr17_14653350",0,0,0
"Chr17_14655660",0,0,0
"Chr17_14862270",0,0,0
"Chr17_15188022",0,0,0
"Chr17_15190142",0,0,0
"Chr17_15431103",0,0,0
"Chr17_15491345",0,0,0
"Chr17_15540001",0,0,0.00977069902578761
"Chr17_16104242",-0.0186155346362665,0,0
"Chr17_16886977",0,0,0
"Chr17_17394591",0,0,0
"Chr17_17922009",0,0,0
"Chr17_18386916",0,0,0
"Chr17_26391280",0,0,0
"Chr17_27151624",0,0,0
"Chr17_27373625",0,0.270056277859955,0
"Chr17_29405294",0,0,0
"Chr17_30053377",0,0,0
"Chr17_30481499",0,0,0
"Chr17_31602858",0,0,0
"Chr17_32419749",0,0,0
"Chr17_32582578",0,0,0
"Chr17_33303903",0,0,0
"Chr17_33772654",0,0,0
"Chr17_33999524",0,0,0
"Chr17_34395983",0,0,0
"Chr17_34800507",0,0,0
"Chr17_34868946",0,-0.27107764174142,0
"Chr17_34892060",0,0,0
"Chr17_34928657",0,0,0
"Chr17_34984637",0,0,0
"Chr17_35005224",0,0,0
"Chr17_35179319",0,0,0
"Chr17_35269307",0,0,0
"Chr17_36320800",0,0,0
"Chr17_36329456",0,0,0
"Chr17_36329621",0,0,0
"Chr17_36365309",0,0,0
"Chr17_36410965",0,0,0
"Chr17_36454758",0,0,0
"Chr17_36492766",0,0,0
"Chr17_36541922",0,0,0
"Chr17_36635834",0,0,0
"Chr17_36676070",0,0,0
"Chr17_36722959",0,0,0
"Chr17_36889570",0,0,0
"Chr17_36911397",0,0,-0.0432904179461368
"Chr17_36923776",0,0,0
"Chr17_36924518",0,0,-0.0717269363192567
"Chr17_36925530",0,0,0
"Chr17_37085430",0,0,0
"Chr17_37119845",0,0,0
"Chr17_37283786",0,0,0
"Chr17_37508805",0,0,0
"Chr17_37617057",0,0,0
"Chr17_37820642",0,0,0
"Chr17_37961558",0,0,0
"Chr17_38021206",0,0,0
"Chr17_38043631",0,0,0
"Chr17_38068592",0,0,0
"Chr17_38146883",0,0,0
"Chr17_38237259",0,0,0
"Chr17_38244155",0,0,0
"Chr17_38264397",0,0,0
"Chr17_38339583",0.0495928874989449,0,0
"Chr17_38397659",0,0,0
"Chr17_38494289",0,-0.0832827419963579,0
"Chr17_38496605",0,0,0
"Chr17_38497040",0,0,0
"Chr17_38505532",0,0,0
"Chr17_38505594",0.125423103435277,0,0
"Chr17_38782181",0,0,0
"Chr17_38899394",0,0,0
"Chr17_38943796",0,0,0
"Chr17_38953270",0,0,0
"Chr17_38971867",0,0,0
"Chr17_38986145",0,0,0
"Chr17_39008681",0,0,0
"Chr17_39050287",0,0,0
"Chr17_39121119",0,0,0
"Chr17_39190333",0,0,0.2023913904412
"Chr17_39198701",0,0,0
"Chr17_39230247",0.0972342918554199,0,0
"Chr17_39283001",0,0,0
"Chr17_39312465",0,0,0.115585258288532
"Chr17_39427762",0,0,0
"Chr17_39441792",0,0,0
"Chr17_39515297",0,0,0
"Chr17_39619457",0,0,0
"Chr17_39800244",0,0,0
"Chr17_39810502",0,0,0.0855005564145484
"Chr17_39811338",0,0,0
"Chr17_39936061",-0.133399332288392,0,0
"Chr17_40166965",0,0,0
"Chr17_40325608",0,0,0
"Chr17_40518196",0,0,0
"Chr17_40530452",0,0,0
"Chr17_40635856",0,0,0
"Chr17_40638137",0,0,0
"Chr17_40711280",0,0,0
"Chr17_40805796",0,0,0
"Chr17_40880062",0,0,0
"Chr17_41197113",0,0,0
"Chr17_41358651",0,0,0
"Chr17_41605036",0,0,0
"Chr18_00000275",0,0,0
"Chr18_00493502",0,0,0.029329343580872
"Chr18_00705084",0,0,0
"Chr18_00748834",0,0,0
"Chr18_01057081",0,0.14041404608254,0
"Chr18_01078852",0,0,0
"Chr18_01269909",0,0,0
"Chr18_01292427",0,0,0
"Chr18_01452418",0,0,0
"Chr18_02012892",0,0,0
"Chr18_02082827",0,0,0
"Chr18_02226436",0,0,0
"Chr18_02399205",0,0,0
"Chr18_02925011",0,-0.0282081364501355,0
"Chr18_03070899",0,0,0
"Chr18_03208308",0,0,0
"Chr18_03395365",0,0,0
"Chr18_03424526",0,0,0
"Chr18_03452438",0,0,0
"Chr18_03774687",0,0,0
"Chr18_03821682",0,0,0
"Chr18_03880661",0,0,0
"Chr18_03958178",0,0,0
"Chr18_04272352",0,0,0
"Chr18_04417301",0.136180029538194,0,0
"Chr18_04433859",0,0,0
"Chr18_04745320",0,0,0
"Chr18_05503394",0,0,0
"Chr18_05529499",0,0,0
"Chr18_06337871",0,0,0
"Chr18_06589934",0,0,0.23167167321405
"Chr18_06699368",0,0,0
"Chr18_06807208",0,0,0
"Chr18_06826566",0,0,0
"Chr18_06966992",0,0,0
"Chr18_07000561",0,0,0
"Chr18_07007477",0,0,0
"Chr18_07027697",0,0,0
"Chr18_07069436",0,0,0
"Chr18_07085029",0,0,0
"Chr18_07111822",0,0,0.00959129554365332
"Chr18_07175308",-0.104619268760042,0,0
"Chr18_07273240",0,0,0
"Chr18_07538739",0,0,0
"Chr18_07633824",0,0,0
"Chr18_07669885",0,0,0
"Chr18_07674527",0,0,0
"Chr18_07795138",0,0,0
"Chr18_07853246",0,0,0
"Chr18_09940925",0,0,0
"Chr18_10460062",0,0,0
"Chr18_10532356",0,0,0
"Chr18_11276455",0.0694565305577041,0,0
"Chr18_11660204",0,0,0
"Chr18_11929072",0,0,0
"Chr18_12067210",0,0,0
"Chr18_12952719",0,0,0
"Chr18_13221295",0,0,0
"Chr18_14045877",0,0,0
"Chr18_15187978",0,0,0
"Chr18_16288210",0,0,0
"Chr18_16306649",0,0,0
"Chr18_16378567",0.0707282932774625,0,0
"Chr18_18322044",0,0,0
"Chr18_20951524",0,0,0
"Chr18_21404872",0,0,0
"Chr18_23778720",-0.0109603502655368,0,0
"Chr18_25255081",0,0,0.00438657060447255
"Chr18_25549142",0,0,0
"Chr18_25672153",0,0,0
"Chr18_25981821",0,0,0
"Chr18_26601269",0,0,0
"Chr18_26655422",0,0,0
"Chr18_27258928",0,0,0
"Chr18_28166420",0,0,0
"Chr18_29109262",0,0,0
"Chr18_29995808",0,0,0
"Chr18_31025169",0,-0.103111415813572,0
"Chr18_32654751",0,0,0
"Chr18_33097036",0.0664692510224366,0,0
"Chr18_34153460",0,0,0
"Chr18_37353915",0,0,0
"Chr18_38919586",0,0,0
"Chr18_41526444",0,0,0
"Chr18_42777877",0,0,0
"Chr18_43427368",0,-0.0915387433510322,0
"Chr18_43499025",0,0,0
"Chr18_44370835",0,0,0
"Chr18_44618736",0,0,0
"Chr18_45221870",0,0,0
"Chr18_45741957",0,0,0
"Chr18_45890611",0,0,0
"Chr18_46104552",0,0,0
"Chr18_46225078",0,0,0
"Chr18_46271172",0,0,0
"Chr18_46474488",0,0,0
"Chr18_47453403",0,0,0
"Chr18_47505201",0,0,0
"Chr18_47570384",0,0,0
"Chr18_47666888",0,0,0
"Chr18_47903074",0,0,0
"Chr18_47922009",0,0,0
"Chr18_48030200",0,0,0
"Chr18_48031733",0,0,0
"Chr18_48049539",0,0,0
"Chr18_48164660",0,0,-0.0562679946740171
"Chr18_48687498",0,0,0
"Chr18_48941415",0,0,0
"Chr18_49014777",0,0,0
"Chr18_49402317",0,0,0
"Chr18_49876745",0,0,0
"Chr18_50165432",0,0,0
"Chr18_50197643",0,0,0
"Chr18_50248819",-0.284785679396187,0,0
"Chr18_50292808",0,0,0
"Chr18_50293424",0,0,0
"Chr18_50503126",0,0,0
"Chr18_50520440",0,0,0
"Chr18_50727402",0,0,0
"Chr18_50749152",0.0187103563203643,0,0
"Chr18_50801297",0,0.0777808912166331,0
"Chr18_51150984",0,0,0
"Chr18_51152675",0,0,0
"Chr18_51153359",0,0,0
"Chr18_51349768",0,0,0
"Chr18_51679113",0,0,0
"Chr18_51816494",0,0,0
"Chr18_51864501",0.195225220835555,0,0
"Chr18_52028797",0,0,0
"Chr18_52457169",0,0,0
"Chr18_52632885",0,0,0
"Chr18_52695798",0,-0.0699409222745382,0
"Chr18_52699069",0,-0.0751144331631676,0
"Chr18_53341991",0,0,0
"Chr18_53380347",0,0,0
"Chr18_53525618",0,0,0
"Chr18_53549188",0,0,0
"Chr18_54125416",0,0,0
"Chr18_54193658",0,0,0
"Chr18_54238061",0,0,0
"Chr18_54321346",0,0,0
"Chr18_54332946",0,0,0
"Chr18_54343631",0,0,0
"Chr18_54419589",0,0,0
"Chr18_54437972",0,-0.205676275825631,0
"Chr18_54502352",0,0,0
"Chr18_54785183",0,0,0
"Chr18_54846938",0,0,0
"Chr18_54896233",0,0,0
"Chr18_54900674",0,0,0
"Chr18_55021257",0,0,0
"Chr18_55023913",0,0,0
"Chr18_55026765",0,0,0
"Chr18_55065935",0,0,0
"Chr18_55103430",0,0,0
"Chr18_55114120",0,-0.490977105614498,0
"Chr18_55130204",0,0,0
"Chr18_55179541",0,0,0
"Chr18_55221536",0,0,0
"Chr18_55232814",0,0,0.0863490017751745
"Chr18_55270849",0,0,0.0982145112714192
"Chr18_55495439",0,0,0
"Chr18_55531902",0,0,0
"Chr18_55532204",0,0,0
"Chr18_55573243",0,0,0
"Chr18_55580293",0,0,0
"Chr18_55582686",0,0,0
"Chr18_55586731",-0.0308553132716171,0,0
"Chr18_55644750",0,0,0
"Chr18_55689404",0,0,0
"Chr18_55800154",0,0,0
"Chr18_55805797",0,0,0
"Chr18_55864452",0,0,0
"Chr18_55879410",0,0,0
"Chr18_55901564",0,0,0
"Chr18_56017958",0,0,0
"Chr18_56032828",0,0,0
"Chr18_56116682",0,0,0
"Chr18_56178283",0,0,0
"Chr18_56191522",0,0,0.0953505051217851
"Chr18_56196882",0,0,0
"Chr18_56221677",0,0,0
"Chr18_56315388",0,0,0
"Chr18_56429631",0,0,0
"Chr18_56439611",0,0,0
"Chr18_56494597",0,0,0
"Chr18_56513903",0,0,0
"Chr18_56526271",0,0,0
"Chr18_56530612",0,0,0
"Chr18_56537693",0,0,0.255433112085556
"Chr18_56540835",0,0.234549954052441,0
"Chr18_56568806",0,0,0
"Chr18_56613165",0,0,0
"Chr18_56646826",0,0,0
"Chr18_56678385",0,0,0.139241997973182
"Chr18_57017142",0,0,0
"Chr18_57214967",0,0,0
"Chr18_57233098",0,0,0
"Chr18_57392811",0,0,0
"Chr18_57892320",0,0,0
"Chr19_00077228",0,0,0
"Chr19_00142795",0,0,0
"Chr19_00182030",0,0,0
"Chr19_00226773",0,0,0
"Chr19_00262394",0,0,0
"Chr19_00465279",0,0,0
"Chr19_00486349",0,0,0
"Chr19_00489781",0,0,0
"Chr19_00501430",0,0,0
"Chr19_00505708",0,0,0
"Chr19_00551810",0,0,0
"Chr19_00563835",0,0,0
"Chr19_00584851",0,0,0
"Chr19_00646108",0,0,0
"Chr19_00660847",0,0,0
"Chr19_00677762",0,-0.40754912142308,0
"Chr19_00682059",0,0.00684765563263104,0
"Chr19_00690722",0,0,0
"Chr19_00710901",0,0,0
"Chr19_00762078",0,0,0
"Chr19_00770495",0,0,-0.0938486083793467
"Chr19_00837535",0,0,0
"Chr19_00847767",0,0,0
"Chr19_00856031",0,0,0
"Chr19_00865265",0,0,0
"Chr19_00884983",0,0,0
"Chr19_01036124",0,0,0
"Chr19_01075588",0,0,0
"Chr19_01177798",0,0,0
"Chr19_01291273",0,0,0
"Chr19_01522084",-0.0713371768913462,0,0
"Chr19_01727261",0,0,0
"Chr19_01727275",0,0,0
"Chr19_01822460",-0.172327705035542,0,0
"Chr19_01847830",0,0,0
"Chr19_02282550",-0.0225898776764759,0,0
"Chr19_02320613",0,0,0
"Chr19_02490595",0,0,0
"Chr19_02491838",0,0,0
"Chr19_02505636",0,0,0
"Chr19_02547036",0,0,0
"Chr19_02552978",0,0,0
"Chr19_02649306",0,0,0
"Chr19_03709177",0,0,0
"Chr19_04279724",0,0,-0.0484621110982983
"Chr19_04448149",0,0,0
"Chr19_05357824",-0.00790880795581009,0,0
"Chr19_05583283",0,0,0
"Chr19_06054165",0,0,0
"Chr19_06127828",0,0,0
"Chr19_06877546",0,0.0810370333501338,0
"Chr19_07373953",0,0,0
"Chr19_08431748",0,0,0
"Chr19_09433994",0,0,0
"Chr19_09625668",0,0,0
"Chr19_10119452",0,0.123287347833005,0
"Chr19_10953624",0,0,0
"Chr19_11084651",0,0,0
"Chr19_11172563",0.094222409351295,0,0
"Chr19_11550063",0,0,0
"Chr19_12611998",0,0,-0.16773467687355
"Chr19_12763621",0,0,0
"Chr19_15480726",-0.241842911429296,0,0
"Chr19_15889416",0,0,0
"Chr19_16772059",0,0,0
"Chr19_16960919",0,0,0
"Chr19_16971373",0,0,0
"Chr19_17675199",0,0,0
"Chr19_19553002",0,0,0
"Chr19_19749633",0,0,0
"Chr19_21258449",0,0,0
"Chr19_21502837",0,0,0.0394313416649775
"Chr19_21645593",0,0,0
"Chr19_22099069",0,0,0
"Chr19_23866666",0,0,0
"Chr19_29249539",0,0,0
"Chr19_29390081",0,0,0
"Chr19_30817290",0,0,0
"Chr19_31378321",0,0,0
"Chr19_32123177",0,0,0
"Chr19_32402943",0,0,0
"Chr19_32422557",0,0,0
"Chr19_32473684",0,0,0
"Chr19_33374647",0,0,0
"Chr19_34018126",0,0,0
"Chr19_34034325",0.0209156407687427,0,0
"Chr19_34043903",0,0,0
"Chr19_34144537",0,0,0
"Chr19_34799669",0,0,0
"Chr19_34839735",0,0,0
"Chr19_35713053",0,0,0
"Chr19_36090129",0,0,0
"Chr19_36207720",0,0,0
"Chr19_36246750",0,0,0
"Chr19_36599987",0,0,0
"Chr19_36647366",0,0,0
"Chr19_36719256",0,0,0
"Chr19_36766141",0,0,0
"Chr19_36834127",0,0,0
"Chr19_37047246",0,0,0
"Chr19_37144996",0,0,0
"Chr19_37631745",0,0,0
"Chr19_37660752",0,0,0
"Chr19_37890676",0,0,0
"Chr19_38006506",0,0,0
"Chr19_38543230",0,0,0
"Chr19_38768373",0,0,0
"Chr19_38784607",0,0,0
"Chr19_38790723",0,0,0
"Chr19_38794625",0,0,0
"Chr19_38919740",0,0,0
"Chr19_39012551",0,0,0
"Chr19_39014878",0,0,0
"Chr19_39482801",0,0,0
"Chr19_39484078",0,0,0
"Chr19_39488020",0,0,-0.085854663655691
"Chr19_39549670",0,0,0
"Chr19_39837409",0,0,0
"Chr19_39869267",0,0,0
"Chr19_39944666",0,0,0
"Chr19_39949717",0,0,0
"Chr19_39971018",0,0,0
"Chr19_40086921",0,0,0
"Chr19_40150939",0,0,0
"Chr19_40161258",0,0,0
"Chr19_40252284",0,0,0
"Chr19_40261944",0,0,0
"Chr19_40344906",0,0,0
"Chr19_40388234",0,0,0
"Chr19_40480631",0,0,0
"Chr19_40515499",0,0,0
"Chr19_40576386",0,0,0
"Chr19_40598318",0,0,0
"Chr19_40708611",0,0,0
"Chr19_40940765",0,0,0
"Chr19_40951401",0,0,0
"Chr19_41901448",0,0,0
"Chr19_41996243",0,0,0
"Chr19_42024825",0,0.181963387207679,0
"Chr19_42077643",0,0,0
"Chr19_42249311",0,0,0
"Chr19_42317094",-0.10313903025254,0,0
"Chr19_42333242",0,0,0.0465281486802416
"Chr19_42381922",0,0,0
"Chr19_43190120",0,0,0
"Chr19_44471805",0,0,0
"Chr19_44702727",0,0,0
"Chr19_44738904",0,0,0
"Chr19_44773701",0,0,0
"Chr19_44807132",0,-0.143523964343562,0
"Chr19_44822401",0,0,0
"Chr19_45036500",0,0,0
"Chr19_45467557",0,0,0.279945591777911
"Chr19_45767393",0,0,0
"Chr19_45970731",0,0,0
"Chr19_46084615",0,0,-0.0602324139725625
"Chr19_46170053",0,0,0
"Chr19_46183272",0,0,0
"Chr19_46246141",0,0,0
"Chr19_46324970",0,0,0
"Chr19_46735633",0,0,0
"Chr19_46851633",0,0,0
"Chr19_47532495",0,0,0
"Chr19_47610286",0,0,0
"Chr19_47675604",0,0,0
"Chr19_47694111",0,0,0
"Chr19_47694639",0,0,0
"Chr19_47766665",0,0,0
"Chr19_47772229",0,0,0
"Chr19_47782378",0,0,0
"Chr19_47931914",0,0,0
"Chr19_47970296",0,0,0
"Chr19_48037185",0,0,0
"Chr19_48406936",0,0,0
"Chr19_48500311",0,0,0
"Chr19_48511538",0,0,0
"Chr19_48585174",0,0,0
"Chr19_48636021",0,-0.0655306984402171,0
"Chr19_48712883",0,-0.0335493599779741,0
"Chr19_48718122",0,0,0
"Chr19_48805527",0,0,0
"Chr19_48810669",0,0,0
"Chr19_49077717",0,0,0
"Chr19_49081980",0,0.125066994104394,0
"Chr19_49108562",0,-0.00525048537914477,0
"Chr19_49162471",0,0,0
"Chr19_49311891",0,0,0
"Chr19_49314533",0,0,-0.0267799320955382
"Chr19_49315231",0,0,0
"Chr19_49367719",0.0748813571441646,0,0
"Chr19_49409878",0,0,0.228104695455198
"Chr19_49507360",0,0,0
"Chr19_49547095",0,0,0
"Chr19_49582106",0,0,0
"Chr19_49605875",0,0,0
"Chr19_49620134",0,0,0
"Chr19_49757833",0.0576144893647102,0,0
"Chr19_49930872",0,0,0
"Chr19_50025382",0,0,0
"Chr19_50444151",0,0,0
"Chr20_00249890",0,0,0
"Chr20_00253273",0,0,0
"Chr20_00292349",0,0,0
"Chr20_00343860",0,0,0.250569161606403
"Chr20_00467551",-0.00190244685146441,0,0
"Chr20_00682019",0,0,0
"Chr20_01125639",0,0,0
"Chr20_01126576",0.0361692408583268,0,0
"Chr20_01134968",0,0,0
"Chr20_01195282",0,0,0
"Chr20_01650596",0,0,0
"Chr20_01748363",0,0,0
"Chr20_01931258",0,0,0
"Chr20_02023334",-0.146899658008295,0,0
"Chr20_02185505",0,0,0
"Chr20_02226539",0,0,0
"Chr20_02292167",0,0,0
"Chr20_02338363",0,0,0
"Chr20_02401271",0,0,0
"Chr20_02740854",0,0,0
"Chr20_02800341",0,0,0
"Chr20_02886162",0,0,0
"Chr20_02951863",0,0,0
"Chr20_04713468",0,0,0
"Chr20_04786400",0,0,0
"Chr20_07612952",0,0,0
"Chr20_10025864",0.0606560253297293,0,0
"Chr20_11101873",0,-0.0286728483948723,0
"Chr20_11169731",0,0,0
"Chr20_12473346",0,0,0
"Chr20_13855065",0,0,0
"Chr20_16066549",0,0,0
"Chr20_16391916",0,0,0
"Chr20_16892357",0,0,0
"Chr20_17002718",0,0,0
"Chr20_18656767",0.0274137021511277,0,0
"Chr20_18879488",0,0,0
"Chr20_20002258",0,0,0
"Chr20_23021086",0,0,0
"Chr20_23825552",0,0,0
"Chr20_24845037",0,0,0
"Chr20_24931278",0,0,0
"Chr20_25260844",0,0,0
"Chr20_27008733",0,0,0
"Chr20_28004862",0,0,0
"Chr20_28497881",0,0,0
"Chr20_28940761",0,0,0
"Chr20_28981005",0,0,0
"Chr20_30133487",0,0,0
"Chr20_30923324",0,0,0
"Chr20_31478021",0,0,0
"Chr20_31854166",0,-0.144607830194286,0
"Chr20_31958482",0,0,0.250149047053865
"Chr20_32335471",0,0,0
"Chr20_33660102",0,0,0
"Chr20_33736746",0,0,-0.0078087003564353
"Chr20_34078893",0,0,0
"Chr20_34152575",0,0,0
"Chr20_34184939",0,0,0
"Chr20_34211062",0,0,0
"Chr20_34302877",0,-0.0506946579625802,0
"Chr20_34426356",0,0,0
"Chr20_34429201",0,0,0
"Chr20_34446872",0,0,0
"Chr20_34466304",0,0,0
"Chr20_34637224",0,0,0
"Chr20_34718753",0,0,0
"Chr20_34734067",0,0,0
"Chr20_34760117",0,0,0
"Chr20_34816072",0,0,0.0896410489759724
"Chr20_34821233",0,0,0
"Chr20_34827656",0.0962088680518368,0,0
"Chr20_34889213",0,0,0
"Chr20_34916461",0,0,0
"Chr20_34919191",0,0,0
"Chr20_34950629",0,0,0
"Chr20_34969752",0,0,0
"Chr20_34985986",0,0,0
"Chr20_35030743",0,0,-0.205353777955252
"Chr20_35073742",0,0,0
"Chr20_35077267",0,0,0
"Chr20_35099474",0,0,0
"Chr20_35102537",0,0,0
"Chr20_35120116",0,0,0
"Chr20_35123697",0,0,0
"Chr20_35192790",0,0,0
"Chr20_35214872",0,0,0
"Chr20_35225107",0,0,0
"Chr20_35323169",0,0,0
"Chr20_35345298",0,0.0480435045288956,0
"Chr20_35357522",0,0,0
"Chr20_35369515",0,0,0
"Chr20_35372466",0,0,0
"Chr20_35493276",0,0,0
"Chr20_35502270",0,0,0
"Chr20_35508857",0,0,0
"Chr20_35518661",0,0,0
"Chr20_35538320",0,0,0
"Chr20_35626854",-0.0777566387916884,0,0
"Chr20_35672905",0,0,0
"Chr20_35750174",0,0,0
"Chr20_36060550",0,0,0
"Chr20_36085131",0,0,0
"Chr20_36105644",0,0,0
"Chr20_36242932",0,0,0
"Chr20_36317700",0,0,0
"Chr20_36325257",0,0,0
"Chr20_36410482",0,0,0
"Chr20_36483505",0,0,0
"Chr20_36490374",0,0,0
"Chr20_36563475",0,0,0
"Chr20_36593448",0,0,0
"Chr20_36596245",0,0,0
"Chr20_36623014",0,0,0
"Chr20_36626266",0,0,0
"Chr20_36768597",0,0,0
"Chr20_36841303",0,0,0
"Chr20_36870848",0,0,0.244367470955796
"Chr20_36953516",0,0,0
"Chr20_37002313",0,0,0
"Chr20_37051974",0,0.069290925952473,0
"Chr20_37106612",0,0,0
"Chr20_37161637",0,0,0
"Chr20_37221256",0,0,0
"Chr20_37244117",0,0,0
"Chr20_37586309",0,0,0
"Chr20_37678868",0,0,0
"Chr20_37760945",0,0,0
"Chr20_37811485",0,0,0
"Chr20_37819109",0,0,0
"Chr20_38003151",0,-0.44873572915821,0
"Chr20_38287020",0,0,0
"Chr20_38464852",0,0,0.189166031969695
"Chr20_38574247",0,0,0
"Chr20_38674155",0,0,0
"Chr20_38747710",0,0,0
"Chr20_39151370",0,0,0
"Chr20_39241717",0.206661603878251,0,0
"Chr20_39624771",0,0,0
"Chr20_39774211",0,0,0
"Chr20_40094860",0,0,0
"Chr20_40236115",0,0,0
"Chr20_40456185",0.20321077127487,0,0
"Chr20_40932269",0,0.0462099626105696,0
"Chr20_41050639",0,0,0.326216206424203
"Chr20_41205440",0.0676327609764315,0,0
"Chr20_41987935",0,0,0
"Chr20_42016319",0,0,0
"Chr20_42205259",0,0,0
"Chr20_42231283",0,0,0
"Chr20_42242319",0,0,0
"Chr20_42446652",0,0,0
"Chr20_42456465",0,0,0
"Chr20_42524844",0,0,0
"Chr20_42538866",0,0,0
"Chr20_42587076",0,-0.0740323029467062,0
"Chr20_42644579",0,0,0
"Chr20_42830829",0,0,0
"Chr20_43017111",0,0,0
"Chr20_43162060",0,0,0
"Chr20_43309207",0,0,-0.00656016021897648
"Chr20_43651221",0,0,0
"Chr20_43660333",0,0,0
"Chr20_43682922",0,0,0
"Chr20_43771633",0,0,0
"Chr20_43878074",0,0,0
"Chr20_43925683",0,0,0
"Chr20_44048406",0,0,0
"Chr20_44059444",0,0,0
"Chr20_44171661",0,0,0
"Chr20_44343532",0,0,0
"Chr20_44361202",0,0,0
"Chr20_45338317",0,0,0
"Chr20_45422531",0,0,0
"Chr20_45645130",0,0,0
"Chr20_45683365",0,0,0
"Chr20_45838220",0,0,0
"Chr20_45857761",0,-0.0146906689740054,0
"Chr20_45908199",0,0,0
"Chr20_45908466",0,0,0
"Chr20_45962064",0,0,0
"Chr20_45983977",0,0,0
"Chr20_46014914",0,0,-0.143844875156808
"Chr20_46045771",0,0,0
"Chr20_46277890",0,0,0
"Chr20_46581212",0,0,0
"Chr20_46688111",0,0,0
"Chr20_46690576",0,0,0
"Chr20_46851623",0,0,0
"Chr20_46857621",0,0,0
"Chr20_46864009",0,0,0
"Chr20_46994135",0,0,0
"Chr20_46994444",0,0,0
"Chr20_47067276",0,0,0
"Chr20_47099700",0,0,0
"Chr20_47286903",0,0,0
"Chr20_47329357",0,0,0
"Chr20_47628829",0,0,0
"Chr20_47667694",0,0,0
"Chr20_47726278",0,-0.146888851712771,0
