"","chr","SNPid","physPos","linkMapPos"
"Chr01_00279482","Chr01","Chr01_00279482",279482,0.490246731236793
"Chr01_00289806","Chr01","Chr01_00289806",289806,0.508414250120348
"Chr01_00297528","Chr01","Chr01_00297528",297528,0.522002934818025
"Chr01_00434080","Chr01","Chr01_00434080",434080,0.762298463545969
"Chr01_00446092","Chr01","Chr01_00446092",446092,0.783436417520133
"Chr01_00583849","Chr01","Chr01_00583849",583849,1.02585242864392
"Chr01_00592155","Chr01","Chr01_00592155",592155,1.0404687994156
"Chr01_00754442","Chr01","Chr01_00754442",754442,1.32605114512032
"Chr01_00810900","Chr01","Chr01_00810900",810900,1.42540234437718
"Chr01_00820295","Chr01","Chr01_00820295",820295,1.44193506811905
"Chr01_00856939","Chr01","Chr01_00856939",856939,1.50641884978981
"Chr01_00886550","Chr01","Chr01_00886550",886550,1.55852640516186
"Chr01_00958185","Chr01","Chr01_00958185",958185,1.68458512418777
"Chr01_00991082","Chr01","Chr01_00991082",991082,1.7424751734625
"Chr01_01007067","Chr01","Chr01_01007067",1007067,1.77060456026545
"Chr01_01022951","Chr01","Chr01_01022951",1022951,1.79855621368916
"Chr01_01239760","Chr01","Chr01_01239760",1239760,2.18008290892597
"Chr01_01266941","Chr01","Chr01_01266941",1266941,2.22791430477776
"Chr01_01277349","Chr01","Chr01_01277349",1277349,2.24622964152128
"Chr01_01322774","Chr01","Chr01_01322774",1322774,2.32616566876706
"Chr01_01466212","Chr01","Chr01_01466212",1466212,2.57857874253881
"Chr01_01495237","Chr01","Chr01_01495237",1495237,2.62965509236399
"Chr01_01700257","Chr01","Chr01_01700257",1700257,2.9904362548501
"Chr01_01779453","Chr01","Chr01_01779453",1779453,3.12980034100876
"Chr01_01796206","Chr01","Chr01_01796206",1796206,3.15928120538848
"Chr01_01815598","Chr01","Chr01_01815598",1815598,3.19340601420192
"Chr01_01880979","Chr01","Chr01_01880979",1880979,3.30845934160658
"Chr01_01892985","Chr01","Chr01_01892985",1892985,3.32958673716218
"Chr01_01902198","Chr01","Chr01_01902198",1902198,3.34579918887413
"Chr01_01932496","Chr01","Chr01_01932496",1932496,3.39911568317227
"Chr01_02140693","Chr01","Chr01_02140693",2140693,3.7654875282904
"Chr01_02182955","Chr01","Chr01_02182955",2182955,3.83985750921416
"Chr01_02195631","Chr01","Chr01_02195631",2195631,3.86216392817657
"Chr01_02262383","Chr01","Chr01_02262383",2262383,3.97962985422414
"Chr01_02342860","Chr01","Chr01_02342860",2342860,4.12124816274718
"Chr01_02477768","Chr01","Chr01_02477768",2477768,4.35865068478735
"Chr01_02555518","Chr01","Chr01_02555518",2555518,4.49547019207101
"Chr01_02600302","Chr01","Chr01_02600302",2600302,4.57427822826639
"Chr01_02601661","Chr01","Chr01_02601661",2601661,4.57666971007216
"Chr01_02727768","Chr01","Chr01_02727768",2727768,4.79858479180875
"Chr01_02898330","Chr01","Chr01_02898330",2898330,5.09872895645589
"Chr01_02917565","Chr01","Chr01_02917565",2917565,5.13257748665011
"Chr01_02923414","Chr01","Chr01_02923414",2923414,5.14287018501798
"Chr01_03030583","Chr01","Chr01_03030583",3030583,5.33145937827949
"Chr01_03205217","Chr01","Chr01_03205217",3205217,5.63876918966179
"Chr01_03392781","Chr01","Chr01_03392781",3392781,5.96883239305923
"Chr01_03460607","Chr01","Chr01_03460607",3460607,6.08818827603057
"Chr01_03483410","Chr01","Chr01_03483410",3483410,6.1283155458002
"Chr01_03492519","Chr01","Chr01_03492519",3492519,6.14434498492363
"Chr01_03573953","Chr01","Chr01_03573953",3573953,6.28764736120836
"Chr01_03724373","Chr01","Chr01_03724373",3724373,6.55234691472099
"Chr01_03815032","Chr01","Chr01_03815032",3815032,6.7118828595548
"Chr01_03815573","Chr01","Chr01_03815573",3815573,6.7128348769624
"Chr01_03818716","Chr01","Chr01_03818716",3818716,6.71836572855587
"Chr01_03916297","Chr01","Chr01_03916297",3916297,6.89008256894489
"Chr01_04032348","Chr01","Chr01_04032348",4032348,7.09430174116065
"Chr01_04124666","Chr01","Chr01_04124666",4124666,7.25675708872866
"Chr01_04137900","Chr01","Chr01_04137900",4137900,7.28004544061794
"Chr01_04161515","Chr01","Chr01_04161515",4161515,7.32160161636718
"Chr01_04221856","Chr01","Chr01_04221856",4221856,7.42778587217429
"Chr01_04225980","Chr01","Chr01_04225980",4225980,7.43504302520372
"Chr01_04314187","Chr01","Chr01_04314187",4314187,7.59026409631586
"Chr01_04316514","Chr01","Chr01_04316514",4316514,7.59435900298402
"Chr01_04350453","Chr01","Chr01_04350453",4350453,7.65408269761682
"Chr01_04450798","Chr01","Chr01_04450798",4450798,7.83066344949307
"Chr01_04525214","Chr01","Chr01_04525214",4525214,7.96161599552548
"Chr01_04547579","Chr01","Chr01_04547579",4547579,8.00097250073962
"Chr01_04590938","Chr01","Chr01_04590938",4590938,8.07727291252498
"Chr01_04704243","Chr01","Chr01_04704243",4704243,8.27665984850922
"Chr01_05201959","Chr01","Chr01_05201959",5201959,9.15250882455027
"Chr01_05293384","Chr01","Chr01_05293384",5293384,9.31339272748799
"Chr01_05362375","Chr01","Chr01_05362375",5362375,9.43479870339804
"Chr01_05545830","Chr01","Chr01_05545830",5545830,9.75763114981249
"Chr01_05681813","Chr01","Chr01_05681813",5681813,9.99692538851285
"Chr01_05749457","Chr01","Chr01_05749457",5749457,10.1159609994543
"Chr01_05769137","Chr01","Chr01_05769137",5769137,10.150592612359
"Chr01_05783607","Chr01","Chr01_05783607",5783607,10.1760559984734
"Chr01_05962501","Chr01","Chr01_05962501",5962501,10.4908622870393
"Chr01_06747631","Chr01","Chr01_06747631",6747631,11.8724841488222
"Chr01_06998452","Chr01","Chr01_06998452",6998452,12.313862999451
"Chr01_07039275","Chr01","Chr01_07039275",7039275,12.3857007196548
"Chr01_07099969","Chr01","Chr01_07099969",7099969,12.492506162421
"Chr01_07327259","Chr01","Chr01_07327259",7327259,12.8924766551606
"Chr01_07506516","Chr01","Chr01_07506516",7506516,13.2079217280499
"Chr01_07520669","Chr01","Chr01_07520669",7520669,13.2328272777166
"Chr01_07543595","Chr01","Chr01_07543595",7543595,13.2731709950669
"Chr01_08684773","Chr01","Chr01_08684773",8684773,15.2813434925968
"Chr01_08952245","Chr01","Chr01_08952245",8952245,15.7520237144897
"Chr01_09062058","Chr01","Chr01_09062058",9062058,15.945265650867
"Chr01_11649517","Chr01","Chr01_11649517",11649517,20.4985115093449
"Chr01_13331795","Chr01","Chr01_13331795",13331795,23.4588773881119
"Chr01_13436678","Chr01","Chr01_13436678",13436678,23.6434438238988
"Chr01_15183551","Chr01","Chr01_15183551",15183551,26.717479877238
"Chr01_15637910","Chr01","Chr01_15637910",15637910,27.5170319609665
"Chr01_16173705","Chr01","Chr01_16173705",16173705,28.4598899404526
"Chr01_16207682","Chr01","Chr01_16207682",16207682,28.5196805050697
"Chr01_18314793","Chr01","Chr01_18314793",18314793,32.2276404897896
"Chr01_18697817","Chr01","Chr01_18697817",18697817,32.9016617754206
"Chr01_18787841","Chr01","Chr01_18787841",18787841,33.0600802876226
"Chr01_20963125","Chr01","Chr01_20963125",20963125,36.8880067838543
"Chr01_21026590","Chr01","Chr01_21026590",21026590,36.9996884562628
"Chr01_21349799","Chr01","Chr01_21349799",21349799,37.5684511074479
"Chr01_23889021","Chr01","Chr01_23889021",23889021,42.0368125598442
"Chr01_24414059","Chr01","Chr01_24414059",24414059,42.9607410545734
"Chr01_25607266","Chr01","Chr01_25607266",25607266,45.0604708787202
"Chr01_27222942","Chr01","Chr01_27222942",27222942,47.9036347919038
"Chr01_27564548","Chr01","Chr01_27564548",27564548,48.5047713141564
"Chr01_30257074","Chr01","Chr01_30257074",30257074,53.242907399924
"Chr01_30672287","Chr01","Chr01_30672287",30672287,53.9735728414387
"Chr01_31764287","Chr01","Chr01_31764287",31764287,55.8952050209081
"Chr01_32679892","Chr01","Chr01_32679892",32679892,57.5064284931454
"Chr01_32943760","Chr01","Chr01_32943760",32943760,57.9707666249515
"Chr01_33598848","Chr01","Chr01_33598848",33598848,59.1235488421533
"Chr01_34764735","Chr01","Chr01_34764735",34764735,61.1752026670847
"Chr01_35299652","Chr01","Chr01_35299652",35299652,62.1165155979869
"Chr01_35307373","Chr01","Chr01_35307373",35307373,62.1301025229482
"Chr01_35851333","Chr01","Chr01_35851333",35851333,63.0873287503696
"Chr01_36145218","Chr01","Chr01_36145218",36145218,63.6044888905376
"Chr01_37080500","Chr01","Chr01_37080500",37080500,65.2503386964703
"Chr01_37484340","Chr01","Chr01_37484340",37484340,65.9609906555884
"Chr01_37921117","Chr01","Chr01_37921117",37921117,66.7296030534383
"Chr01_39283488","Chr01","Chr01_39283488",39283488,69.1270169307057
"Chr01_40970051","Chr01","Chr01_40970051",40970051,72.0949232800671
"Chr01_43151134","Chr01","Chr01_43151134",43151134,75.9330544878453
"Chr01_43225309","Chr01","Chr01_43225309",43225309,76.0635829373985
"Chr01_43905253","Chr01","Chr01_43905253",43905253,77.2601051632567
"Chr01_44355283","Chr01","Chr01_44355283",44355283,78.0520393479881
"Chr01_45597550","Chr01","Chr01_45597550",45597550,80.2381018412967
"Chr01_45931540","Chr01","Chr01_45931540",45931540,80.825836210913
"Chr01_46675211","Chr01","Chr01_46675211",46675211,82.1345011601238
"Chr01_47653309","Chr01","Chr01_47653309",47653309,83.8556958409615
"Chr01_47867666","Chr01","Chr01_47867666",47867666,84.2329076624766
"Chr01_48455901","Chr01","Chr01_48455901",48455901,85.2680462202516
"Chr01_48686468","Chr01","Chr01_48686468",48686468,85.673783369266
"Chr01_48778626","Chr01","Chr01_48778626",48778626,85.8359571590055
"Chr01_48791080","Chr01","Chr01_48791080",48791080,85.8578729164809
"Chr01_48833196","Chr01","Chr01_48833196",48833196,85.9319859758861
"Chr01_48835523","Chr01","Chr01_48835523",48835523,85.9360808825543
"Chr01_48949341","Chr01","Chr01_48949341",48949341,86.1363705633261
"Chr01_48978006","Chr01","Chr01_48978006",48978006,86.1868134080372
"Chr01_49247884","Chr01","Chr01_49247884",49247884,86.6617275557761
"Chr01_49295040","Chr01","Chr01_49295040",49295040,86.7447096867789
"Chr01_49556063","Chr01","Chr01_49556063",49556063,87.2040413684471
"Chr01_49599878","Chr01","Chr01_49599878",49599878,87.2811442200436
"Chr01_49635587","Chr01","Chr01_49635587",49635587,87.3439826481541
"Chr01_49773049","Chr01","Chr01_49773049",49773049,87.5858795370316
"Chr01_49775560","Chr01","Chr01_49775560",49775560,87.5902982352026
"Chr01_49870839","Chr01","Chr01_49870839",49870839,87.7579641623341
"Chr01_50006257","Chr01","Chr01_50006257",50006257,87.9962641499526
"Chr01_50074710","Chr01","Chr01_50074710",50074710,88.1167233876644
"Chr01_50102969","Chr01","Chr01_50102969",50102969,88.1664517793856
"Chr01_50111341","Chr01","Chr01_50111341",50111341,88.1811842927616
"Chr01_50136013","Chr01","Chr01_50136013",50136013,88.2246005099153
"Chr01_50143577","Chr01","Chr01_50143577",50143577,88.2379111562573
"Chr01_50205898","Chr01","Chr01_50205898",50205898,88.3475796901921
"Chr01_50213025","Chr01","Chr01_50213025",50213025,88.360121331715
"Chr01_50294917","Chr01","Chr01_50294917",50294917,88.5042296672838
"Chr01_50298879","Chr01","Chr01_50298879",50298879,88.5112017430119
"Chr01_50344722","Chr01","Chr01_50344722",50344722,88.5918733400846
"Chr01_50541079","Chr01","Chr01_50541079",50541079,88.9374099058942
"Chr01_50641046","Chr01","Chr01_50641046",50641046,89.1133254774007
"Chr01_50870511","Chr01","Chr01_50870511",50870511,89.5171233968713
"Chr01_51049668","Chr01","Chr01_51049668",51049668,89.8323924961178
"Chr01_51078986","Chr01","Chr01_51078986",51078986,89.8839844487165
"Chr01_51175986","Chr01","Chr01_51175986",51175986,90.0546788822408
"Chr01_51180977","Chr01","Chr01_51180977",51180977,90.0634617267533
"Chr01_51203252","Chr01","Chr01_51203252",51203252,90.1026598556889
"Chr01_51222397","Chr01","Chr01_51222397",51222397,90.1363500096046
"Chr01_51487314","Chr01","Chr01_51487314",51487314,90.6025341049238
"Chr01_51490279","Chr01","Chr01_51490279",51490279,90.6077517234331
"Chr01_51615912","Chr01","Chr01_51615912",51615912,90.8288326901027
"Chr01_51675578","Chr01","Chr01_51675578",51675578,90.9338291238209
"Chr01_51700992","Chr01","Chr01_51700992",51700992,90.9785510654043
"Chr01_51702323","Chr01","Chr01_51702323",51702323,90.98089327459
"Chr01_51786072","Chr01","Chr01_51786072",51786072,91.1282694407058
"Chr01_51805446","Chr01","Chr01_51805446",51805446,91.1623625742635
"Chr01_51934952","Chr01","Chr01_51934952",51934952,91.3902590001192
"Chr01_51959921","Chr01","Chr01_51959921",51959921,91.434197858992
"Chr01_52774289","Chr01","Chr01_52774289",52774289,92.8672708944592
"Chr01_52820603","Chr01","Chr01_52820603",52820603,92.9487713273896
"Chr01_52869188","Chr01","Chr01_52869188",52869188,93.0342681217481
"Chr01_53025166","Chr01","Chr01_53025166",53025166,93.3087482903281
"Chr01_54257622","Chr01","Chr01_54257622",54257622,95.4775460095407
"Chr01_54292055","Chr01","Chr01_54292055",54292055,95.538139013969
"Chr01_55040733","Chr01","Chr01_55040733",55040733,96.8556149634753
"Chr01_55194382","Chr01","Chr01_55194382",55194382,97.1259967059142
"Chr01_55587339","Chr01","Chr01_55587339",55587339,97.8174974534854
"Chr01_55709593","Chr01","Chr01_55709593",55709593,98.0326322707646
"Chr01_55754388","Chr01","Chr01_55754388",55754388,98.1114596640607
"Chr01_55765219","Chr01","Chr01_55765219",55765219,98.1305193693133
"Chr01_55777514","Chr01","Chr01_55777514",55777514,98.1521553286966
"Chr01_55863203","Chr01","Chr01_55863203",55863203,98.3029453834828
"Chr01_55913184","Chr01","Chr01_55913184",55913184,98.390898769895
"Chr01_56100876","Chr01","Chr01_56100876",56100876,98.7211872195552
"Chr01_56477322","Chr01","Chr01_56477322",56477322,99.3836329589623
"Chr01_56561308","Chr01","Chr01_56561308",56561308,99.5314261826115
"Chr01_56603301","Chr01","Chr01_56603301",56603301,99.6053227944361
"Chr01_56613143","Chr01","Chr01_56613143",56613143,99.6226421203613
"Chr01_56617695","Chr01","Chr01_56617695",56617695,99.630652440582
"Chr01_56664522","Chr01","Chr01_56664522",56664522,99.7130556182999
"Chr02_00000845","Chr02","Chr02_00000845",845,0.000535356971704696
"Chr02_00115144","Chr02","Chr02_00115144",115144,0.235884458928916
"Chr02_00134699","Chr02","Chr02_00134699",134699,0.276149480396937
"Chr02_00138761","Chr02","Chr02_00138761",138761,0.284513403547185
"Chr02_00268282","Chr02","Chr02_00268282",268282,0.55120559713243
"Chr02_00549511","Chr02","Chr02_00549511",549511,1.13027446557681
"Chr02_00675440","Chr02","Chr02_00675440",675440,1.38957049669143
"Chr02_00900419","Chr02","Chr02_00900419",900419,1.85281694337278
"Chr02_01850744","Chr02","Chr02_01850744",1850744,3.80959815158534
"Chr02_02273099","Chr02","Chr02_02273099",2273099,4.67925466614048
"Chr02_02387768","Chr02","Chr02_02387768",2387768,4.91536562224973
"Chr02_02480187","Chr02","Chr02_02480187",2480187,5.10566237597272
"Chr02_03217646","Chr02","Chr02_03217646",3217646,6.62413859518954
"Chr02_03219305","Chr02","Chr02_03219305",3219305,6.62755458448207
"Chr02_03271876","Chr02","Chr02_03271876",3271876,6.73580170509548
"Chr02_03656733","Chr02","Chr02_03656733",3656733,7.52824738993915
"Chr02_03767436","Chr02","Chr02_03767436",3767436,7.75619209316463
"Chr02_03863702","Chr02","Chr02_03863702",3863702,7.95441007100357
"Chr02_04186820","Chr02","Chr02_04186820",4186820,8.61973112478541
"Chr02_04190189","Chr02","Chr02_04190189",4190189,8.62666811569954
"Chr02_04236719","Chr02","Chr02_04236719",4236719,8.72247642298192
"Chr02_04303075","Chr02","Chr02_04303075",4303075,8.85910775842206
"Chr02_04325348","Chr02","Chr02_04325348",4325348,8.90496931930967
"Chr02_04609309","Chr02","Chr02_04609309",4609309,9.48966355408751
"Chr02_04695123","Chr02","Chr02_04695123",4695123,9.66636018166392
"Chr02_04945408","Chr02","Chr02_04945408",4945408,10.1817133342143
"Chr02_04985356","Chr02","Chr02_04985356",4985356,10.2639688738515
"Chr02_04988523","Chr02","Chr02_04988523",4988523,10.2704899335799
"Chr02_05013647","Chr02","Chr02_05013647",5013647,10.3222218895688
"Chr02_05026965","Chr02","Chr02_05026965",5026965,10.3496445209117
"Chr02_05141745","Chr02","Chr02_05141745",5141745,10.5859840332666
"Chr02_05169113","Chr02","Chr02_05169113",5169113,10.6423365317343
"Chr02_05183247","Chr02","Chr02_05183247",5183247,10.6714393603423
"Chr02_05414221","Chr02","Chr02_05414221",5414221,11.147029903352
"Chr02_05595388","Chr02","Chr02_05595388",5595388,11.5200645821706
"Chr02_05654643","Chr02","Chr02_05654643",5654643,11.6420744950873
"Chr02_05744741","Chr02","Chr02_05744741",5744741,11.8275921583052
"Chr02_05885075","Chr02","Chr02_05885075",5885075,12.1165490247176
"Chr02_05897663","Chr02","Chr02_05897663",5897663,12.1424685384092
"Chr02_05912917","Chr02","Chr02_05912917",5912917,12.173877520126
"Chr02_05962938","Chr02","Chr02_05962938",5962938,12.2768740242862
"Chr02_06017275","Chr02","Chr02_06017275",6017275,12.3887574541766
"Chr02_06038218","Chr02","Chr02_06038218",6038218,12.4318804582474
"Chr02_06235097","Chr02","Chr02_06235097",6235097,12.8372671706792
"Chr02_06252260","Chr02","Chr02_06252260",6252260,12.8726069080075
"Chr02_06349200","Chr02","Chr02_06349200",6349200,13.0722126958423
"Chr02_06427774","Chr02","Chr02_06427774",6427774,13.234001690822
"Chr02_06594352","Chr02","Chr02_06594352",6594352,13.5769966663321
"Chr02_06618953","Chr02","Chr02_06618953",6618953,13.6276517311818
"Chr02_06884002","Chr02","Chr02_06884002",6884002,14.1734049234639
"Chr02_06913789","Chr02","Chr02_06913789",6913789,14.2347383008338
"Chr02_06960298","Chr02","Chr02_06960298",6960298,14.3305033677454
"Chr02_07059140","Chr02","Chr02_07059140",7059140,14.5340254977348
"Chr02_07128210","Chr02","Chr02_07128210",7128210,14.6762451363334
"Chr02_07136869","Chr02","Chr02_07136869",7136869,14.6940745825564
"Chr02_07160962","Chr02","Chr02_07160962",7160962,14.743683642246
"Chr02_07163885","Chr02","Chr02_07163885",7163885,14.7497022900471
"Chr02_07216892","Chr02","Chr02_07216892",7216892,14.8588471631208
"Chr02_07229526","Chr02","Chr02_07229526",7229526,14.8848613938151
"Chr02_07523803","Chr02","Chr02_07523803",7523803,15.4907969459779
"Chr02_07940039","Chr02","Chr02_07940039",7940039,16.3478540401105
"Chr02_08183951","Chr02","Chr02_08183951",8183951,16.8500847696583
"Chr02_08205082","Chr02","Chr02_08205082",8205082,16.893594878001
"Chr02_08440104","Chr02","Chr02_08440104",8440104,17.3775205172471
"Chr02_08465239","Chr02","Chr02_08465239",8465239,17.429275122954
"Chr02_08785617","Chr02","Chr02_08785617",8785617,18.0889543378802
"Chr02_09315642","Chr02","Chr02_09315642",9315642,19.1803104106793
"Chr02_09316790","Chr02","Chr02_09316790",9316790,19.1826742176159
"Chr02_09456274","Chr02","Chr02_09456274",9456274,19.4698808785439
"Chr02_09601301","Chr02","Chr02_09601301",9601301,19.7685009382955
"Chr02_09698794","Chr02","Chr02_09698794",9698794,19.9692453892278
"Chr02_09966567","Chr02","Chr02_09966567",9966567,20.5206074753212
"Chr02_10031386","Chr02","Chr02_10031386",10031386,20.6540740274324
"Chr02_10090434","Chr02","Chr02_10090434",10090434,20.7756577138371
"Chr02_10102649","Chr02","Chr02_10102649",10102649,20.8008091961809
"Chr02_10136828","Chr02","Chr02_10136828",10136828,20.871185988242
"Chr02_10290733","Chr02","Chr02_10290733",10290733,21.188086429512
"Chr02_10324498","Chr02","Chr02_10324498",10324498,21.257610768549
"Chr02_10608005","Chr02","Chr02_10608005",10608005,21.8413701876916
"Chr02_10630134","Chr02","Chr02_10630134",10630134,21.8869352431795
"Chr02_10947322","Chr02","Chr02_10947322",10947322,22.5400460398759
"Chr02_10961508","Chr02","Chr02_10961508",10961508,22.5692559398783
"Chr02_11008640","Chr02","Chr02_11008640",11008640,22.6663038044567
"Chr02_11331032","Chr02","Chr02_11331032",11331032,23.3301299768483
"Chr02_11345816","Chr02","Chr02_11345816",11345816,23.3605711978855
"Chr02_11384395","Chr02","Chr02_11384395",11384395,23.4400078771601
"Chr02_11673536","Chr02","Chr02_11673536",11673536,24.0353680700665
"Chr02_11932814","Chr02","Chr02_11932814",11932814,24.5692383966421
"Chr02_11936070","Chr02","Chr02_11936070",11936070,24.5759427131801
"Chr02_11950345","Chr02","Chr02_11950345",11950345,24.6053358699919
"Chr02_12167895","Chr02","Chr02_12167895",12167895,25.0532855207395
"Chr02_12218462","Chr02","Chr02_12218462",12218462,25.1574062745402
"Chr02_12382716","Chr02","Chr02_12382716",12382716,25.4956159823494
"Chr02_12433721","Chr02","Chr02_12433721",12433721,25.6006386067409
"Chr02_12480059","Chr02","Chr02_12480059",12480059,25.6960515734903
"Chr02_12766052","Chr02","Chr02_12766052",12766052,26.2849298289086
"Chr02_13012460","Chr02","Chr02_13012460",13012460,26.7922999853848
"Chr02_13126684","Chr02","Chr02_13126684",13126684,27.0274946574463
"Chr02_13406019","Chr02","Chr02_13406019",13406019,27.6026636562583
"Chr02_13592578","Chr02","Chr02_13592578",13592578,27.9868008150439
"Chr02_13595863","Chr02","Chr02_13595863",13595863,27.9935648444749
"Chr02_13753669","Chr02","Chr02_13753669",13753669,28.3184976993858
"Chr02_13796414","Chr02","Chr02_13796414",13796414,28.4065124445993
"Chr02_13851450","Chr02","Chr02_13851450",13851450,28.5198351611175
"Chr02_13978058","Chr02","Chr02_13978058",13978058,28.7805292975544
"Chr02_13998100","Chr02","Chr02_13998100",13998100,28.8217970838117
"Chr02_14014397","Chr02","Chr02_14014397",14014397,28.8553536706112
"Chr02_14057660","Chr02","Chr02_14057660",14057660,28.9444350116376
"Chr02_14060769","Chr02","Chr02_14060769",14060769,28.9508366455801
"Chr02_14136399","Chr02","Chr02_14136399",14136399,29.1065637523878
"Chr02_14209833","Chr02","Chr02_14209833",14209833,29.25776915185
"Chr02_14266435","Chr02","Chr02_14266435",14266435,29.3743163645901
"Chr02_14428891","Chr02","Chr02_14428891",14428891,29.7088238730334
"Chr02_14689314","Chr02","Chr02_14689314",14689314,30.2450518293498
"Chr02_14709464","Chr02","Chr02_14709464",14709464,30.2865419946569
"Chr02_14727653","Chr02","Chr02_14727653",14727653,30.3239943329582
"Chr02_14791072","Chr02","Chr02_14791072",14791072,30.4545781936833
"Chr02_14855326","Chr02","Chr02_14855326",14855326,30.5868813739138
"Chr02_14876179","Chr02","Chr02_14876179",14876179,30.6298190621098
"Chr02_15025447","Chr02","Chr02_15025447",15025447,30.937171617696
"Chr02_15406294","Chr02","Chr02_15406294",15406294,31.7213604507837
"Chr02_15435172","Chr02","Chr02_15435172",15435172,31.7808221378179
"Chr02_15494530","Chr02","Chr02_15494530",15494530,31.9030441344581
"Chr02_15504950","Chr02","Chr02_15504950",15504950,31.9244995946318
"Chr02_15526759","Chr02","Chr02_15526759",15526759,31.9694057492315
"Chr02_15598894","Chr02","Chr02_15598894",15598894,32.1179364229004
"Chr02_15704672","Chr02","Chr02_15704672",15704672,32.3357402296426
"Chr02_15798923","Chr02","Chr02_15798923",15798923,32.5298091909508
"Chr02_16096448","Chr02","Chr02_16096448",16096448,33.1424325871294
"Chr02_18783061","Chr02","Chr02_18783061",18783061,38.6743441249082
"Chr02_19388477","Chr02","Chr02_19388477",19388477,39.9209351879142
"Chr02_21482990","Chr02","Chr02_21482990",21482990,44.2336741758993
"Chr02_21785337","Chr02","Chr02_21785337",21785337,44.8562263848377
"Chr02_23500763","Chr02","Chr02_23500763",23500763,48.3884004946204
"Chr02_24731250","Chr02","Chr02_24731250",24731250,50.9220535486281
"Chr02_31222047","Chr02","Chr02_31222047",31222047,64.2870282635124
"Chr02_32758957","Chr02","Chr02_32758957",32758957,67.4516262765227
"Chr02_33107780","Chr02","Chr02_33107780",33107780,68.1698756032186
"Chr02_36462175","Chr02","Chr02_36462175",36462175,75.0767938689931
"Chr02_36597631","Chr02","Chr02_36597631",36597631,75.3557066149902
"Chr02_36847607","Chr02","Chr02_36847607",36847607,75.8704235163704
"Chr02_37265954","Chr02","Chr02_37265954",37265954,76.7318272973002
"Chr02_38885164","Chr02","Chr02_38885164",38885164,80.0658863825077
"Chr02_38983644","Chr02","Chr02_38983644",38983644,80.2686631308672
"Chr02_38991212","Chr02","Chr02_38991212",38991212,80.2842461368744
"Chr02_39121116","Chr02","Chr02_39121116",39121116,80.5517269524603
"Chr02_39394742","Chr02","Chr02_39394742",39394742,81.1151407476128
"Chr02_39441152","Chr02","Chr02_39441152",39441152,81.2107019670621
"Chr02_39753592","Chr02","Chr02_39753592",39753592,81.8540363218291
"Chr02_39808800","Chr02","Chr02_39808800",39808800,81.9677131975748
"Chr02_39995986","Chr02","Chr02_39995986",39995986,82.3531413902883
"Chr02_40185325","Chr02","Chr02_40185325",40185325,82.7430027505406
"Chr02_40258712","Chr02","Chr02_40258712",40258712,82.8941113739348
"Chr02_40585878","Chr02","Chr02_40585878",40585878,83.567767523953
"Chr02_40871203","Chr02","Chr02_40871203",40871203,84.155270323767
"Chr02_40951126","Chr02","Chr02_40951126",40951126,84.3198369978038
"Chr02_41294994","Chr02","Chr02_41294994",41294994,85.0278836560582
"Chr02_41336419","Chr02","Chr02_41336419",41336419,85.1131804351077
"Chr02_41340292","Chr02","Chr02_41340292",41340292,85.1211551949208
"Chr02_41381391","Chr02","Chr02_41381391",41381391,85.2057807186904
"Chr02_41421888","Chr02","Chr02_41421888",41421888,85.2891666851639
"Chr02_41692880","Chr02","Chr02_41692880",41692880,85.8471569023801
"Chr02_42422647","Chr02","Chr02_42422647",42422647,87.3497947914956
"Chr02_42428125","Chr02","Chr02_42428125",42428125,87.3610743510763
"Chr02_42471346","Chr02","Chr02_42471346",42471346,87.4500692113611
"Chr02_42549073","Chr02","Chr02_42549073",42549073,87.6101141780522
"Chr02_42750567","Chr02","Chr02_42750567",42750567,88.0250034767317
"Chr02_43002040","Chr02","Chr02_43002040",43002040,88.5428027988298
"Chr02_43511079","Chr02","Chr02_43511079",43511079,89.5909473277513
"Chr02_43890036","Chr02","Chr02_43890036",43890036,90.3712445274678
"Chr02_44311675","Chr02","Chr02_44311675",44311675,91.2394267512855
"Chr02_44522700","Chr02","Chr02_44522700",44522700,91.6739410011085
"Chr02_44658280","Chr02","Chr02_44658280",44658280,91.9531090711997
"Chr02_45119506","Chr02","Chr02_45119506",45119506,92.90280351209
"Chr02_45180944","Chr02","Chr02_45180944",45180944,93.0293083645038
"Chr02_45509735","Chr02","Chr02_45509735",45509735,93.7063104955952
"Chr02_45662767","Chr02","Chr02_45662767",45662767,94.0214133728795
"Chr02_45915651","Chr02","Chr02_45915651",45915651,94.5421180360817
"Chr02_45929302","Chr02","Chr02_45929302",45929302,94.5702263361614
"Chr02_45978555","Chr02","Chr02_45978555",45978555,94.6716414781898
"Chr02_46127769","Chr02","Chr02_46127769",46127769,94.9788828442511
"Chr02_46252420","Chr02","Chr02_46252420",46252420,95.2355473899433
"Chr02_46319428","Chr02","Chr02_46319428",46319428,95.3735212359432
"Chr02_46511330","Chr02","Chr02_46511330",46511330,95.7686599804974
"Chr02_46604023","Chr02","Chr02_46604023",46604023,95.9595209181059
"Chr02_46917310","Chr02","Chr02_46917310",46917310,96.6045993011615
"Chr02_47015392","Chr02","Chr02_47015392",47015392,96.8065565415413
"Chr02_47020231","Chr02","Chr02_47020231",47020231,96.8165203584108
"Chr02_47037070","Chr02","Chr02_47037070",47037070,96.8511929585898
"Chr02_47207919","Chr02","Chr02_47207919",47207919,97.2029822018928
"Chr02_47329469","Chr02","Chr02_47329469",47329469,97.4532615861647
"Chr02_47447538","Chr02","Chr02_47447538",47447538,97.6963733642116
"Chr02_47677433","Chr02","Chr02_47677433",47677433,98.1697421757887
"Chr02_47678249","Chr02","Chr02_47678249",47678249,98.1714223730538
"Chr02_47739099","Chr02","Chr02_47739099",47739099,98.2967164950854
"Chr02_47871234","Chr02","Chr02_47871234",47871234,98.5687910853016
"Chr02_48173696","Chr02","Chr02_48173696",48173696,99.1915800867468
"Chr02_48208621","Chr02","Chr02_48208621",48208621,99.2634929415036
"Chr02_48294960","Chr02","Chr02_48294960",48294960,99.4412705783498
"Chr02_48295194","Chr02","Chr02_48295194",48295194,99.4417523996244
"Chr03_00162171","Chr03","Chr03_00162171",162171,0.353139456146056
"Chr03_00210594","Chr03","Chr03_00210594",210594,0.458928583327316
"Chr03_00213162","Chr03","Chr03_00213162",213162,0.464538861059003
"Chr03_00214333","Chr03","Chr03_00214333",214333,0.467097130227152
"Chr03_00444016","Chr03","Chr03_00444016",444016,0.968882730011829
"Chr03_00545816","Chr03","Chr03_00545816",545816,1.1912839266963
"Chr03_00604398","Chr03","Chr03_00604398",604398,1.31926729510662
"Chr03_00743456","Chr03","Chr03_00743456",743456,1.62306558202754
"Chr03_00953670","Chr03","Chr03_00953670",953670,2.08231749911821
"Chr03_01149731","Chr03","Chr03_01149731",1149731,2.51064953274448
"Chr03_01344175","Chr03","Chr03_01344175",1344175,2.93544892653737
"Chr03_01398569","Chr03","Chr03_01398569",1398569,3.05428282331984
"Chr03_01438966","Chr03","Chr03_01438966",1438966,3.14253764790198
"Chr03_01787486","Chr03","Chr03_01787486",1787486,3.90394496684573
"Chr03_01871252","Chr03","Chr03_01871252",1871252,4.08694750752816
"Chr03_01915719","Chr03","Chr03_01915719",1915719,4.18409401060251
"Chr03_02032101","Chr03","Chr03_02032101",2032101,4.43835232172758
"Chr03_02059119","Chr03","Chr03_02059119",2059119,4.49737821104017
"Chr03_02092345","Chr03","Chr03_02092345",2092345,4.56996664091284
"Chr03_02175640","Chr03","Chr03_02175640",2175640,4.75194019374028
"Chr03_02179860","Chr03","Chr03_02179860",2179860,4.76115957537101
"Chr03_02182511","Chr03","Chr03_02182511",2182511,4.76695118217269
"Chr03_02200338","Chr03","Chr03_02200338",2200338,4.80589760784355
"Chr03_02268822","Chr03","Chr03_02268822",2268822,4.95551375277223
"Chr03_02329716","Chr03","Chr03_02329716",2329716,5.08854811889114
"Chr03_02341638","Chr03","Chr03_02341638",2341638,5.11459396434175
"Chr03_02395852","Chr03","Chr03_02395852",2395852,5.23303461735798
"Chr03_02428356","Chr03","Chr03_02428356",2428356,5.30404570279051
"Chr03_02794924","Chr03","Chr03_02794924",2794924,6.10488226336256
"Chr03_02801988","Chr03","Chr03_02801988",2801988,6.12031489649988
"Chr03_02846142","Chr03","Chr03_02846142",2846142,6.21677759235849
"Chr03_02911020","Chr03","Chr03_02911020",2911020,6.35851575383683
"Chr03_02923693","Chr03","Chr03_02923693",2923693,6.3862022996677
"Chr03_02939174","Chr03","Chr03_02939174",2939174,6.42002344825191
"Chr03_02968395","Chr03","Chr03_02968395",2968395,6.48386220432575
"Chr03_02973188","Chr03","Chr03_02973188",2973188,6.49433341194568
"Chr03_03018148","Chr03","Chr03_03018148",3018148,6.592556966002
"Chr03_03031957","Chr03","Chr03_03031957",3031957,6.62272531693536
"Chr03_03065142","Chr03","Chr03_03065142",3065142,6.69522417461684
"Chr03_03118658","Chr03","Chr03_03118658",3118658,6.81213991569509
"Chr03_03157322","Chr03","Chr03_03157322",3157322,6.89660867668339
"Chr03_03176904","Chr03","Chr03_03176904",3176904,6.93938922907509
"Chr03_03178665","Chr03","Chr03_03178665",3178665,6.94323646392147
"Chr03_03233627","Chr03","Chr03_03233627",3233627,7.06331126325518
"Chr03_03256008","Chr03","Chr03_03256008",3256008,7.11220675621191
"Chr03_03283422","Chr03","Chr03_03283422",3283422,7.17209778181023
"Chr03_03359040","Chr03","Chr03_03359040",3359040,7.33729948800754
"Chr03_03531472","Chr03","Chr03_03531472",3531472,7.71400953856449
"Chr03_03532631","Chr03","Chr03_03532631",3532631,7.71654159148155
"Chr03_03662137","Chr03","Chr03_03662137",3662137,7.99947174254068
"Chr03_03662993","Chr03","Chr03_03662993",3662993,8.00134183511791
"Chr03_03827595","Chr03","Chr03_03827595",3827595,8.36094578184343
"Chr03_03863679","Chr03","Chr03_03863679",3863679,8.43977804884896
"Chr03_03957391","Chr03","Chr03_03957391",3957391,8.64450949230373
"Chr03_03964711","Chr03","Chr03_03964711",3964711,8.66050140546414
"Chr03_03975438","Chr03","Chr03_03975438",3975438,8.68393654924444
"Chr03_03988881","Chr03","Chr03_03988881",3988881,8.71330530451978
"Chr03_04264303","Chr03","Chr03_04264303",4264303,9.31501632999356
"Chr03_04289759","Chr03","Chr03_04289759",4289759,9.37062973729022
"Chr03_04293116","Chr03","Chr03_04293116",4293116,9.3779637335306
"Chr03_04393667","Chr03","Chr03_04393667",4393667,9.59763625541489
"Chr03_04413408","Chr03","Chr03_04413408",4413408,9.64076417313343
"Chr03_04422803","Chr03","Chr03_04422803",4422803,9.66128931304356
"Chr03_04439437","Chr03","Chr03_04439437",4439437,9.69762940641929
"Chr03_04446130","Chr03","Chr03_04446130",4446130,9.71225152046064
"Chr03_04467592","Chr03","Chr03_04467592",4467592,9.75913928552196
"Chr03_04469584","Chr03","Chr03_04469584",4469584,9.76349118320167
"Chr03_04528387","Chr03","Chr03_04528387",4528387,9.89195736756943
"Chr03_04530367","Chr03","Chr03_04530367",4530367,9.89628304899806
"Chr03_04621308","Chr03","Chr03_04621308",4621308,10.0949607231403
"Chr03_04622629","Chr03","Chr03_04622629",4622629,10.097846695447
"Chr03_04623681","Chr03","Chr03_04623681",4623681,10.1001449867919
"Chr03_04637585","Chr03","Chr03_04637585",4637585,10.1305208830464
"Chr03_04769193","Chr03","Chr03_04769193",4769193,10.4180432474201
"Chr03_04944927","Chr03","Chr03_04944927",4944927,10.8019671364
"Chr03_04978865","Chr03","Chr03_04978865",4978865,10.8761110638369
"Chr03_05009451","Chr03","Chr03_05009451",5009451,10.9429319184714
"Chr03_05176745","Chr03","Chr03_05176745",5176745,11.3084170441898
"Chr03_05182920","Chr03","Chr03_05182920",5182920,11.3219074900594
"Chr03_05198410","Chr03","Chr03_05198410",5198410,11.3557483008319
"Chr03_05201347","Chr03","Chr03_05201347",5201347,11.3621647282844
"Chr03_05202341","Chr03","Chr03_05202341",5202341,11.3643363077491
"Chr03_05236340","Chr03","Chr03_05236340",5236340,11.438613501129
"Chr03_05360780","Chr03","Chr03_05360780",5360780,11.7104760248561
"Chr03_05368979","Chr03","Chr03_05368979",5368979,11.7283882784083
"Chr03_05387982","Chr03","Chr03_05387982",5387982,11.7699038966852
"Chr03_05601235","Chr03","Chr03_05601235",5601235,12.2357950793626
"Chr03_05601398","Chr03","Chr03_05601398",5601398,12.2361511834398
"Chr03_05620679","Chr03","Chr03_05620679",5620679,12.2782741448669
"Chr03_05624329","Chr03","Chr03_05624329",5624329,12.2862482545712
"Chr03_05625435","Chr03","Chr03_05625435",5625435,12.2886645190459
"Chr03_05647887","Chr03","Chr03_05647887",5647887,12.3377151248216
"Chr03_05666116","Chr03","Chr03_05666116",5666116,12.3775397949037
"Chr03_05822446","Chr03","Chr03_05822446",5822446,12.7190720058829
"Chr03_05840943","Chr03","Chr03_05840943",5840943,12.7594821722392
"Chr03_05989988","Chr03","Chr03_05989988",5989988,13.0850989341237
"Chr03_05994248","Chr03","Chr03_05994248",5994248,13.094405703258
"Chr03_05995243","Chr03","Chr03_05995243",5995243,13.0965794674103
"Chr03_05999924","Chr03","Chr03_05999924",5999924,13.1068059900201
"Chr03_06138920","Chr03","Chr03_06138920",6138920,13.4104688263105
"Chr03_06251511","Chr03","Chr03_06251511",6251511,13.656444986781
"Chr03_06266039","Chr03","Chr03_06266039",6266039,13.6881841280917
"Chr03_06380203","Chr03","Chr03_06380203",6380203,13.9375968021417
"Chr03_06381405","Chr03","Chr03_06381405",6381405,13.9402227966251
"Chr03_06397550","Chr03","Chr03_06397550",6397550,13.9754945777693
"Chr03_06451800","Chr03","Chr03_06451800",6451800,14.0940138795387
"Chr03_06453336","Chr03","Chr03_06453336",6453336,14.0973695596773
"Chr03_06459032","Chr03","Chr03_06459032",6459032,14.1098135401912
"Chr03_06530200","Chr03","Chr03_06530200",6530200,14.265293386612
"Chr03_06533192","Chr03","Chr03_06533192",6533192,14.271829971882
"Chr03_06538007","Chr03","Chr03_06538007",6538007,14.2823492426289
"Chr03_06541009","Chr03","Chr03_06541009",6541009,14.2889076747747
"Chr03_06544720","Chr03","Chr03_06544720",6544720,14.297015050422
"Chr03_06669833","Chr03","Chr03_06669833",6669833,14.5703478688973
"Chr03_06837659","Chr03","Chr03_06837659",6837659,14.9369952484137
"Chr03_06912166","Chr03","Chr03_06912166",6912166,15.0997697666983
"Chr03_09080718","Chr03","Chr03_09080718",9080718,19.8373784098467
"Chr03_12294440","Chr03","Chr03_12294440",12294440,26.8583569816662
"Chr03_13210055","Chr03","Chr03_13210055",13210055,28.8586897095862
"Chr03_13719080","Chr03","Chr03_13719080",13719080,29.9707503101983
"Chr03_13806682","Chr03","Chr03_13806682",13806682,30.1621333124769
"Chr03_15369786","Chr03","Chr03_15369786",15369786,33.5770272235013
"Chr03_16946871","Chr03","Chr03_16946871",16946871,37.0224652517246
"Chr03_18481403","Chr03","Chr03_18481403",18481403,40.3749382689213
"Chr03_18563687","Chr03","Chr03_18563687",18563687,40.554703102595
"Chr03_19344913","Chr03","Chr03_19344913",19344913,42.2614378499528
"Chr03_19812312","Chr03","Chr03_19812312",19812312,43.2825586449344
"Chr03_19855391","Chr03","Chr03_19855391",19855391,43.3766728016335
"Chr03_22245512","Chr03","Chr03_22245512",22245512,48.5983404894596
"Chr03_23088884","Chr03","Chr03_23088884",23088884,50.4408448317993
"Chr03_23381236","Chr03","Chr03_23381236",23381236,51.0795426181755
"Chr03_24184208","Chr03","Chr03_24184208",24184208,52.8337855818702
"Chr03_24448986","Chr03","Chr03_24448986",24448986,53.4122427926337
"Chr03_24894457","Chr03","Chr03_24894457",24894457,54.385457758137
"Chr03_26293384","Chr03","Chr03_26293384",26293384,57.4416762146617
"Chr03_26345456","Chr03","Chr03_26345456",26345456,57.5554372668597
"Chr03_26627673","Chr03","Chr03_26627673",26627673,58.171993244509
"Chr03_29079193","Chr03","Chr03_29079193",29079193,63.5277985656871
"Chr03_30308722","Chr03","Chr03_30308722",30308722,66.2139353138036
"Chr03_30309376","Chr03","Chr03_30309376",30309376,66.2153640994876
"Chr03_30794851","Chr03","Chr03_30794851",30794851,67.27597530735
"Chr03_32440971","Chr03","Chr03_32440971",32440971,70.8722332433643
"Chr03_32679024","Chr03","Chr03_32679024",32679024,71.3923046782791
"Chr03_32727106","Chr03","Chr03_32727106",32727106,71.4973488269921
"Chr03_33181270","Chr03","Chr03_33181270",33181270,72.4895552817171
"Chr03_33350916","Chr03","Chr03_33350916",33350916,72.8601787926477
"Chr03_33509525","Chr03","Chr03_33509525",33509525,73.206689906645
"Chr03_33525823","Chr03","Chr03_33525823",33525823,73.2422959449904
"Chr03_33909938","Chr03","Chr03_33909938",33909938,74.0814672187081
"Chr03_33953902","Chr03","Chr03_33953902",33953902,74.1775148239246
"Chr03_34263835","Chr03","Chr03_34263835",34263835,74.8546216028245
"Chr03_34329443","Chr03","Chr03_34329443",34329443,74.9979545862437
"Chr03_34360212","Chr03","Chr03_34360212",34360212,75.0651752387072
"Chr03_34483984","Chr03","Chr03_34483984",34483984,75.335578391124
"Chr03_34582523","Chr03","Chr03_34582523",34582523,75.5508553215767
"Chr03_35096888","Chr03","Chr03_35096888",35096888,76.6745821539206
"Chr03_35244644","Chr03","Chr03_35244644",35244644,76.9973828535013
"Chr03_35266264","Chr03","Chr03_35266264",35266264,77.0446157992019
"Chr03_35337682","Chr03","Chr03_35337682",35337682,77.2006418175202
"Chr03_35355274","Chr03","Chr03_35355274",35355274,77.2390748416074
"Chr03_35374438","Chr03","Chr03_35374438",35374438,77.2809421945864
"Chr03_35420684","Chr03","Chr03_35420684",35420684,77.3819752568838
"Chr03_35717147","Chr03","Chr03_35717147",35717147,78.0296542939434
"Chr03_36043266","Chr03","Chr03_36043266",36043266,78.7421224261786
"Chr03_36459319","Chr03","Chr03_36459319",36459319,79.6510682521527
"Chr03_36517202","Chr03","Chr03_36517202",36517202,79.7775245239375
"Chr03_36517778","Chr03","Chr03_36517778",36517778,79.7787829039894
"Chr03_36768887","Chr03","Chr03_36768887",36768887,80.3273776200822
"Chr03_37229194","Chr03","Chr03_37229194",37229194,81.3330046106739
"Chr03_37733382","Chr03","Chr03_37733382",37733382,82.4344978774122
"Chr03_37832346","Chr03","Chr03_37832346",37832346,82.6507033000908
"Chr03_38016747","Chr03","Chr03_38016747",38016747,83.0535618764151
"Chr03_38131942","Chr03","Chr03_38131942",38131942,83.3052269633705
"Chr03_38317332","Chr03","Chr03_38317332",38317332,83.7102461957216
"Chr03_38680824","Chr03","Chr03_38680824",38680824,84.5043626572661
"Chr03_38706734","Chr03","Chr03_38706734",38706734,84.5609679127287
"Chr03_38812134","Chr03","Chr03_38812134",38812134,84.791233984738
"Chr03_38827060","Chr03","Chr03_38827060",38827060,84.8238426317096
"Chr03_38868515","Chr03","Chr03_38868515",38868515,84.9144088557622
"Chr03_39041081","Chr03","Chr03_39041081",39041081,85.2914116544563
"Chr03_39278381","Chr03","Chr03_39278381",39278381,85.8098380196157
"Chr03_39303164","Chr03","Chr03_39303164",39303164,85.8639811321641
"Chr03_39330480","Chr03","Chr03_39330480",39330480,85.9236580583786
"Chr03_39332865","Chr03","Chr03_39332865",39332865,85.9288685382812
"Chr03_39512113","Chr03","Chr03_39512113",39512113,86.3204694194531
"Chr03_39777911","Chr03","Chr03_39777911",39777911,86.9011550115586
"Chr03_39889423","Chr03","Chr03_39889423",39889423,87.1447738941193
"Chr03_39976013","Chr03","Chr03_39976013",39976013,87.3339459925566
"Chr03_40032803","Chr03","Chr03_40032803",40032803,87.4580144008052
"Chr03_40878707","Chr03","Chr03_40878707",40878707,89.3060503721233
"Chr03_41625069","Chr03","Chr03_41625069",41625069,90.9366181713357
"Chr03_41985088","Chr03","Chr03_41985088",41985088,91.7231472128793
"Chr03_42697705","Chr03","Chr03_42697705",42697705,93.2799927293597
"Chr03_42929655","Chr03","Chr03_42929655",42929655,93.7867310159114
"Chr03_43325026","Chr03","Chr03_43325026",43325026,94.6504931331446
"Chr03_43858625","Chr03","Chr03_43858625",43858625,95.8162402465988
"Chr03_44076751","Chr03","Chr03_44076751",44076751,96.2927774119033
"Chr03_44356294","Chr03","Chr03_44356294",44356294,96.9034915349364
"Chr03_45602028","Chr03","Chr03_45602028",45602028,99.6250311454525
"Chr03_45657574","Chr03","Chr03_45657574",45657574,99.7463818023389
"Chr04_00077124","Chr04","Chr04_00077124",77124,0.133151052862578
"Chr04_00196509","Chr04","Chr04_00196509",196509,0.361116211056191
"Chr04_00601047","Chr04","Chr04_00601047",601047,1.13357983014844
"Chr04_00917584","Chr04","Chr04_00917584",917584,1.73800590778911
"Chr04_01189666","Chr04","Chr04_01189666",1189666,2.25754534885486
"Chr04_01305036","Chr04","Chr04_01305036",1305036,2.47784388134049
"Chr04_01310856","Chr04","Chr04_01310856",1310856,2.48895714699938
"Chr04_01364082","Chr04","Chr04_01364082",1364082,2.59059197139117
"Chr04_01992003","Chr04","Chr04_01992003",1992003,3.78960449472402
"Chr04_02186040","Chr04","Chr04_02186040",2186040,4.16011733469901
"Chr04_02703393","Chr04","Chr04_02703393",2703393,5.14800072446271
"Chr04_03666285","Chr04","Chr04_03666285",3666285,6.98663897133933
"Chr04_03958331","Chr04","Chr04_03958331",3958331,7.54429958690922
"Chr04_04033100","Chr04","Chr04_04033100",4033100,7.68707067970127
"Chr04_04033504","Chr04","Chr04_04033504",4033504,7.68784211601161
"Chr04_04413181","Chr04","Chr04_04413181",4413181,8.41283375958054
"Chr04_04501137","Chr04","Chr04_04501137",4501137,8.58078537372032
"Chr04_05017067","Chr04","Chr04_05017067",5017067,9.56595155093547
"Chr04_05034621","Chr04","Chr04_05034621",5034621,9.599470840519
"Chr04_05102542","Chr04","Chr04_05102542",5102542,9.72916570595158
"Chr04_05242516","Chr04","Chr04_05242516",5242516,9.99644547353539
"Chr04_05351763","Chr04","Chr04_05351763",5351763,10.2050521631294
"Chr04_05635984","Chr04","Chr04_05635984",5635984,10.7477709739259
"Chr04_05652254","Chr04","Chr04_05652254",5652254,10.7788384708796
"Chr04_05840396","Chr04","Chr04_05840396",5840396,11.1380948330093
"Chr04_05854951","Chr04","Chr04_05854951",5854951,11.1658875446357
"Chr04_06126665","Chr04","Chr04_06126665",6126665,11.6847242912405
"Chr04_06494905","Chr04","Chr04_06494905",6494905,12.3878770311426
"Chr04_06513553","Chr04","Chr04_06513553",6513553,12.4234853091507
"Chr04_06533304","Chr04","Chr04_06533304",6533304,12.4611997610457
"Chr04_07135358","Chr04","Chr04_07135358",7135358,13.6108193560626
"Chr04_07233913","Chr04","Chr04_07233913",7233913,13.799009716374
"Chr04_07308938","Chr04","Chr04_07308938",7308938,13.9422696400954
"Chr04_07340842","Chr04","Chr04_07340842",7340842,14.0031901946626
"Chr04_08088543","Chr04","Chr04_08088543",8088543,15.430922127037
"Chr04_08267321","Chr04","Chr04_08267321",8267321,15.7722979703301
"Chr04_08274639","Chr04","Chr04_08274639",8274639,15.7862716607238
"Chr04_08274805","Chr04","Chr04_08274805",8274805,15.7865886370296
"Chr04_08354244","Chr04","Chr04_08354244",8354244,15.9382770752902
"Chr04_08844142","Chr04","Chr04_08844142",8844142,16.8737352573795
"Chr04_08910219","Chr04","Chr04_08910219",8910219,16.9999090125243
"Chr04_08913414","Chr04","Chr04_08913414",8913414,17.0060098516618
"Chr04_09090572","Chr04","Chr04_09090572",9090572,17.3442923117302
"Chr04_09099820","Chr04","Chr04_09099820",9099820,17.3619513290521
"Chr04_09101204","Chr04","Chr04_09101204",9101204,17.3645940712637
"Chr04_09106520","Chr04","Chr04_09106520",9106520,17.3747449510305
"Chr04_09174747","Chr04","Chr04_09174747",9174747,17.5050241221833
"Chr04_09196273","Chr04","Chr04_09196273",9196273,17.5461279291547
"Chr04_09485296","Chr04","Chr04_09485296",9485296,18.0980161388677
"Chr04_09563765","Chr04","Chr04_09563765",9563765,18.2478523661852
"Chr04_09565472","Chr04","Chr04_09565472",9565472,18.2511118755459
"Chr04_09801796","Chr04","Chr04_09801796",9801796,18.7023715651631
"Chr04_10226005","Chr04","Chr04_10226005",10226005,19.5123968764849
"Chr04_11377391","Chr04","Chr04_11377391",11377391,21.7109636280191
"Chr04_11417423","Chr04","Chr04_11417423",11417423,21.7874045645925
"Chr04_11432653","Chr04","Chr04_11432653",11432653,21.8164861858957
"Chr04_11494397","Chr04","Chr04_11494397",11494397,21.9343860956625
"Chr04_11567080","Chr04","Chr04_11567080",11567080,22.0731739801789
"Chr04_12582236","Chr04","Chr04_12582236",12582236,24.0116101164707
"Chr04_12608717","Chr04","Chr04_12608717",12608717,24.0621754752186
"Chr04_12729520","Chr04","Chr04_12729520",12729520,24.2928482984817
"Chr04_12916861","Chr04","Chr04_12916861",12916861,24.6505751544615
"Chr04_12947713","Chr04","Chr04_12947713",12947713,24.7094869194285
"Chr04_13113282","Chr04","Chr04_13113282",13113282,25.0256402324658
"Chr04_13160717","Chr04","Chr04_13160717",13160717,25.1162171665774
"Chr04_13264882","Chr04","Chr04_13264882",13264882,25.315119798426
"Chr04_13734188","Chr04","Chr04_13734188",13734188,26.2112576426377
"Chr04_14764565","Chr04","Chr04_14764565",14764565,28.1787582147704
"Chr04_15163588","Chr04","Chr04_15163588",15163588,28.9406909644281
"Chr04_15826687","Chr04","Chr04_15826687",15826687,30.2068757316353
"Chr04_15834673","Chr04","Chr04_15834673",15834673,30.2221249652352
"Chr04_16010467","Chr04","Chr04_16010467",16010467,30.5578028730083
"Chr04_16293107","Chr04","Chr04_16293107",16293107,31.0975027709171
"Chr04_16437714","Chr04","Chr04_16437714",16437714,31.3736292326242
"Chr04_16893772","Chr04","Chr04_16893772",16893772,32.2444700762433
"Chr04_16897383","Chr04","Chr04_16897383",16897383,32.2513652656409
"Chr04_17353668","Chr04","Chr04_17353668",17353668,33.1226395648106
"Chr04_17783711","Chr04","Chr04_17783711",17783711,33.9438048747328
"Chr04_17997122","Chr04","Chr04_17997122",17997122,34.3513122866795
"Chr04_18440274","Chr04","Chr04_18440274",18440274,35.1975091772756
"Chr04_18912852","Chr04","Chr04_18912852",18912852,36.0998948918027
"Chr04_18991367","Chr04","Chr04_18991367",18991367,36.2498189559278
"Chr04_19630652","Chr04","Chr04_19630652",19630652,37.4705309897327
"Chr04_19664644","Chr04","Chr04_19664644",19664644,37.5354385715673
"Chr04_19969458","Chr04","Chr04_19969458",19969458,38.1174796297373
"Chr04_20111890","Chr04","Chr04_20111890",20111890,38.389452938041
"Chr04_20449928","Chr04","Chr04_20449928",20449928,39.0349350852576
"Chr04_20798120","Chr04","Chr04_20798120",20798120,39.6998062530069
"Chr04_24749520","Chr04","Chr04_24749520",24749520,47.2449880269838
"Chr04_25393976","Chr04","Chr04_25393976",25393976,48.475574063662
"Chr04_25640911","Chr04","Chr04_25640911",25640911,48.9470954134006
"Chr04_26547739","Chr04","Chr04_26547739",26547739,50.6786796867548
"Chr04_26568510","Chr04","Chr04_26568510",26568510,50.7183418243839
"Chr04_26789537","Chr04","Chr04_26789537",26789537,51.140391956478
"Chr04_27181684","Chr04","Chr04_27181684",27181684,51.8891950128934
"Chr04_27282668","Chr04","Chr04_27282668",27282668,52.0820235385459
"Chr04_28660835","Chr04","Chr04_28660835",28660835,54.7136276611092
"Chr04_31296534","Chr04","Chr04_31296534",31296534,59.74648387827
"Chr04_32768267","Chr04","Chr04_32768267",32768267,62.5567518865103
"Chr04_33130510","Chr04","Chr04_33130510",33130510,63.2484533799938
"Chr04_33238745","Chr04","Chr04_33238745",33238745,63.4551276598203
"Chr04_33366318","Chr04","Chr04_33366318",33366318,63.698727769769
"Chr04_33758336","Chr04","Chr04_33758336",33758336,64.4472845012239
"Chr04_33770370","Chr04","Chr04_33770370",33770370,64.4702633738939
"Chr04_34732837","Chr04","Chr04_34732837",34732837,66.308090085048
"Chr04_35254733","Chr04","Chr04_35254733",35254733,67.3046483143114
"Chr04_35331714","Chr04","Chr04_35331714",35331714,67.4516432118522
"Chr04_35755498","Chr04","Chr04_35755498",35755498,68.2608569874515
"Chr04_37130536","Chr04","Chr04_37130536",37130536,70.8864862976012
"Chr04_37650487","Chr04","Chr04_37650487",37650487,71.8793305574993
"Chr04_38046210","Chr04","Chr04_38046210",38046210,72.6349619709587
"Chr04_39041015","Chr04","Chr04_39041015",39041015,74.5345379578649
"Chr04_39303583","Chr04","Chr04_39303583",39303583,75.0359104557212
"Chr04_39920160","Chr04","Chr04_39920160",39920160,76.2132616584983
"Chr04_40142988","Chr04","Chr04_40142988",40142988,76.6387507925601
"Chr04_40283402","Chr04","Chr04_40283402",40283402,76.9068707383037
"Chr04_40446590","Chr04","Chr04_40446590",40446590,77.2184775417991
"Chr04_40467138","Chr04","Chr04_40467138",40467138,77.2577138618608
"Chr04_41492080","Chr04","Chr04_41492080",41492080,79.2148363242244
"Chr04_41924895","Chr04","Chr04_41924895",41924895,80.0412947565531
"Chr04_42359864","Chr04","Chr04_42359864",42359864,80.8718662428732
"Chr04_43610113","Chr04","Chr04_43610113",43610113,83.2592114794306
"Chr04_44173593","Chr04","Chr04_44173593",44173593,84.3351741827764
"Chr04_44636559","Chr04","Chr04_44636559",44636559,85.219205823504
"Chr04_44699097","Chr04","Chr04_44699097",44699097,85.33862187295
"Chr04_45008084","Chr04","Chr04_45008084",45008084,85.9286312571672
"Chr04_45389778","Chr04","Chr04_45389778",45389778,86.6574743538004
"Chr04_45573856","Chr04","Chr04_45573856",45573856,87.0089705249271
"Chr04_45836181","Chr04","Chr04_45836181",45836181,87.5098790152997
"Chr04_45883422","Chr04","Chr04_45883422",45883422,87.6000855072227
"Chr04_45956778","Chr04","Chr04_45956778",45956778,87.7401584824244
"Chr04_46014341","Chr04","Chr04_46014341",46014341,87.8500747901774
"Chr04_46065500","Chr04","Chr04_46065500",46065500,87.9477626867141
"Chr04_46179453","Chr04","Chr04_46179453",46179453,88.1653554636261
"Chr04_46199779","Chr04","Chr04_46199779",46199779,88.2041678756162
"Chr04_46271259","Chr04","Chr04_46271259",46271259,88.3406586366639
"Chr04_46302690","Chr04","Chr04_46302690",46302690,88.4006759997094
"Chr04_46490306","Chr04","Chr04_46490306",46490306,88.758927967039
"Chr04_46583556","Chr04","Chr04_46583556",46583556,88.9369884520376
"Chr04_46757902","Chr04","Chr04_46757902",46757902,89.2699014098667
"Chr04_46759626","Chr04","Chr04_46759626",46759626,89.2731933806564
"Chr04_46783964","Chr04","Chr04_46783964",46783964,89.319666689867
"Chr04_46891363","Chr04","Chr04_46891363",46891363,89.5247446311899
"Chr04_46891881","Chr04","Chr04_46891881",46891881,89.5257337500235
"Chr04_46955393","Chr04","Chr04_46955393",46955393,89.6470096483959
"Chr04_46965210","Chr04","Chr04_46965210",46965210,89.6657551688381
"Chr04_47322146","Chr04","Chr04_47322146",47322146,90.3473229680172
"Chr04_47343781","Chr04","Chr04_47343781",47343781,90.3886349100327
"Chr04_47414685","Chr04","Chr04_47414685",47414685,90.5240258014894
"Chr04_47534495","Chr04","Chr04_47534495",47534495,90.7528024954055
"Chr04_47618487","Chr04","Chr04_47618487",47618487,90.913184868124
"Chr04_47863106","Chr04","Chr04_47863106",47863106,91.3802838255488
"Chr04_47868644","Chr04","Chr04_47868644",47868644,91.3908586133872
"Chr04_47909855","Chr04","Chr04_47909855",47909855,91.4695508455295
"Chr04_47994491","Chr04","Chr04_47994491",47994491,91.6311629335546
"Chr04_48158410","Chr04","Chr04_48158410",48158410,91.9441655784927
"Chr04_48163793","Chr04","Chr04_48163793",48163793,91.9544443944793
"Chr04_48213080","Chr04","Chr04_48213080",48213080,92.0485577148452
"Chr04_48327512","Chr04","Chr04_48327512",48327512,92.2670651402539
"Chr04_48388343","Chr04","Chr04_48388343",48388343,92.3832216803391
"Chr04_48393092","Chr04","Chr04_48393092",48393092,92.3922898759773
"Chr04_48438354","Chr04","Chr04_48438354",48438354,92.4787174756771
"Chr04_48535799","Chr04","Chr04_48535799",48535799,92.6647882956308
"Chr04_48647008","Chr04","Chr04_48647008",48647008,92.8771414160191
"Chr04_48653350","Chr04","Chr04_48653350",48653350,92.8892514384948
"Chr04_49067592","Chr04","Chr04_49067592",49067592,93.6802448050018
"Chr04_49120627","Chr04","Chr04_49120627",49120627,93.7815149156924
"Chr04_49132838","Chr04","Chr04_49132838",49132838,93.8048317691221
"Chr04_49283261","Chr04","Chr04_49283261",49283261,94.0920638585048
"Chr04_49285055","Chr04","Chr04_49285055",49285055,94.0954894940018
"Chr04_49294743","Chr04","Chr04_49294743",49294743,94.1139886894834
"Chr04_49392031","Chr04","Chr04_49392031",49392031,94.2997597185938
"Chr04_49424215","Chr04","Chr04_49424215",49424215,94.36121493199
"Chr04_49443943","Chr04","Chr04_49443943",49443943,94.3988854654811
"Chr04_49558102","Chr04","Chr04_49558102",49558102,94.6168715985316
"Chr04_49798148","Chr04","Chr04_49798148",49798148,95.0752384315822
"Chr04_50136614","Chr04","Chr04_50136614",50136614,95.7215378430087
"Chr04_50213494","Chr04","Chr04_50213494",50213494,95.8683398814719
"Chr04_50338283","Chr04","Chr04_50338283",50338283,96.1066239550642
"Chr04_50341358","Chr04","Chr04_50341358",50341358,96.1124956547036
"Chr04_50353796","Chr04","Chr04_50353796",50353796,96.1362459636839
"Chr04_50417535","Chr04","Chr04_50417535",50417535,96.2579553176069
"Chr04_50546755","Chr04","Chr04_50546755",50546755,96.5047003671674
"Chr04_50607550","Chr04","Chr04_50607550",50607550,96.6207881654032
"Chr04_50672035","Chr04","Chr04_50672035",50672035,96.7439220032062
"Chr04_50680784","Chr04","Chr04_50680784",50680784,96.7606281821151
"Chr04_50881912","Chr04","Chr04_50881912",50881912,97.1446812569333
"Chr04_51225534","Chr04","Chr04_51225534",51225534,97.8008260287958
"Chr04_51282917","Chr04","Chr04_51282917",51282917,97.9103986273016
"Chr04_51459394","Chr04","Chr04_51459394",51459394,98.2473807207182
"Chr04_51485700","Chr04","Chr04_51485700",51485700,98.2976119176981
"Chr04_51546112","Chr04","Chr04_51546112",51546112,98.4129683790357
"Chr04_51746339","Chr04","Chr04_51746339",51746339,98.7953009981221
"Chr04_51808028","Chr04","Chr04_51808028",51808028,98.9130958856189
"Chr04_51869645","Chr04","Chr04_51869645",51869645,99.0307532894168
"Chr04_52030611","Chr04","Chr04_52030611",52030611,99.3381171932054
"Chr04_52031179","Chr04","Chr04_52031179",52031179,99.3392017868298
"Chr04_52046736","Chr04","Chr04_52046736",52046736,99.3689078132654
"Chr04_52067635","Chr04","Chr04_52067635",52067635,99.4088143663591
"Chr04_52093001","Chr04","Chr04_52093001",52093001,99.4572506372704
"Chr05_00137207","Chr05","Chr05_00137207",137207,0.322923696915055
"Chr05_00198889","Chr05","Chr05_00198889",198889,0.469063621735041
"Chr05_00307215","Chr05","Chr05_00307215",307215,0.725714727342021
"Chr05_00397214","Chr05","Chr05_00397214",397214,0.938944633860518
"Chr05_00578172","Chr05","Chr05_00578172",578172,1.36767892450568
"Chr05_00655961","Chr05","Chr05_00655961",655961,1.55198031894526
"Chr05_00934616","Chr05","Chr05_00934616",934616,2.21218298342944
"Chr05_01042512","Chr05","Chr05_01042512",1042512,2.46781531260776
"Chr05_01146872","Chr05","Chr05_01146872",1146872,2.71506998259598
"Chr05_01252438","Chr05","Chr05_01252438",1252438,2.96518196507947
"Chr05_01312337","Chr05","Chr05_01312337",1312337,3.10709752159178
"Chr05_01314799","Chr05","Chr05_01314799",1314799,3.11293060895774
"Chr05_01493109","Chr05","Chr05_01493109",1493109,3.53539113220036
"Chr05_01539344","Chr05","Chr05_01539344",1539344,3.64493329075638
"Chr05_01585448","Chr05","Chr05_01585448",1585448,3.75416507788877
"Chr05_01610354","Chr05","Chr05_01610354",1610354,3.81317355633575
"Chr05_01664082","Chr05","Chr05_01664082",1664082,3.94046848647304
"Chr05_01684073","Chr05","Chr05_01684073",1684073,3.98783211341569
"Chr05_01687574","Chr05","Chr05_01687574",1687574,3.99612684894299
"Chr05_01821717","Chr05","Chr05_01821717",1821717,4.3139448174772
"Chr05_01951522","Chr05","Chr05_01951522",1951522,4.62148499031949
"Chr05_02064355","Chr05","Chr05_02064355",2064355,4.88881429444733
"Chr05_02092129","Chr05","Chr05_02092129",2092129,4.95461777474872
"Chr05_02240623","Chr05","Chr05_02240623",2240623,5.30643681427758
"Chr05_02476579","Chr05","Chr05_02476579",2476579,5.86547497939584
"Chr05_02743365","Chr05","Chr05_02743365",2743365,6.4975570452015
"Chr05_02805769","Chr05","Chr05_02805769",2805769,6.64540756672263
"Chr05_02807049","Chr05","Chr05_02807049",2807049,6.64844020353352
"Chr05_02846111","Chr05","Chr05_02846111",2846111,6.74098774971099
"Chr05_02919972","Chr05","Chr05_02919972",2919972,6.91598273993713
"Chr05_03037780","Chr05","Chr05_03037780",3037780,7.19509905041981
"Chr05_03056526","Chr05","Chr05_03056526",3056526,7.23951296421436
"Chr05_03061555","Chr05","Chr05_03061555",3061555,7.25142790993467
"Chr05_03068490","Chr05","Chr05_03068490",3068490,7.26785864140619
"Chr05_03109628","Chr05","Chr05_03109628",3109628,7.36532474541132
"Chr05_03362270","Chr05","Chr05_03362270",3362270,7.9638961744566
"Chr05_03379706","Chr05","Chr05_03379706",3379706,8.005206374015
"Chr05_03437488","Chr05","Chr05_03437488",3437488,8.14210623355179
"Chr05_03502138","Chr05","Chr05_03502138",3502138,8.29527808497704
"Chr05_03507893","Chr05","Chr05_03507893",3507893,8.30891310438852
"Chr05_03522948","Chr05","Chr05_03522948",3522948,8.34458212562916
"Chr05_03541983","Chr05","Chr05_03541983",3541983,8.38968075195367
"Chr05_03639936","Chr05","Chr05_03639936",3639936,8.62175565315486
"Chr05_03717600","Chr05","Chr05_03717600",3717600,8.80576089165588
"Chr05_03730110","Chr05","Chr05_03730110",3730110,8.83540017798735
"Chr05_03919293","Chr05","Chr05_03919293",3919293,9.28362152939002
"Chr05_04006977","Chr05","Chr05_04006977",4006977,9.49136662792631
"Chr05_04058244","Chr05","Chr05_04058244",4058244,9.61283083994515
"Chr05_04137322","Chr05","Chr05_04137322",4137322,9.8001861944232
"Chr05_04263288","Chr05","Chr05_04263288",4263288,10.0986308260803
"Chr05_04266121","Chr05","Chr05_04266121",4266121,10.1053429042719
"Chr05_04269030","Chr05","Chr05_04269030",4269030,10.1122350452742
"Chr05_04364067","Chr05","Chr05_04364067",4364067,10.3374012207406
"Chr05_04508876","Chr05","Chr05_04508876",4508876,10.6804895832006
"Chr05_04524476","Chr05","Chr05_04524476",4524476,10.7174498443333
"Chr05_04537868","Chr05","Chr05_04537868",4537868,10.7491788069673
"Chr05_04954498","Chr05","Chr05_04954498",4954498,11.7362783964383
"Chr05_05196409","Chr05","Chr05_05196409",5196409,12.3094254304698
"Chr05_05296988","Chr05","Chr05_05296988",5296988,12.5477219756283
"Chr05_05335586","Chr05","Chr05_05335586",5335586,12.6391701909618
"Chr05_05340191","Chr05","Chr05_05340191",5340191,12.6500805757385
"Chr05_05428846","Chr05","Chr05_05428846",5428846,12.8601262136056
"Chr05_05481315","Chr05","Chr05_05481315",5481315,12.9844382611296
"Chr05_05501711","Chr05","Chr05_05501711",5501711,13.0327614333132
"Chr05_05783819","Chr05","Chr05_05783819",5783819,13.7011451094443
"Chr05_07261391","Chr05","Chr05_07261391",7261391,17.2018788890902
"Chr05_08132183","Chr05","Chr05_08132183",8132183,19.2650006655216
"Chr05_09989127","Chr05","Chr05_09989127",9989127,23.6645606109664
"Chr05_10672188","Chr05","Chr05_10672188",10672188,25.2829011833775
"Chr05_13884483","Chr05","Chr05_13884483",13884483,32.8936231087304
"Chr05_14570641","Chr05","Chr05_14570641",14570641,34.5193012406754
"Chr05_15039037","Chr05","Chr05_15039037",15039037,35.629047296672
"Chr05_15378302","Chr05","Chr05_15378302",15378302,36.432850052647
"Chr05_15388858","Chr05","Chr05_15388858",15388858,36.4578598293469
"Chr05_15642477","Chr05","Chr05_15642477",15642477,37.058746013208
"Chr05_16011122","Chr05","Chr05_16011122",16011122,37.9321572609831
"Chr05_16915835","Chr05","Chr05_16915835",16915835,40.0756462821507
"Chr05_17394271","Chr05","Chr05_17394271",17394271,41.2091795831328
"Chr05_18311893","Chr05","Chr05_18311893",18311893,43.3832532203878
"Chr05_18860400","Chr05","Chr05_18860400",18860400,44.6828020635388
"Chr05_19292082","Chr05","Chr05_19292082",19292082,45.7055635665079
"Chr05_19549407","Chr05","Chr05_19549407",19549407,46.3152301816355
"Chr05_24188625","Chr05","Chr05_24188625",24188625,57.3066858695757
"Chr05_25081911","Chr05","Chr05_25081911",25081911,59.4231014994636
"Chr05_26571506","Chr05","Chr05_26571506",26571506,62.9523207419043
"Chr05_27238532","Chr05","Chr05_27238532",27238532,64.5326704305164
"Chr05_27611162","Chr05","Chr05_27611162",27611162,65.415523129613
"Chr05_27714236","Chr05","Chr05_27714236",27714236,65.6597309473052
"Chr05_27832472","Chr05","Chr05_27832472",27832472,65.9398612957216
"Chr05_28275994","Chr05","Chr05_28275994",28275994,66.9906746891915
"Chr05_28380324","Chr05","Chr05_28380324",28380324,67.2378582817544
"Chr05_28728765","Chr05","Chr05_28728765",28728765,68.0634012528676
"Chr05_28862293","Chr05","Chr05_28862293",28862293,68.379762134184
"Chr05_29113760","Chr05","Chr05_29113760",29113760,68.9755496974068
"Chr05_31062277","Chr05","Chr05_31062277",31062277,73.5920687449485
"Chr05_31106419","Chr05","Chr05_31106419",31106419,73.6966520684692
"Chr05_31119642","Chr05","Chr05_31119642",31119642,73.7279806282742
"Chr05_31321892","Chr05","Chr05_31321892",31321892,74.2071609368706
"Chr05_31438725","Chr05","Chr05_31438725",31438725,74.4839672310325
"Chr05_31509945","Chr05","Chr05_31509945",31509945,74.6527050385886
"Chr05_31544730","Chr05","Chr05_31544730",31544730,74.7351193131722
"Chr05_31676373","Chr05","Chr05_31676373",31676373,75.0470141629351
"Chr05_31882544","Chr05","Chr05_31882544",31882544,75.5354842910124
"Chr05_31929319","Chr05","Chr05_31929319",31929319,75.646305843223
"Chr05_32310032","Chr05","Chr05_32310032",32310032,76.5483091699308
"Chr05_32458762","Chr05","Chr05_32458762",32458762,76.9006873518717
"Chr05_33027200","Chr05","Chr05_33027200",33027200,78.2474576671148
"Chr05_33051525","Chr05","Chr05_33051525",33051525,78.3050896127593
"Chr05_33082006","Chr05","Chr05_33082006",33082006,78.3773066460662
"Chr05_33216126","Chr05","Chr05_33216126",33216126,78.6950701219077
"Chr05_33310039","Chr05","Chr05_33310039",33310039,78.9175732631745
"Chr05_33350603","Chr05","Chr05_33350603",33350603,79.0136794191098
"Chr05_33488937","Chr05","Chr05_33488937",33488937,79.3414269039522
"Chr05_33496535","Chr05","Chr05_33496535",33496535,79.3594284465218
"Chr05_33544598","Chr05","Chr05_33544598",33544598,79.4733015895234
"Chr05_33621638","Chr05","Chr05_33621638",33621638,79.6558284175791
"Chr05_33624631","Chr05","Chr05_33624631",33624631,79.6629195753721
"Chr05_33712318","Chr05","Chr05_33712318",33712318,79.8706717816509
"Chr05_33779698","Chr05","Chr05_33779698",33779698,80.0303116787744
"Chr05_33819287","Chr05","Chr05_33819287",33819287,80.1241078183888
"Chr05_33820233","Chr05","Chr05_33820233",33820233,80.1263491265319
"Chr05_33855242","Chr05","Chr05_33855242",33855242,80.2092941125574
"Chr05_33856463","Chr05","Chr05_33856463",33856463,80.2121869637652
"Chr05_33866669","Chr05","Chr05_33866669",33866669,80.2363675038371
"Chr05_33885277","Chr05","Chr05_33885277",33885277,80.2804544614755
"Chr05_33987633","Chr05","Chr05_33987633",33987633,80.5229611594567
"Chr05_34006672","Chr05","Chr05_34006672",34006672,80.5680692627712
"Chr05_34142495","Chr05","Chr05_34142495",34142495,80.8898675671197
"Chr05_34321936","Chr05","Chr05_34321936",34321936,81.3150077092945
"Chr05_34354446","Chr05","Chr05_34354446",34354446,81.3920319457962
"Chr05_34404547","Chr05","Chr05_34404547",34404547,81.5107336152201
"Chr05_34455093","Chr05","Chr05_34455093",34455093,81.6304895997853
"Chr05_34555539","Chr05","Chr05_34555539",34555539,81.8684710350252
"Chr05_34592712","Chr05","Chr05_34592712",34592712,81.9565430726591
"Chr05_34599148","Chr05","Chr05_34599148",34599148,81.9717915496239
"Chr05_34650648","Chr05","Chr05_34650648",34650648,82.0938077963122
"Chr05_34655322","Chr05","Chr05_34655322",34655322,82.104881659167
"Chr05_34867188","Chr05","Chr05_34867188",34867188,82.6068446518052
"Chr05_35101237","Chr05","Chr05_35101237",35101237,83.1613646619247
"Chr05_35120485","Chr05","Chr05_35120485",35120485,83.2069679379686
"Chr05_35223296","Chr05","Chr05_35223296",35223296,83.4505526435661
"Chr05_35245696","Chr05","Chr05_35245696",35245696,83.5036237877567
"Chr05_35323388","Chr05","Chr05_35323388",35323388,83.687695365188
"Chr05_35460638","Chr05","Chr05_35460638",35460638,84.0128745857312
"Chr05_35502848","Chr05","Chr05_35502848",35502848,84.1128805230654
"Chr05_35633185","Chr05","Chr05_35633185",35633185,84.4216811355822
"Chr05_35693283","Chr05","Chr05_35693283",35693283,84.5640681723487
"Chr05_36005657","Chr05","Chr05_36005657",36005657,85.3041594935724
"Chr05_36610883","Chr05","Chr05_36610883",36610883,86.7380896861586
"Chr05_36731243","Chr05","Chr05_36731243",36731243,87.023252316283
"Chr05_36815393","Chr05","Chr05_36815393",36815393,87.2226244941242
"Chr05_36856712","Chr05","Chr05_36856712",36856712,87.3205194319284
"Chr05_36902759","Chr05","Chr05_36902759",36902759,87.4296161719528
"Chr05_36947149","Chr05","Chr05_36947149",36947149,87.5347870688556
"Chr05_36965515","Chr05","Chr05_36965515",36965515,87.5783006685969
"Chr05_37004415","Chr05","Chr05_37004415",37004415,87.670464396678
"Chr05_37061733","Chr05","Chr05_37061733",37061733,87.8062649253708
"Chr05_37108369","Chr05","Chr05_37108369",37108369,87.9167571521778
"Chr05_37280303","Chr05","Chr05_37280303",37280303,88.3241113533061
"Chr05_37314977","Chr05","Chr05_37314977",37314977,88.4062626414162
"Chr05_37426050","Chr05","Chr05_37426050",37426050,88.6694220699291
"Chr05_37468617","Chr05","Chr05_37468617",37468617,88.7702738286239
"Chr05_37751937","Chr05","Chr05_37751937",37751937,89.4415290327353
"Chr05_37922309","Chr05","Chr05_37922309",37922309,89.8451824692553
"Chr05_37928222","Chr05","Chr05_37928222",37928222,89.8591918297732
"Chr05_37934732","Chr05","Chr05_37934732",37934732,89.8746156310536
"Chr05_37940321","Chr05","Chr05_37940321",37940321,89.8878573553786
"Chr05_38007613","Chr05","Chr05_38007613",38007613,90.0472887587214
"Chr05_38074006","Chr05","Chr05_38074006",38074006,90.204590208554
"Chr05_38089127","Chr05","Chr05_38089127",38089127,90.2404156001302
"Chr05_38093813","Chr05","Chr05_38093813",38093813,90.251517893955
"Chr05_38404843","Chr05","Chr05_38404843",38404843,90.9884249465273
"Chr05_38520329","Chr05","Chr05_38520329",38520329,91.2620398642952
"Chr05_38534744","Chr05","Chr05_38534744",38534744,91.2961925671304
"Chr05_38549334","Chr05","Chr05_38549334",38549334,91.3307598882796
"Chr05_38786904","Chr05","Chr05_38786904",38786904,91.8936220188766
"Chr05_38898336","Chr05","Chr05_38898336",38898336,92.157632007245
"Chr05_38909794","Chr05","Chr05_38909794",38909794,92.1847788451975
"Chr05_38985591","Chr05","Chr05_38985591",38985591,92.3643606986001
"Chr05_39142406","Chr05","Chr05_39142406",39142406,92.7358942466473
"Chr05_39288797","Chr05","Chr05_39288797",39288797,93.0827307586657
"Chr05_39299163","Chr05","Chr05_39299163",39299163,93.107290378339
"Chr05_39354603","Chr05","Chr05_39354603",39354603,93.2386414602108
"Chr05_39586162","Chr05","Chr05_39586162",39586162,93.7872620440342
"Chr05_39593037","Chr05","Chr05_39593037",39593037,93.8035506206552
"Chr05_40082562","Chr05","Chr05_40082562",40082562,94.9633565072591
"Chr05_40124004","Chr05","Chr05_40124004",40124004,95.0615428625068
"Chr05_40165458","Chr05","Chr05_40165458",40165458,95.1597576487246
"Chr05_40174071","Chr05","Chr05_40174071",40174071,95.1801639775155
"Chr05_40177637","Chr05","Chr05_40177637",40177637,95.1886127141308
"Chr05_40190558","Chr05","Chr05_40190558",40190558,95.2192257611883
"Chr05_40219855","Chr05","Chr05_40219855",40219855,95.2886376054451
"Chr05_40253811","Chr05","Chr05_40253811",40253811,95.3690877738441
"Chr05_41017391","Chr05","Chr05_41017391",41017391,97.1781977863931
"Chr05_41057724","Chr05","Chr05_41057724",41057724,97.2737566461539
"Chr05_41082944","Chr05","Chr05_41082944",41082944,97.3335090683185
"Chr05_41126317","Chr05","Chr05_41126317",41126317,97.4362704405052
"Chr05_41326494","Chr05","Chr05_41326494",41326494,97.9105392990164
"Chr05_41365677","Chr05","Chr05_41365677",41365677,98.0033735241424
"Chr05_42070065","Chr05","Chr05_42070065",42070065,99.6722430381676
"Chr06_00033032","Chr06","Chr06_00033032",33032,0.0633565790790159
"Chr06_00380721","Chr06","Chr06_00380721",380721,0.740673727663217
"Chr06_00629318","Chr06","Chr06_00629318",629318,1.22495425188626
"Chr06_00661388","Chr06","Chr06_00661388",661388,1.2874283622409
"Chr06_00756924","Chr06","Chr06_00756924",756924,1.47353770451846
"Chr06_00835945","Chr06","Chr06_00835945",835945,1.62747492542068
"Chr06_01459245","Chr06","Chr06_01459245",1459245,2.84169734463018
"Chr06_01941361","Chr06","Chr06_01941361",1941361,3.78088562613124
"Chr06_03396192","Chr06","Chr06_03396192",3396192,6.61497581762968
"Chr06_03442427","Chr06","Chr06_03442427",3442427,6.70504412109855
"Chr06_03448890","Chr06","Chr06_03448890",3448890,6.71763439784386
"Chr06_03485925","Chr06","Chr06_03485925",3485925,6.78978059918419
"Chr06_03576322","Chr06","Chr06_03576322",3576322,6.96587888897928
"Chr06_04150660","Chr06","Chr06_04150660",4150660,8.08472065988245
"Chr06_04245030","Chr06","Chr06_04245030",4245030,8.26855857052067
"Chr06_04961656","Chr06","Chr06_04961656",4961656,9.66458513138771
"Chr06_05112467","Chr06","Chr06_05112467",5112467,9.95837319053002
"Chr06_06190024","Chr06","Chr06_06190024",6190024,12.0575130387189
"Chr06_06318489","Chr06","Chr06_06318489",6318489,12.3077698702346
"Chr06_06969868","Chr06","Chr06_06969868",6969868,13.5766917139732
"Chr06_07518829","Chr06","Chr06_07518829",7518829,14.6460977038203
"Chr06_07637888","Chr06","Chr06_07637888",7637888,14.8780311339641
"Chr06_07837123","Chr06","Chr06_07837123",7837123,15.2661517880492
"Chr06_07978808","Chr06","Chr06_07978808",7978808,15.5421619011018
"Chr06_08133148","Chr06","Chr06_08133148",8133148,15.8428246448541
"Chr06_08292887","Chr06","Chr06_08292887",8292887,16.1540049352794
"Chr06_08655264","Chr06","Chr06_08655264",8655264,16.8599351095227
"Chr06_09574265","Chr06","Chr06_09574265",9574265,18.6501992158535
"Chr06_09822607","Chr06","Chr06_09822607",9822607,19.1339829861588
"Chr06_09867604","Chr06","Chr06_09867604",9867604,19.2216395980587
"Chr06_10335428","Chr06","Chr06_10335428",10335428,20.1329862835139
"Chr06_10808038","Chr06","Chr06_10808038",10808038,21.0536563581852
"Chr06_10885743","Chr06","Chr06_10885743",10885743,21.2050299392612
"Chr06_11065403","Chr06","Chr06_11065403",11065403,21.5550174249586
"Chr06_11662746","Chr06","Chr06_11662746",11662746,22.718674191456
"Chr06_11806990","Chr06","Chr06_11806990",11806990,22.9996693761768
"Chr06_13180497","Chr06","Chr06_13180497",13180497,25.6753359770772
"Chr06_13242252","Chr06","Chr06_13242252",13242252,25.7956380876151
"Chr06_13368554","Chr06","Chr06_13368554",13368554,26.041681277076
"Chr06_13401522","Chr06","Chr06_13401522",13401522,26.1059047404428
"Chr06_13651064","Chr06","Chr06_13651064",13651064,26.5920261762431
"Chr06_13781851","Chr06","Chr06_13781851",13781851,26.8468063904917
"Chr06_13820409","Chr06","Chr06_13820409",13820409,26.9219194789562
"Chr06_13854053","Chr06","Chr06_13854053",13854053,26.9874598272185
"Chr06_14444520","Chr06","Chr06_14444520",14444520,28.1377217704294
"Chr06_14606225","Chr06","Chr06_14606225",14606225,28.4527319361574
"Chr06_14820517","Chr06","Chr06_14820517",14820517,28.8701844480413
"Chr06_15261552","Chr06","Chr06_15261552",15261552,29.7293446993747
"Chr06_15524002","Chr06","Chr06_15524002",15524002,30.2406116236832
"Chr06_15642869","Chr06","Chr06_15642869",15642869,30.4721710273479
"Chr06_15705119","Chr06","Chr06_15705119",15705119,30.5934374249025
"Chr06_15834565","Chr06","Chr06_15834565",15834565,30.8456052979604
"Chr06_15887892","Chr06","Chr06_15887892",15887892,30.9494892045049
"Chr06_15938325","Chr06","Chr06_15938325",15938325,31.0477354410972
"Chr06_16206037","Chr06","Chr06_16206037",16206037,31.5692530286015
"Chr06_16701469","Chr06","Chr06_16701469",16701469,32.5343816048791
"Chr06_16749523","Chr06","Chr06_16749523",16749523,32.6279934196275
"Chr06_17114448","Chr06","Chr06_17114448",17114448,33.3388872369386
"Chr06_17322318","Chr06","Chr06_17322318",17322318,33.743829342315
"Chr06_17336340","Chr06","Chr06_17336340",17336340,33.7711449636244
"Chr06_17451957","Chr06","Chr06_17451957",17451957,33.9963731899066
"Chr06_17479694","Chr06","Chr06_17479694",17479694,34.0504063797697
"Chr06_17596903","Chr06","Chr06_17596903",17596903,34.278735908942
"Chr06_18304015","Chr06","Chr06_18304015",18304015,35.6562286785426
"Chr06_18492343","Chr06","Chr06_18492343",18492343,36.0231019013324
"Chr06_18524744","Chr06","Chr06_18524744",18524744,36.0862208177528
"Chr06_18797212","Chr06","Chr06_18797212",18797212,36.6170033528357
"Chr06_18983194","Chr06","Chr06_18983194",18983194,36.9793064395827
"Chr06_19113654","Chr06","Chr06_19113654",19113654,37.2334496399839
"Chr06_19122151","Chr06","Chr06_19122151",19122151,37.2500022597433
"Chr06_19172326","Chr06","Chr06_19172326",19172326,37.3477458982542
"Chr06_19948047","Chr06","Chr06_19948047",19948047,38.8588927444785
"Chr06_20192738","Chr06","Chr06_20192738",20192738,39.3355641675152
"Chr06_20244146","Chr06","Chr06_20244146",20244146,39.4357097573223
"Chr06_21708966","Chr06","Chr06_21708966",21708966,42.2892590660122
"Chr06_22113039","Chr06","Chr06_22113039",22113039,43.0764153239895
"Chr06_23048138","Chr06","Chr06_23048138",23048138,44.8980392129361
"Chr06_23384434","Chr06","Chr06_23384434",23384434,45.5531621756996
"Chr06_23706373","Chr06","Chr06_23706373",23706373,46.1803169188696
"Chr06_26530535","Chr06","Chr06_26530535",26530535,51.6819386353457
"Chr06_27589864","Chr06","Chr06_27589864",27589864,53.7455693446651
"Chr06_27883038","Chr06","Chr06_27883038",27883038,54.3166882978647
"Chr06_29366166","Chr06","Chr06_29366166",29366166,57.2059025897905
"Chr06_30040221","Chr06","Chr06_30040221",30040221,58.5189985191668
"Chr06_30981432","Chr06","Chr06_30981432",30981432,60.3525289177014
"Chr06_31031767","Chr06","Chr06_31031767",31031767,60.450584244945
"Chr06_33718128","Chr06","Chr06_33718128",33718128,65.683762092354
"Chr06_34129795","Chr06","Chr06_34129795",34129795,66.4857118768057
"Chr06_34381000","Chr06","Chr06_34381000",34381000,66.9750729273712
"Chr06_35016892","Chr06","Chr06_35016892",35016892,68.2138252498419
"Chr06_35457008","Chr06","Chr06_35457008",35457008,69.0711952390169
"Chr06_35542064","Chr06","Chr06_35542064",35542064,69.2368889693046
"Chr06_36053266","Chr06","Chr06_36053266",36053266,70.232738366296
"Chr06_36094652","Chr06","Chr06_36094652",36094652,70.3133605531104
"Chr06_36471728","Chr06","Chr06_36471728",36471728,71.0479251816132
"Chr06_38353546","Chr06","Chr06_38353546",38353546,74.7138093537165
"Chr06_38701950","Chr06","Chr06_38701950",38701950,75.3925193613249
"Chr06_38973217","Chr06","Chr06_38973217",38973217,75.9209622828581
"Chr06_39014682","Chr06","Chr06_39014682",39014682,76.0017383659843
"Chr06_39177058","Chr06","Chr06_39177058",39177058,76.3180556763349
"Chr06_39373186","Chr06","Chr06_39373186",39373186,76.7001237248424
"Chr06_39496538","Chr06","Chr06_39496538",39496538,76.9404201532948
"Chr06_39740958","Chr06","Chr06_39740958",39740958,77.4165636535405
"Chr06_40120753","Chr06","Chr06_40120753",40120753,78.1564250424442
"Chr06_40210615","Chr06","Chr06_40210615",40210615,78.3314811230394
"Chr06_40310275","Chr06","Chr06_40310275",40310275,78.5256242424016
"Chr06_40639663","Chr06","Chr06_40639663",40639663,79.167290044132
"Chr06_41289182","Chr06","Chr06_41289182",41289182,80.4325885063533
"Chr06_41711537","Chr06","Chr06_41711537",41711537,81.2553590981474
"Chr06_41899330","Chr06","Chr06_41899330",41899330,81.6211901117373
"Chr06_41902168","Chr06","Chr06_41902168",41902168,81.626718690633
"Chr06_42005997","Chr06","Chr06_42005997",42005997,81.8289832495358
"Chr06_42026498","Chr06","Chr06_42026498",42026498,81.8689203164638
"Chr06_42127945","Chr06","Chr06_42127945",42127945,82.066544609359
"Chr06_42197684","Chr06","Chr06_42197684",42197684,82.2023999876571
"Chr06_43003239","Chr06","Chr06_43003239",43003239,83.771665094197
"Chr06_43327340","Chr06","Chr06_43327340",43327340,84.4030315313673
"Chr06_43512789","Chr06","Chr06_43512789",43512789,84.7642963050236
"Chr06_43813420","Chr06","Chr06_43813420",43813420,85.3499419012202
"Chr06_44353760","Chr06","Chr06_44353760",44353760,86.4025537125401
"Chr06_44514473","Chr06","Chr06_44514473",44514473,86.7156314081255
"Chr06_44581598","Chr06","Chr06_44581598",44581598,86.8463945717537
"Chr06_44627077","Chr06","Chr06_44627077",44627077,86.9349901459607
"Chr06_44640185","Chr06","Chr06_44640185",44640185,86.9605252453847
"Chr06_44671670","Chr06","Chr06_44671670",44671670,87.0218597438106
"Chr06_44838190","Chr06","Chr06_44838190",44838190,87.3462497923374
"Chr06_44894892","Chr06","Chr06_44894892",44894892,87.4567083830866
"Chr06_45081416","Chr06","Chr06_45081416",45081416,87.8200673154156
"Chr06_45354970","Chr06","Chr06_45354970",45354970,88.3529654377715
"Chr06_45373316","Chr06","Chr06_45373316",45373316,88.3887044470813
"Chr06_45940813","Chr06","Chr06_45940813",45940813,89.4942195766083
"Chr06_45981815","Chr06","Chr06_45981815",45981815,89.5740937104642
"Chr06_46053094","Chr06","Chr06_46053094",46053094,89.7129490928144
"Chr06_46231430","Chr06","Chr06_46231430",46231430,90.0603573542489
"Chr06_46711198","Chr06","Chr06_46711198",46711198,90.994971603598
"Chr06_46731067","Chr06","Chr06_46731067",46731067,91.0336775000319
"Chr06_46753775","Chr06","Chr06_46753775",46753775,91.0779139234162
"Chr06_46755964","Chr06","Chr06_46755964",46755964,91.08217821489
"Chr06_46827213","Chr06","Chr06_46827213",46827213,91.2209751556028
"Chr06_46865953","Chr06","Chr06_46865953",46865953,91.2964427900007
"Chr06_46890944","Chr06","Chr06_46890944",46890944,91.3451266219892
"Chr06_46896157","Chr06","Chr06_46896157",46896157,91.3552818305105
"Chr06_46953314","Chr06","Chr06_46953314",46953314,91.4666267860933
"Chr06_46957264","Chr06","Chr06_46957264",46957264,91.4743216016811
"Chr06_47120987","Chr06","Chr06_47120987",47120987,91.7932629415499
"Chr06_47150114","Chr06","Chr06_47150114",47150114,91.850003927278
"Chr06_47302337","Chr06","Chr06_47302337",47302337,92.1465426394862
"Chr06_47368591","Chr06","Chr06_47368591",47368591,92.2756090475759
"Chr06_47373636","Chr06","Chr06_47373636",47373636,92.2854369829279
"Chr06_47485978","Chr06","Chr06_47485978",47485978,92.5042853304633
"Chr06_47718506","Chr06","Chr06_47718506",47718506,92.9572625656533
"Chr06_47722548","Chr06","Chr06_47722548",47722548,92.9651366022624
"Chr06_47798663","Chr06","Chr06_47798663",47798663,93.1134127765575
"Chr06_47979912","Chr06","Chr06_47979912",47979912,93.4664957209812
"Chr06_48190332","Chr06","Chr06_48190332",48190332,93.8764053655345
"Chr06_48208147","Chr06","Chr06_48208147",48208147,93.9111099578628
"Chr06_48216189","Chr06","Chr06_48216189",48216189,93.9267762127887
"Chr06_48308932","Chr06","Chr06_48308932",48308932,94.1074446386265
"Chr06_48316109","Chr06","Chr06_48316109",48316109,94.1214258263414
"Chr06_48316358","Chr06","Chr06_48316358",48316358,94.1219108919316
"Chr06_48328609","Chr06","Chr06_48328609",48328609,94.1457765085813
"Chr06_48328610","Chr06","Chr06_48328610",48328610,94.1457784566358
"Chr06_48421934","Chr06","Chr06_48421934",48421934,94.3275787021842
"Chr06_48427563","Chr06","Chr06_48427563",48427563,94.3385443014105
"Chr06_48489184","Chr06","Chr06_48489184",48489184,94.4585853726348
"Chr06_48633462","Chr06","Chr06_48633462",48633462,94.7396467912113
"Chr06_48661238","Chr06","Chr06_48661238",48661238,94.7937559552029
"Chr06_48798545","Chr06","Chr06_48798545",48798545,95.0612374853078
"Chr06_48824937","Chr06","Chr06_48824937",48824937,95.1126505417618
"Chr06_48832806","Chr06","Chr06_48832806",48832806,95.1279797832454
"Chr06_48864773","Chr06","Chr06_48864773",48864773,95.1902532439784
"Chr06_48878863","Chr06","Chr06_48878863",48878863,95.2177013329992
"Chr06_48886064","Chr06","Chr06_48886064",48886064,95.2317292740239
"Chr06_48939919","Chr06","Chr06_48939919",48939919,95.3366417533863
"Chr06_49103262","Chr06","Chr06_49103262",49103262,95.654842832515
"Chr06_49187801","Chr06","Chr06_49187801",49187801,95.8195294185852
"Chr06_49622270","Chr06","Chr06_49622270",49622270,96.6658987435516
"Chr06_49636795","Chr06","Chr06_49636795",49636795,96.6941942363143
"Chr06_49647183","Chr06","Chr06_49647183",49647183,96.7144306272829
"Chr06_49702204","Chr06","Chr06_49702204",49702204,96.8216145382846
"Chr06_49716783","Chr06","Chr06_49716783",49716783,96.8500152259946
"Chr06_49759103","Chr06","Chr06_49759103",49759103,96.9324568957859
"Chr06_49838192","Chr06","Chr06_49838192",49838192,97.0865265843995
"Chr06_49874943","Chr06","Chr06_49874943",49874943,97.1581195382394
"Chr06_49881242","Chr06","Chr06_49881242",49881242,97.1703903340337
"Chr06_50099178","Chr06","Chr06_50099178",50099178,97.5949415568042
"Chr06_50176071","Chr06","Chr06_50176071",50176071,97.7447333175619
"Chr06_50176183","Chr06","Chr06_50176183",50176183,97.7449514996748
"Chr06_50239584","Chr06","Chr06_50239584",50239584,97.86846010805
"Chr06_50403913","Chr06","Chr06_50403913",50403913,98.1885819689938
"Chr06_50516211","Chr06","Chr06_50516211",50516211,98.4073446021278
"Chr06_50662339","Chr06","Chr06_50662339",50662339,98.6920099216757
"Chr06_50675116","Chr06","Chr06_50675116",50675116,98.7169002150341
"Chr06_50692752","Chr06","Chr06_50692752",50692752,98.7512561055927
"Chr06_50712677","Chr06","Chr06_50712677",50712677,98.790071093083
"Chr06_50820640","Chr06","Chr06_50820640",50820640,99.0003889096162
"Chr06_50837734","Chr06","Chr06_50837734",50837734,99.0336889545929
"Chr06_50891390","Chr06","Chr06_50891390",50891390,99.1382137710939
"Chr06_50925012","Chr06","Chr06_50925012",50925012,99.2037112621555
"Chr06_51191643","Chr06","Chr06_51191643",51191643,99.7231230026596
"Chr07_00131081","Chr07","Chr07_00131081",131081,0.292675334576446
"Chr07_00157553","Chr07","Chr07_00157553",157553,0.35199196850267
"Chr07_00213855","Chr07","Chr07_00213855",213855,0.478149611420254
"Chr07_00295307","Chr07","Chr07_00295307",295307,0.660661641737525
"Chr07_00593768","Chr07","Chr07_00593768",593768,1.32943248935972
"Chr07_00729453","Chr07","Chr07_00729453",729453,1.63346608992937
"Chr07_00773171","Chr07","Chr07_00773171",773171,1.73142637256712
"Chr07_00807842","Chr07","Chr07_00807842",807842,1.80911476085876
"Chr07_00913047","Chr07","Chr07_00913047",913047,2.04485087721598
"Chr07_00964140","Chr07","Chr07_00964140",964140,2.15933655178506
"Chr07_01026529","Chr07","Chr07_01026529",1026529,2.29913352496514
"Chr07_01141385","Chr07","Chr07_01141385",1141385,2.55649493725852
"Chr07_01143062","Chr07","Chr07_01143062",1143062,2.56025264332887
"Chr07_01317505","Chr07","Chr07_01317505",1317505,2.95113250023399
"Chr07_01477283","Chr07","Chr07_01477283",1477283,3.30915203542076
"Chr07_01566946","Chr07","Chr07_01566946",1566946,3.51006270887675
"Chr07_01635742","Chr07","Chr07_01635742",1635742,3.66421604627432
"Chr07_02087817","Chr07","Chr07_02087817",2087817,4.67719456252537
"Chr07_02109961","Chr07","Chr07_02109961",2109961,4.72681331221041
"Chr07_02565414","Chr07","Chr07_02565414",2565414,5.74736101814878
"Chr07_02603430","Chr07","Chr07_02603430",2603430,5.83254465200113
"Chr07_02796097","Chr07","Chr07_02796097",2796097,6.2642595926427
"Chr07_02799102","Chr07","Chr07_02799102",2799102,6.27099298962624
"Chr07_03014563","Chr07","Chr07_03014563",3014563,6.75378315517392
"Chr07_03469480","Chr07","Chr07_03469480",3469480,7.77312982923769
"Chr07_03819450","Chr07","Chr07_03819450",3819450,8.55731849557044
"Chr07_03820453","Chr07","Chr07_03820453",3820453,8.5595659488731
"Chr07_03923708","Chr07","Chr07_03923708",3923708,8.79093263956713
"Chr07_03926429","Chr07","Chr07_03926429",3926429,8.79702966891562
"Chr07_03950367","Chr07","Chr07_03950367",3950367,8.8506682902108
"Chr07_04020852","Chr07","Chr07_04020852",4020852,9.00860622245203
"Chr07_04218843","Chr07","Chr07_04218843",4218843,9.45225081551969
"Chr07_04434855","Chr07","Chr07_04434855",4434855,9.93627562390861
"Chr07_04470543","Chr07","Chr07_04470543",4470543,10.0162428357384
"Chr07_04493410","Chr07","Chr07_04493410",4493410,10.0674816340155
"Chr07_04506012","Chr07","Chr07_04506012",4506012,10.0957193274553
"Chr07_04537578","Chr07","Chr07_04537578",4537578,10.1664502456525
"Chr07_04582816","Chr07","Chr07_04582816",4582816,10.2678164395764
"Chr07_04594835","Chr07","Chr07_04594835",4594835,10.2947477867795
"Chr07_04827582","Chr07","Chr07_04827582",4827582,10.816271230283
"Chr07_04850218","Chr07","Chr07_04850218",4850218,10.8669924196739
"Chr07_04875776","Chr07","Chr07_04875776",4875776,10.9242610253662
"Chr07_04887375","Chr07","Chr07_04887375",4887375,10.9502512655033
"Chr07_04894900","Chr07","Chr07_04894900",4894900,10.967112767101
"Chr07_04903051","Chr07","Chr07_04903051",4903051,10.9853769663732
"Chr07_04940869","Chr07","Chr07_04940869",4940869,11.0701169354659
"Chr07_04952909","Chr07","Chr07_04952909",4952909,11.0970953380222
"Chr07_04957283","Chr07","Chr07_04957283",4957283,11.1068962958945
"Chr07_04972534","Chr07","Chr07_04972534",4972534,11.1410696860429
"Chr07_05005017","Chr07","Chr07_05005017",5005017,11.2138553546673
"Chr07_05054979","Chr07","Chr07_05054979",5054979,11.3258067623517
"Chr07_05098677","Chr07","Chr07_05098677",5098677,11.4237222303673
"Chr07_05099498","Chr07","Chr07_05099498",5099498,11.425561870608
"Chr07_05106661","Chr07","Chr07_05106661",5106661,11.4416122275442
"Chr07_05168324","Chr07","Chr07_05168324",5168324,11.5797824299389
"Chr07_05179590","Chr07","Chr07_05179590",5179590,11.6050265066166
"Chr07_05196214","Chr07","Chr07_05196214",5196214,11.6422764205781
"Chr07_05222881","Chr07","Chr07_05222881",5222881,11.7020299970707
"Chr07_05264314","Chr07","Chr07_05264314",5264314,11.7948702091236
"Chr07_05415848","Chr07","Chr07_05415848",5415848,12.1344171570451
"Chr07_05417577","Chr07","Chr07_05417577",5417577,12.1382913811331
"Chr07_05427810","Chr07","Chr07_05427810",5427810,12.1612207825749
"Chr07_05508695","Chr07","Chr07_05508695",5508695,12.3424623183532
"Chr07_05774162","Chr07","Chr07_05774162",5774162,12.9373024837541
"Chr07_05806334","Chr07","Chr07_05806334",5806334,13.0093912850035
"Chr07_05916681","Chr07","Chr07_05916681",5916681,13.2566492407249
"Chr07_05933170","Chr07","Chr07_05933170",5933170,13.2935966559867
"Chr07_05936788","Chr07","Chr07_05936788",5936788,13.3017036211402
"Chr07_05943477","Chr07","Chr07_05943477",5943477,13.3166918715305
"Chr07_06000190","Chr07","Chr07_06000190",6000190,13.4437704549341
"Chr07_06006066","Chr07","Chr07_06006066",6006066,13.4569369909325
"Chr07_06046423","Chr07","Chr07_06046423",6046423,13.5473661763118
"Chr07_06094699","Chr07","Chr07_06094699",6094699,13.6555397113459
"Chr07_06209653","Chr07","Chr07_06209653",6209653,13.913120715288
"Chr07_06210330","Chr07","Chr07_06210330",6210330,13.914637690249
"Chr07_06253187","Chr07","Chr07_06253187",6253187,14.0106687034016
"Chr07_06257325","Chr07","Chr07_06257325",6257325,14.019940848732
"Chr07_06349738","Chr07","Chr07_06349738",6349738,14.2270135327387
"Chr07_06396010","Chr07","Chr07_06396010",6396010,14.3306966426297
"Chr07_06452078","Chr07","Chr07_06452078",6452078,14.4563299544677
"Chr07_06602642","Chr07","Chr07_06602642",6602642,14.7937033932131
"Chr07_06654852","Chr07","Chr07_06654852",6654852,14.9106919644313
"Chr07_06679299","Chr07","Chr07_06679299",6679299,14.9654711178611
"Chr07_06718185","Chr07","Chr07_06718185",6718185,15.0526041877786
"Chr07_06720149","Chr07","Chr07_06720149",6720149,15.0570049836773
"Chr07_06756318","Chr07","Chr07_06756318",6756318,15.1380499871707
"Chr07_06919872","Chr07","Chr07_06919872",6919872,15.5045305230263
"Chr07_06947899","Chr07","Chr07_06947899",6947899,15.5673314938275
"Chr07_06958890","Chr07","Chr07_06958890",6958890,15.5919593694502
"Chr07_06985605","Chr07","Chr07_06985605",6985605,15.651820501036
"Chr07_07024929","Chr07","Chr07_07024929",7024929,15.7399350111793
"Chr07_07026019","Chr07","Chr07_07026019",7026019,15.7423774080885
"Chr07_07027997","Chr07","Chr07_07027997",7027997,15.7468095742228
"Chr07_07067807","Chr07","Chr07_07067807",7067807,15.8360130796853
"Chr07_07131909","Chr07","Chr07_07131909",7131909,15.9796484252556
"Chr07_07134906","Chr07","Chr07_07134906",7134906,15.9863638963903
"Chr07_07154405","Chr07","Chr07_07154405",7154405,16.0300559122912
"Chr07_07227654","Chr07","Chr07_07227654",7227654,16.1941872253186
"Chr07_07261463","Chr07","Chr07_07261463",7261463,16.269944103394
"Chr07_07353442","Chr07","Chr07_07353442",7353442,16.4760443100992
"Chr07_07362321","Chr07","Chr07_07362321",7362321,16.4959397616189
"Chr07_07469587","Chr07","Chr07_07469587",7469587,16.7362940247925
"Chr07_07477081","Chr07","Chr07_07477081",7477081,16.7530860637258
"Chr07_07586339","Chr07","Chr07_07586339",7586339,16.9979038632692
"Chr07_07621996","Chr07","Chr07_07621996",7621996,17.0778016124346
"Chr07_07627367","Chr07","Chr07_07627367",7627367,17.0898365792228
"Chr07_07627483","Chr07","Chr07_07627483",7627483,17.0900965040315
"Chr07_07883960","Chr07","Chr07_07883960",7883960,17.6647924967595
"Chr07_07934736","Chr07","Chr07_07934736",7934736,17.7785678595669
"Chr07_08026084","Chr07","Chr07_08026084",8026084,17.9832541649421
"Chr07_08189219","Chr07","Chr07_08189219",8189219,18.3487958344629
"Chr07_08229872","Chr07","Chr07_08229872",8229872,18.4398882762506
"Chr07_08339149","Chr07","Chr07_08339149",8339149,18.684748649685
"Chr07_08363659","Chr07","Chr07_08363659",8363659,18.7396689691747
"Chr07_08461073","Chr07","Chr07_08461073",8461073,18.9579475494592
"Chr07_08469389","Chr07","Chr07_08469389",8469389,18.9765814693644
"Chr07_08471414","Chr07","Chr07_08471414",8471414,18.9811189498608
"Chr07_08483064","Chr07","Chr07_08483064",8483064,19.0072234672845
"Chr07_08567325","Chr07","Chr07_08567325",8567325,19.1960297112878
"Chr07_08630349","Chr07","Chr07_08630349",8630349,19.3372495487224
"Chr07_08687477","Chr07","Chr07_08687477",8687477,19.4652580355362
"Chr07_08762794","Chr07","Chr07_08762794",8762794,19.6340231804978
"Chr07_08787708","Chr07","Chr07_08787708",8787708,19.6898487553557
"Chr07_08937673","Chr07","Chr07_08937673",8937673,20.0258799961666
"Chr07_09033446","Chr07","Chr07_09033446",9033446,20.2404815367006
"Chr07_09070782","Chr07","Chr07_09070782",9070782,20.3241414733986
"Chr07_09087453","Chr07","Chr07_09087453",9087453,20.3614967017222
"Chr07_09168892","Chr07","Chr07_09168892",9168892,20.5439796025351
"Chr07_09193568","Chr07","Chr07_09193568",9193568,20.5992718833889
"Chr07_09234837","Chr07","Chr07_09234837",9234837,20.6917446155399
"Chr07_09294030","Chr07","Chr07_09294030",9294030,20.8243802120946
"Chr07_09559678","Chr07","Chr07_09559678",9559678,21.4196259498263
"Chr07_09572590","Chr07","Chr07_09572590",9572590,21.44855826991
"Chr07_09600730","Chr07","Chr07_09600730",9600730,21.5116124433266
"Chr07_09691521","Chr07","Chr07_09691521",9691521,21.7150506614739
"Chr07_10103866","Chr07","Chr07_10103866",10103866,22.6390049307512
"Chr07_10346417","Chr07","Chr07_10346417",10346417,23.1824965020507
"Chr07_10652759","Chr07","Chr07_10652759",10652759,23.8689265515455
"Chr07_11667659","Chr07","Chr07_11667659",11667659,26.1430445544061
"Chr07_11943836","Chr07","Chr07_11943836",11943836,26.7618829499879
"Chr07_13502117","Chr07","Chr07_13502117",13502117,30.2535716637682
"Chr07_13934061","Chr07","Chr07_13934061",13934061,31.2214420220573
"Chr07_14878095","Chr07","Chr07_14878095",14878095,33.3367683741239
"Chr07_15188727","Chr07","Chr07_15188727",15188727,34.0328111600778
"Chr07_15357774","Chr07","Chr07_15357774",15357774,34.411600031917
"Chr07_15582880","Chr07","Chr07_15582880",15582880,34.9160020490142
"Chr07_15653141","Chr07","Chr07_15653141",15653141,35.0734380574869
"Chr07_15709665","Chr07","Chr07_15709665",15709665,35.2000931427108
"Chr07_15715564","Chr07","Chr07_15715564",15715564,35.2133112155247
"Chr07_15836834","Chr07","Chr07_15836834",15836834,35.4850446771533
"Chr07_16022430","Chr07","Chr07_16022430",16022430,35.9009154081208
"Chr07_16045768","Chr07","Chr07_16045768",16045768,35.9532095907504
"Chr07_16185977","Chr07","Chr07_16185977",16185977,36.2673802588587
"Chr07_16546486","Chr07","Chr07_16546486",16546486,37.0751839903527
"Chr07_17286160","Chr07","Chr07_17286160",17286160,38.7325945329164
"Chr07_17743403","Chr07","Chr07_17743403",17743403,39.7571531475404
"Chr07_17985883","Chr07","Chr07_17985883",17985883,40.3004856269311
"Chr07_18001700","Chr07","Chr07_18001700",18001700,40.3359272708874
"Chr07_18256917","Chr07","Chr07_18256917",18256917,40.9077999424177
"Chr07_18356097","Chr07","Chr07_18356097",18356097,41.1300356538412
"Chr07_18379806","Chr07","Chr07_18379806",18379806,41.1831611477123
"Chr07_18794282","Chr07","Chr07_18794282",18794282,42.1118904149836
"Chr07_21493971","Chr07","Chr07_21493971",21493971,48.1611675428037
"Chr07_22762239","Chr07","Chr07_22762239",22762239,51.0030151053734
"Chr07_23347322","Chr07","Chr07_23347322",23347322,52.3140287850144
"Chr07_24323940","Chr07","Chr07_24323940",24323940,54.5023671195476
"Chr07_26482469","Chr07","Chr07_26482469",26482469,59.3390502002418
"Chr07_26930922","Chr07","Chr07_26930922",26930922,60.3439127884149
"Chr07_27938608","Chr07","Chr07_27938608",27938608,62.6018661570527
"Chr07_31216694","Chr07","Chr07_31216694",31216694,69.9471754363168
"Chr07_32271897","Chr07","Chr07_32271897",32271897,72.3116016250768
"Chr07_33919148","Chr07","Chr07_33919148",33919148,76.0026481856543
"Chr07_34053615","Chr07","Chr07_34053615",34053615,76.3039525757327
"Chr07_34180096","Chr07","Chr07_34180096",34180096,76.5873624871721
"Chr07_34646326","Chr07","Chr07_34646326",34646326,77.6320585522757
"Chr07_35137034","Chr07","Chr07_35137034",35137034,78.7316032334736
"Chr07_35216096","Chr07","Chr07_35216096",35216096,78.9087599164395
"Chr07_35397947","Chr07","Chr07_35397947",35397947,79.3162391094026
"Chr07_35729523","Chr07","Chr07_35729523",35729523,80.0592117677103
"Chr07_36482812","Chr07","Chr07_36482812",36482812,81.7471298643275
"Chr07_36544601","Chr07","Chr07_36544601",36544601,81.885582398842
"Chr07_36550113","Chr07","Chr07_36550113",36550113,81.8979333087167
"Chr07_36643555","Chr07","Chr07_36643555",36643555,82.1073117050348
"Chr07_37141924","Chr07","Chr07_37141924",37141924,83.2240226272613
"Chr07_37392184","Chr07","Chr07_37392184",37392184,83.7847879946826
"Chr07_38077107","Chr07","Chr07_38077107",38077107,85.3195162682792
"Chr07_38184109","Chr07","Chr07_38184109",38184109,85.5592789784399
"Chr07_38288506","Chr07","Chr07_38288506",38288506,85.7932045840608
"Chr07_38488263","Chr07","Chr07_38488263",38488263,86.2408063082676
"Chr07_38602221","Chr07","Chr07_38602221",38602221,86.4961555440248
"Chr07_39018573","Chr07","Chr07_39018573",39018573,87.4290884228571
"Chr07_39738025","Chr07","Chr07_39738025",39738025,89.0411869009279
"Chr07_40551553","Chr07","Chr07_40551553",40551553,90.8640843988402
"Chr07_42378779","Chr07","Chr07_42378779",42378779,94.9584065408196
"Chr07_42502993","Chr07","Chr07_42502993",42502993,95.2367367148341
"Chr07_42586748","Chr07","Chr07_42586748",42586748,95.4244091488962
"Chr07_42730177","Chr07","Chr07_42730177",42730177,95.7457949711765
"Chr07_42897450","Chr07","Chr07_42897450",42897450,96.1206087860277
"Chr07_42940465","Chr07","Chr07_42940465",42940465,96.2169938346956
"Chr07_43679938","Chr07","Chr07_43679938",43679938,97.8739539903063
"Chr08_00888019","Chr08","Chr08_00888019",888019,1.82990311430677
"Chr08_00941760","Chr08","Chr08_00941760",941760,1.94237026107546
"Chr08_01077992","Chr08","Chr08_01077992",1077992,2.22747147501999
"Chr08_01890031","Chr08","Chr08_01890031",1890031,3.92687620129796
"Chr08_01922330","Chr08","Chr08_01922330",1922330,3.9944703356364
"Chr08_02073669","Chr08","Chr08_02073669",2073669,4.31118691189713
"Chr08_02232329","Chr08","Chr08_02232329",2232329,4.64322460204657
"Chr08_02357389","Chr08","Chr08_02357389",2357389,4.9049454739115
"Chr08_02648402","Chr08","Chr08_02648402",2648402,5.51396655246602
"Chr08_02790365","Chr08","Chr08_02790365",2790365,5.81106138800544
"Chr08_03058773","Chr08","Chr08_03058773",3058773,6.37277557140158
"Chr08_03379168","Chr08","Chr08_03379168",3379168,7.04328619623097
"Chr08_03522724","Chr08","Chr08_03522724",3522724,7.34371480235156
"Chr08_03527127","Chr08","Chr08_03527127",3527127,7.35292923541426
"Chr08_03697695","Chr08","Chr08_03697695",3697695,7.70988754080573
"Chr08_03759688","Chr08","Chr08_03759688",3759688,7.83962416330311
"Chr08_03816547","Chr08","Chr08_03816547",3816547,7.95861654338761
"Chr08_04476788","Chr08","Chr08_04476788",4476788,9.34034411544079
"Chr08_05133088","Chr08","Chr08_05133088",5133088,10.7138241106827
"Chr08_05328562","Chr08","Chr08_05328562",5328562,11.1229047576276
"Chr08_05752071","Chr08","Chr08_05752071",5752071,12.0092084896173
"Chr08_05825377","Chr08","Chr08_05825377",5825377,12.1626205336996
"Chr08_06124047","Chr08","Chr08_06124047",6124047,12.7876658943257
"Chr08_06243057","Chr08","Chr08_06243057",6243057,13.0367255533745
"Chr08_06583984","Chr08","Chr08_06583984",6583984,13.7502047768056
"Chr08_06597057","Chr08","Chr08_06597057",6597057,13.7775634603007
"Chr08_06875428","Chr08","Chr08_06875428",6875428,14.3601278359756
"Chr08_07478545","Chr08","Chr08_07478545",7478545,15.6223084458954
"Chr08_07721758","Chr08","Chr08_07721758",7721758,16.1312954793903
"Chr08_07775824","Chr08","Chr08_07775824",7775824,16.244442773955
"Chr08_07913446","Chr08","Chr08_07913446",7913446,16.5324529277035
"Chr08_07978093","Chr08","Chr08_07978093",7978093,16.6677437417404
"Chr08_08005239","Chr08","Chr08_08005239",8005239,16.7245538711794
"Chr08_08036351","Chr08","Chr08_08036351",8036351,16.789663896491
"Chr08_08046502","Chr08","Chr08_08046502",8046502,16.8109075281102
"Chr08_08092329","Chr08","Chr08_08092329",8092329,16.9068125528579
"Chr08_08357665","Chr08","Chr08_08357665",8357665,17.4620977700109
"Chr08_08779953","Chr08","Chr08_08779953",8779953,18.3458462390506
"Chr08_08915892","Chr08","Chr08_08915892",8915892,18.6303342735976
"Chr08_09062894","Chr08","Chr08_09062894",9062894,18.9379745391172
"Chr08_09063387","Chr08","Chr08_09063387",9063387,18.9390062710045
"Chr08_09130588","Chr08","Chr08_09130588",9130588,19.079642000336
"Chr08_09223787","Chr08","Chr08_09223787",9223787,19.2746853678151
"Chr08_09244998","Chr08","Chr08_09244998",9244998,19.3190749521197
"Chr08_09283001","Chr08","Chr08_09283001",9283001,19.3986062034669
"Chr08_09436099","Chr08","Chr08_09436099",9436099,19.7190039488753
"Chr08_09460524","Chr08","Chr08_09460524",9460524,19.7701196716908
"Chr08_09528012","Chr08","Chr08_09528012",9528012,19.9113560238451
"Chr08_09529915","Chr08","Chr08_09529915",9529915,19.9153385507854
"Chr08_09591339","Chr08","Chr08_09591339",9591339,20.0438843914494
"Chr08_09641232","Chr08","Chr08_09641232",9641232,20.1482985883145
"Chr08_09679001","Chr08","Chr08_09679001",9679001,20.2273401332487
"Chr08_09754602","Chr08","Chr08_09754602",9754602,20.3855550671513
"Chr08_09786177","Chr08","Chr08_09786177",9786177,20.4516340414767
"Chr08_09877278","Chr08","Chr08_09877278",9877278,20.6422867933379
"Chr08_09893571","Chr08","Chr08_09893571",9893571,20.6763841719186
"Chr08_09915318","Chr08","Chr08_09915318",9915318,20.7218954768958
"Chr08_10396712","Chr08","Chr08_10396712",10396712,21.7293387632427
"Chr08_10523760","Chr08","Chr08_10523760",10523760,21.9952200468561
"Chr08_10542225","Chr08","Chr08_10542225",10542225,22.0338629054759
"Chr08_10623313","Chr08","Chr08_10623313",10623313,22.2035608269358
"Chr08_10705825","Chr08","Chr08_10705825",10705825,22.3762388421231
"Chr08_11015833","Chr08","Chr08_11015833",11015833,23.0250119433953
"Chr08_11177430","Chr08","Chr08_11177430",11177430,23.3631960768573
"Chr08_11233165","Chr08","Chr08_11233165",11233165,23.4798361919492
"Chr08_11237644","Chr08","Chr08_11237644",11237644,23.489209674958
"Chr08_11269954","Chr08","Chr08_11269954",11269954,23.5568268296834
"Chr08_11448488","Chr08","Chr08_11448488",11448488,23.9304560807431
"Chr08_11499453","Chr08","Chr08_11499453",11499453,24.0371137189536
"Chr08_11897202","Chr08","Chr08_11897202",11897202,24.8695078902586
"Chr08_11921646","Chr08","Chr08_11921646",11921646,24.9206633755605
"Chr08_12206137","Chr08","Chr08_12206137",12206137,25.516035457423
"Chr08_12448487","Chr08","Chr08_12448487",12448487,26.0232164369246
"Chr08_13299346","Chr08","Chr08_13299346",13299346,27.8038622014706
"Chr08_13304872","Chr08","Chr08_13304872",13304872,27.8154268067634
"Chr08_13715120","Chr08","Chr08_13715120",13715120,28.6739784159178
"Chr08_13922305","Chr08","Chr08_13922305",13922305,29.1075674039022
"Chr08_13935910","Chr08","Chr08_13935910",13935910,29.1360394370201
"Chr08_13937871","Chr08","Chr08_13937871",13937871,29.1401433441825
"Chr08_14037677","Chr08","Chr08_14037677",14037677,29.3490135931618
"Chr08_14123195","Chr08","Chr08_14123195",14123195,29.5279824522706
"Chr08_14180816","Chr08","Chr08_14180816",14180816,29.6485695173412
"Chr08_14201343","Chr08","Chr08_14201343",14201343,29.6915276521306
"Chr08_14234785","Chr08","Chr08_14234785",14234785,29.7615138139482
"Chr08_14306348","Chr08","Chr08_14306348",14306348,29.911278173082
"Chr08_14331342","Chr08","Chr08_14331342",14331342,29.9635846777309
"Chr08_14436911","Chr08","Chr08_14436911",14436911,30.1845155167035
"Chr08_14535593","Chr08","Chr08_14535593",14535593,30.3910335006902
"Chr08_14573727","Chr08","Chr08_14573727",14573727,30.4708389039182
"Chr08_14611043","Chr08","Chr08_14611043",14611043,30.548932427463
"Chr08_14879155","Chr08","Chr08_14879155",14879155,31.1100271531742
"Chr08_15137549","Chr08","Chr08_15137549",15137549,31.6507844134066
"Chr08_15200693","Chr08","Chr08_15200693",15200693,31.7829298054828
"Chr08_15240451","Chr08","Chr08_15240451",15240451,31.8661338549279
"Chr08_15503836","Chr08","Chr08_15503836",15503836,32.417336092543
"Chr08_15524774","Chr08","Chr08_15524774",15524774,32.4611543526989
"Chr08_15698863","Chr08","Chr08_15698863",15698863,32.8254812746731
"Chr08_16387334","Chr08","Chr08_16387334",16387334,34.26628753066
"Chr08_16451124","Chr08","Chr08_16451124",16451124,34.3997848472781
"Chr08_16615325","Chr08","Chr08_16615325",16615325,34.7434185341572
"Chr08_17151983","Chr08","Chr08_17151983",17151983,35.8665162444825
"Chr08_17159893","Chr08","Chr08_17159893",17159893,35.8830699954537
"Chr08_17191673","Chr08","Chr08_17191673",17191673,35.9495779860811
"Chr08_17200929","Chr08","Chr08_17200929",17200929,35.9689485953085
"Chr08_17338410","Chr08","Chr08_17338410",17338410,36.2566636695518
"Chr08_17353197","Chr08","Chr08_17353197",17353197,36.2876093478843
"Chr08_17477170","Chr08","Chr08_17477170",17477170,36.5470553869673
"Chr08_17492373","Chr08","Chr08_17492373",17492373,36.5788716544786
"Chr08_17601805","Chr08","Chr08_17601805",17601805,36.8078868347914
"Chr08_17815397","Chr08","Chr08_17815397",17815397,37.2548841517862
"Chr08_18032262","Chr08","Chr08_18032262",18032262,37.7087310802764
"Chr08_18120518","Chr08","Chr08_18120518",18120518,37.8934299229704
"Chr08_18160070","Chr08","Chr08_18160070",18160070,37.9762028633511
"Chr08_18208751","Chr08","Chr08_18208751",18208751,38.0780806321281
"Chr08_18299592","Chr08","Chr08_18299592",18299592,38.2681892657526
"Chr08_18547641","Chr08","Chr08_18547641",18547641,38.7872968984507
"Chr08_19016861","Chr08","Chr08_19016861",19016861,39.7692628947442
"Chr08_19193684","Chr08","Chr08_19193684",19193684,40.1393114292538
"Chr08_20201703","Chr08","Chr08_20201703",20201703,42.2488557402758
"Chr08_20467887","Chr08","Chr08_20467887",20467887,42.8059156199855
"Chr08_20568985","Chr08","Chr08_20568985",20568985,43.0174897180488
"Chr08_20805867","Chr08","Chr08_20805867",20805867,43.5132274724795
"Chr08_21363660","Chr08","Chr08_21363660",21363660,44.6805557171633
"Chr08_21802881","Chr08","Chr08_21802881",21802881,45.5997409327509
"Chr08_21887535","Chr08","Chr08_21887535",21887535,45.7769016451038
"Chr08_21936092","Chr08","Chr08_21936092",21936092,45.8785199113372
"Chr08_22039467","Chr08","Chr08_22039467",22039467,46.0948592294968
"Chr08_23116360","Chr08","Chr08_23116360",23116360,48.3485404614273
"Chr08_23162195","Chr08","Chr08_23162195",23162195,48.4444622282747
"Chr08_23176597","Chr08","Chr08_23176597",23176597,48.4746021930644
"Chr08_23454044","Chr08","Chr08_23454044",23454044,49.0552328562365
"Chr08_28263485","Chr08","Chr08_28263485",28263485,59.1202503814478
"Chr08_28339503","Chr08","Chr08_28339503",28339503,59.2793379972916
"Chr08_29524964","Chr08","Chr08_29524964",29524964,61.7602262627791
"Chr08_31557175","Chr08","Chr08_31557175",31557175,66.0131611319099
"Chr08_35354934","Chr08","Chr08_35354934",35354934,73.9609685572487
"Chr08_35558691","Chr08","Chr08_35558691",35558691,74.3873835555582
"Chr08_35571112","Chr08","Chr08_35571112",35571112,74.4133777579365
"Chr08_35618035","Chr08","Chr08_35618035",35618035,74.5115764503283
"Chr08_35723743","Chr08","Chr08_35723743",35723743,74.7327981832813
"Chr08_36177047","Chr08","Chr08_36177047",36177047,75.6814557724374
"Chr08_36604411","Chr08","Chr08_36604411",36604411,76.5758271036678
"Chr08_36688404","Chr08","Chr08_36688404",36688404,76.751604500042
"Chr08_36811708","Chr08","Chr08_36811708",36811708,77.0096504810466
"Chr08_39411234","Chr08","Chr08_39411234",39411234,82.4498408789
"Chr08_39472100","Chr08","Chr08_39472100",39472100,82.5772189581174
"Chr08_39586647","Chr08","Chr08_39586647",39586647,82.8169386183566
"Chr08_40010196","Chr08","Chr08_40010196",40010196,83.7033260608443
"Chr08_40932515","Chr08","Chr08_40932515",40932515,85.6335206299918
"Chr08_40934624","Chr08","Chr08_40934624",40934624,85.6379342659966
"Chr08_41000926","Chr08","Chr08_41000926",41000926,85.7766886018865
"Chr08_41658502","Chr08","Chr08_41658502",41658502,87.1528389620133
"Chr08_41699759","Chr08","Chr08_41699759",41699759,87.2391800623693
"Chr08_41715805","Chr08","Chr08_41715805",41715805,87.2727605286251
"Chr08_41796986","Chr08","Chr08_41796986",41796986,87.4426530769928
"Chr08_41975184","Chr08","Chr08_41975184",41975184,87.8155791598697
"Chr08_42001462","Chr08","Chr08_42001462",42001462,87.8705727715031
"Chr08_42092741","Chr08","Chr08_42092741",42092741,88.0615980350802
"Chr08_42482508","Chr08","Chr08_42482508",42482508,88.8772877765177
"Chr08_42482813","Chr08","Chr08_42482813",42482813,88.8779260690647
"Chr08_42537516","Chr08","Chr08_42537516",42537516,88.9924064533093
"Chr08_42557005","Chr08","Chr08_42557005",42557005,89.0331923006767
"Chr08_42641580","Chr08","Chr08_42641580",42641580,89.2101876847962
"Chr08_42850756","Chr08","Chr08_42850756",42850756,89.6479433628164
"Chr08_42867439","Chr08","Chr08_42867439",42867439,89.6828569187522
"Chr08_43008908","Chr08","Chr08_43008908",43008908,89.9789179296418
"Chr08_43245360","Chr08","Chr08_43245360",43245360,90.4737557962195
"Chr08_43490390","Chr08","Chr08_43490390",43490390,90.9865453790842
"Chr08_43530107","Chr08","Chr08_43530107",43530107,91.0696636252689
"Chr08_43568272","Chr08","Chr08_43568272",43568272,91.1495339041329
"Chr08_43583706","Chr08","Chr08_43583706",43583706,91.1818335997699
"Chr08_43596807","Chr08","Chr08_43596807",43596807,91.2092508806135
"Chr08_43653698","Chr08","Chr08_43653698",43653698,91.3283102290964
"Chr08_43675791","Chr08","Chr08_43675791",43675791,91.3745456298809
"Chr08_43779016","Chr08","Chr08_43779016",43779016,91.5905710336731
"Chr08_43824493","Chr08","Chr08_43824493",43824493,91.6857435915637
"Chr08_43861036","Chr08","Chr08_43861036",43861036,91.7622194097355
"Chr08_43877730","Chr08","Chr08_43877730",43877730,91.7971559860582
"Chr08_43905209","Chr08","Chr08_43905209",43905209,91.8546630053927
"Chr08_43961107","Chr08","Chr08_43961107",43961107,91.9716442407638
"Chr08_43963426","Chr08","Chr08_43963426",43963426,91.9764973568829
"Chr08_43972857","Chr08","Chr08_43972857",43972857,91.9962341995389
"Chr08_43994438","Chr08","Chr08_43994438",43994438,92.0413981059495
"Chr08_44025939","Chr08","Chr08_44025939",44025939,92.1073222158537
"Chr08_44070858","Chr08","Chr08_44070858",44070858,92.2013270122978
"Chr08_44418008","Chr08","Chr08_44418008",44418008,92.9278294964487
"Chr08_45108046","Chr08","Chr08_45108046",45108046,94.3719151111931
"Chr08_45181255","Chr08","Chr08_45181255",45181255,94.5251241573178
"Chr08_45298536","Chr08","Chr08_45298536",45298536,94.7705654300924
"Chr08_45344107","Chr08","Chr08_45344107",45344107,94.8659347076532
"Chr08_45401536","Chr08","Chr08_45401536",45401536,94.9861199623336
"Chr08_45401975","Chr08","Chr08_45401975",45401975,94.9870386850487
"Chr08_45403798","Chr08","Chr08_45403798",45403798,94.9908537909931
"Chr08_45913521","Chr08","Chr08_45913521",45913521,96.0575829447562
"Chr08_46069852","Chr08","Chr08_46069852",46069852,96.384746591162
"Chr08_46248942","Chr08","Chr08_46248942",46248942,96.7595394181434
"Chr08_46314399","Chr08","Chr08_46314399",46314399,96.8965253697639
"Chr08_46777602","Chr08","Chr08_46777602",46777602,97.8658992144021
"Chr08_46783731","Chr08","Chr08_46783731",46783731,97.8787257554517
"Chr08_47591246","Chr08","Chr08_47591246",47591246,99.5686628244106
"Chr09_00008230","Chr09","Chr09_00008230",8230,0.00344773413418019
"Chr09_00351017","Chr09","Chr09_00351017",351017,0.686591341448183
"Chr09_00686841","Chr09","Chr09_00686841",686841,1.35585831709959
"Chr09_00792630","Chr09","Chr09_00792630",792630,1.56668626294975
"Chr09_01051488","Chr09","Chr09_01051488",1051488,2.08256693491832
"Chr09_01150699","Chr09","Chr09_01150699",1150699,2.28028551941898
"Chr09_01272051","Chr09","Chr09_01272051",1272051,2.52212912210744
"Chr09_01298000","Chr09","Chr09_01298000",1298000,2.57384314121024
"Chr09_01443052","Chr09","Chr09_01443052",1443052,2.86291870862707
"Chr09_01469421","Chr09","Chr09_01469421",1469421,2.91546974988961
"Chr09_01483100","Chr09","Chr09_01483100",1483100,2.94273076446848
"Chr09_01528641","Chr09","Chr09_01528641",1528641,3.03348987441339
"Chr09_01554560","Chr09","Chr09_01554560",1554560,3.08514410621907
"Chr09_01591094","Chr09","Chr09_01591094",1591094,3.1579530766573
"Chr09_01706763","Chr09","Chr09_01706763",1706763,3.38847097236047
"Chr09_01828369","Chr09","Chr09_01828369",1828369,3.63082077416459
"Chr09_02054872","Chr09","Chr09_02054872",2054872,4.08222084618436
"Chr09_02176727","Chr09","Chr09_02176727",2176727,4.32506688255461
"Chr09_02382121","Chr09","Chr09_02382121",2382121,4.73439861940768
"Chr09_02488631","Chr09","Chr09_02488631",2488631,4.94666345329874
"Chr09_02676022","Chr09","Chr09_02676022",2676022,5.32011683314738
"Chr09_02731158","Chr09","Chr09_02731158",2731158,5.42999791362262
"Chr09_02855974","Chr09","Chr09_02855974",2855974,5.67874495621906
"Chr09_02957215","Chr09","Chr09_02957215",2957215,5.88050914782515
"Chr09_03251850","Chr09","Chr09_03251850",3251850,6.4676901574345
"Chr09_03494396","Chr09","Chr09_03494396",3494396,6.95106248304656
"Chr09_03630848","Chr09","Chr09_03630848",3630848,7.2229990252877
"Chr09_04167836","Chr09","Chr09_04167836",4167836,8.29316772889761
"Chr09_04368124","Chr09","Chr09_04368124",4368124,8.69232366778009
"Chr09_04433249","Chr09","Chr09_04433249",4433249,8.82211192528788
"Chr09_04449668","Chr09","Chr09_04449668",4449668,8.85483351300413
"Chr09_04485902","Chr09","Chr09_04485902",4485902,8.92704461047111
"Chr09_04729339","Chr09","Chr09_04729339",4729339,9.41219261880777
"Chr09_05062078","Chr09","Chr09_05062078",5062078,10.0753114674049
"Chr09_05111721","Chr09","Chr09_05111721",5111721,10.1742454937766
"Chr09_05335434","Chr09","Chr09_05335434",5335434,10.6200853471638
"Chr09_05338938","Chr09","Chr09_05338938",5338938,10.627068503468
"Chr09_05431623","Chr09","Chr09_05431623",5431623,10.8117813579341
"Chr09_05575823","Chr09","Chr09_05575823",5575823,11.0991589661126
"Chr09_05787574","Chr09","Chr09_05787574",5787574,11.5211596312264
"Chr09_05871584","Chr09","Chr09_05871584",5871584,11.688583992274
"Chr09_06004001","Chr09","Chr09_06004001",6004001,11.9524791430519
"Chr09_06017474","Chr09","Chr09_06017474",6017474,11.9793296181905
"Chr09_06070614","Chr09","Chr09_06070614",6070614,12.0852328504971
"Chr09_06168760","Chr09","Chr09_06168760",6168760,12.2808289859498
"Chr09_06217649","Chr09","Chr09_06217649",6217649,12.3782603582539
"Chr09_06997056","Chr09","Chr09_06997056",6997056,13.931548287918
"Chr09_08085471","Chr09","Chr09_08085471",8085471,16.1006613212439
"Chr09_09431089","Chr09","Chr09_09431089",9431089,18.7823567606469
"Chr09_11023902","Chr09","Chr09_11023902",11023902,21.9566895638064
"Chr09_12400317","Chr09","Chr09_12400317",12400317,24.6997606495276
"Chr09_12887701","Chr09","Chr09_12887701",12887701,25.671073050252
"Chr09_13523122","Chr09","Chr09_13523122",13523122,26.9374098544572
"Chr09_14177203","Chr09","Chr09_14177203",14177203,28.2409343574738
"Chr09_17084395","Chr09","Chr09_17084395",17084395,34.0347060875406
"Chr09_17838136","Chr09","Chr09_17838136",17838136,35.5368439916048
"Chr09_19208463","Chr09","Chr09_19208463",19208463,38.2677822418295
"Chr09_22328586","Chr09","Chr09_22328586",22328586,44.485906270697
"Chr09_28165871","Chr09","Chr09_28165871",28165871,56.1190893605456
"Chr09_28426149","Chr09","Chr09_28426149",28426149,56.637799964578
"Chr09_29149086","Chr09","Chr09_29149086",29149086,58.0785482719548
"Chr09_29189101","Chr09","Chr09_29189101",29189101,58.1582945617694
"Chr09_31085428","Chr09","Chr09_31085428",31085428,61.9375034215772
"Chr09_31685432","Chr09","Chr09_31685432",31685432,63.1332573357071
"Chr09_31952618","Chr09","Chr09_31952618",31952618,63.6657349613574
"Chr09_32645702","Chr09","Chr09_32645702",32645702,65.0469889293656
"Chr09_33277102","Chr09","Chr09_33277102",33277102,66.3053122428461
"Chr09_34404547","Chr09","Chr09_34404547",34404547,68.552208549731
"Chr09_35083804","Chr09","Chr09_35083804",35083804,69.9059065524945
"Chr09_35274176","Chr09","Chr09_35274176",35274176,70.2853007967674
"Chr09_36045757","Chr09","Chr09_36045757",36045757,71.8229922135216
"Chr09_36739730","Chr09","Chr09_36739730",36739730,73.2060178784346
"Chr09_36808871","Chr09","Chr09_36808871",36808871,73.3438096621175
"Chr09_37020687","Chr09","Chr09_37020687",37020687,73.765939866375
"Chr09_37026725","Chr09","Chr09_37026725",37026725,73.7779730563763
"Chr09_37270483","Chr09","Chr09_37270483",37270483,74.2637607887921
"Chr09_37524782","Chr09","Chr09_37524782",37524782,74.7705557845077
"Chr09_37967289","Chr09","Chr09_37967289",37967289,75.6524323674636
"Chr09_38004966","Chr09","Chr09_38004966",38004966,75.7275192339222
"Chr09_38828543","Chr09","Chr09_38828543",38828543,77.3688339940527
"Chr09_38861911","Chr09","Chr09_38861911",38861911,77.4353334117344
"Chr09_38979073","Chr09","Chr09_38979073",38979073,77.6688267219245
"Chr09_38987768","Chr09","Chr09_38987768",38987768,77.6861550735411
"Chr09_39228839","Chr09","Chr09_39228839",39228839,78.1665878570445
"Chr09_39229353","Chr09","Chr09_39229353",39229353,78.1676122127352
"Chr09_39336839","Chr09","Chr09_39336839",39336839,78.3818221266928
"Chr09_39381423","Chr09","Chr09_39381423",39381423,78.4706740218594
"Chr09_39422725","Chr09","Chr09_39422725",39422725,78.5529851867206
"Chr09_39879569","Chr09","Chr09_39879569",39879569,79.4634341189723
"Chr09_40025669","Chr09","Chr09_40025669",40025669,79.7545982559687
"Chr09_40142926","Chr09","Chr09_40142926",40142926,79.9882808925996
"Chr09_40239836","Chr09","Chr09_40239836",40239836,80.1814137914108
"Chr09_40249351","Chr09","Chr09_40249351",40249351,80.2003763291488
"Chr09_40287831","Chr09","Chr09_40287831",40287831,80.2770635022605
"Chr09_40358088","Chr09","Chr09_40358088",40358088,80.4170793733964
"Chr09_40563363","Chr09","Chr09_40563363",40563363,80.8261739539709
"Chr09_40608359","Chr09","Chr09_40608359",40608359,80.9158469280181
"Chr09_40755214","Chr09","Chr09_40755214",40755214,81.2085157119921
"Chr09_40774864","Chr09","Chr09_40774864",40774864,81.2476763916086
"Chr09_40938038","Chr09","Chr09_40938038",40938038,81.5728674723085
"Chr09_40977578","Chr09","Chr09_40977578",40977578,81.6516671299186
"Chr09_41046674","Chr09","Chr09_41046674",41046674,81.7893692326557
"Chr09_41105263","Chr09","Chr09_41105263",41105263,81.90613183103
"Chr09_41194441","Chr09","Chr09_41194441",41194441,82.0838555504623
"Chr09_41231305","Chr09","Chr09_41231305",41231305,82.1573221811689
"Chr09_41271193","Chr09","Chr09_41271193",41271193,82.2368153714257
"Chr09_41740642","Chr09","Chr09_41740642",41740642,83.1723849330192
"Chr09_41893485","Chr09","Chr09_41893485",41893485,83.4769872614993
"Chr09_41921356","Chr09","Chr09_41921356",41921356,83.5325316534378
"Chr09_41993187","Chr09","Chr09_41993187",41993187,83.6756843647629
"Chr09_42233290","Chr09","Chr09_42233290",42233290,84.1541880114791
"Chr09_42252964","Chr09","Chr09_42252964",42252964,84.1933965209333
"Chr09_42324833","Chr09","Chr09_42324833",42324833,84.3366249628347
"Chr09_42386543","Chr09","Chr09_42386543",42386543,84.4596074330198
"Chr09_42795613","Chr09","Chr09_42795613",42795613,85.2748470875107
"Chr09_42831527","Chr09","Chr09_42831527",42831527,85.3464204538083
"Chr09_42901452","Chr09","Chr09_42901452",42901452,85.485774678856
"Chr09_42906600","Chr09","Chr09_42906600",42906600,85.4960341790426
"Chr09_42948618","Chr09","Chr09_42948618",42948618,85.5797722673952
"Chr09_42957017","Chr09","Chr09_42957017",42957017,85.5965107176801
"Chr09_43168720","Chr09","Chr09_43168720",43168720,86.0184157231185
"Chr09_43181119","Chr09","Chr09_43181119",43181119,86.0431258130201
"Chr09_43374422","Chr09","Chr09_43374422",43374422,86.428361276222
"Chr09_43398636","Chr09","Chr09_43398636",43398636,86.4766175966411
"Chr09_43439057","Chr09","Chr09_43439057",43439057,86.5571730078768
"Chr09_43515309","Chr09","Chr09_43515309",43515309,86.7091363738881
"Chr09_43616796","Chr09","Chr09_43616796",43616796,86.9113908213306
"Chr09_43646238","Chr09","Chr09_43646238",43646238,86.9700660747286
"Chr09_43693212","Chr09","Chr09_43693212",43693212,87.0636810245661
"Chr09_43735262","Chr09","Chr09_43735262",43735262,87.1474828860357
"Chr09_43759586","Chr09","Chr09_43759586",43759586,87.1959584265442
"Chr09_43782687","Chr09","Chr09_43782687",43782687,87.24199663824
"Chr09_43885348","Chr09","Chr09_43885348",43885348,87.44659076191
"Chr09_43990563","Chr09","Chr09_43990563",43990563,87.6562747774752
"Chr09_44135104","Chr09","Chr09_44135104",44135104,87.944331967931
"Chr09_44215431","Chr09","Chr09_44215431",44215431,88.1044164418017
"Chr09_44424460","Chr09","Chr09_44424460",44424460,88.5209924061563
"Chr09_44482753","Chr09","Chr09_44482753",44482753,88.637165103199
"Chr09_44837052","Chr09","Chr09_44837052",44837052,89.3432510893295
"Chr09_44896100","Chr09","Chr09_44896100",44896100,89.4609284333498
"Chr09_44901198","Chr09","Chr09_44901198",44901198,89.4710882880412
"Chr09_44939456","Chr09","Chr09_44939456",44939456,89.5473330351542
"Chr09_44966320","Chr09","Chr09_44966320",44966320,89.6008705668193
"Chr09_44973265","Chr09","Chr09_44973265",44973265,89.6147113261036
"Chr09_45092040","Chr09","Chr09_45092040",45092040,89.851419199969
"Chr09_45141620","Chr09","Chr09_45141620",45141620,89.9502276730168
"Chr09_45149260","Chr09","Chr09_45149260",45149260,89.9654535046845
"Chr09_45193447","Chr09","Chr09_45193447",45193447,90.0535142146192
"Chr09_45197599","Chr09","Chr09_45197599",45197599,90.0617887765412
"Chr09_45217683","Chr09","Chr09_45217683",45217683,90.1018143790562
"Chr09_45384929","Chr09","Chr09_45384929",45384929,90.4351205888857
"Chr09_45386166","Chr09","Chr09_45386166",45386166,90.4375858184372
"Chr09_45400754","Chr09","Chr09_45400754",45400754,90.4666583881189
"Chr09_45463745","Chr09","Chr09_45463745",45463745,90.5921937758913
"Chr09_45466072","Chr09","Chr09_45466072",45466072,90.5968312772382
"Chr09_45479607","Chr09","Chr09_45479607",45479607,90.6238053127909
"Chr09_45496824","Chr09","Chr09_45496824",45496824,90.6581172426107
"Chr09_45647437","Chr09","Chr09_45647437",45647437,90.9582753820045
"Chr09_46037046","Chr09","Chr09_46037046",46037046,91.7347310168506
"Chr09_46070163","Chr09","Chr09_46070163",46070163,91.8007302141463
"Chr09_46351418","Chr09","Chr09_46351418",46351418,92.3612460892382
"Chr09_46565619","Chr09","Chr09_46565619",46565619,92.7881293836171
"Chr09_46679080","Chr09","Chr09_46679080",46679080,93.0142469342519
"Chr09_46773660","Chr09","Chr09_46773660",46773660,93.2027363529864
"Chr09_46839651","Chr09","Chr09_46839651",46839651,93.3342504704712
"Chr09_46873381","Chr09","Chr09_46873381",46873381,93.4014713215382
"Chr09_46892969","Chr09","Chr09_46892969",46892969,93.4405084407407
"Chr09_47054570","Chr09","Chr09_47054570",47054570,93.7625646741613
"Chr09_47142185","Chr09","Chr09_47142185",47142185,93.9371734754135
"Chr09_47151338","Chr09","Chr09_47151338",47151338,93.9554145797662
"Chr09_47173039","Chr09","Chr09_47173039",47173039,93.9986627175961
"Chr09_47342653","Chr09","Chr09_47342653",47342653,94.3366881380787
"Chr09_47762374","Chr09","Chr09_47762374",47762374,95.1731542759586
"Chr09_47910783","Chr09","Chr09_47910783",47910783,95.4689200419237
"Chr09_48157179","Chr09","Chr09_48157179",48157179,95.9599650706667
"Chr09_48299673","Chr09","Chr09_48299673",48299673,96.2439427745487
"Chr09_48346698","Chr09","Chr09_48346698",48346698,96.3376593627914
"Chr09_48466963","Chr09","Chr09_48466963",48466963,96.577336672414
"Chr09_48568584","Chr09","Chr09_48568584",48568584,96.7798581697837
"Chr09_48682039","Chr09","Chr09_48682039",48682039,97.0059637629591
"Chr09_48830799","Chr09","Chr09_48830799",48830799,97.3024290403005
"Chr09_48961986","Chr09","Chr09_48961986",48961986,97.5638729118963
"Chr09_49034635","Chr09","Chr09_49034635",49034635,97.7086558235229
"Chr09_49077131","Chr09","Chr09_49077131",49077131,97.7933465228097
"Chr09_49098119","Chr09","Chr09_49098119",49098119,97.835173715878
"Chr09_49161904","Chr09","Chr09_49161904",49161904,97.9622914741142
"Chr09_49197067","Chr09","Chr09_49197067",49197067,98.0323681650738
"Chr09_49317342","Chr09","Chr09_49317342",49317342,98.2720654037955
"Chr09_49412181","Chr09","Chr09_49412181",49412181,98.4610709861953
"Chr09_49416678","Chr09","Chr09_49416678",49416678,98.4700331020342
"Chr09_49427218","Chr09","Chr09_49427218",49427218,98.491038372424
"Chr09_49454166","Chr09","Chr09_49454166",49454166,98.544743308521
"Chr09_49641527","Chr09","Chr09_49641527",49641527,98.9181369010725
"Chr09_49653102","Chr09","Chr09_49653102",49653102,98.9412048332131
"Chr09_49835256","Chr09","Chr09_49835256",49835256,99.3042213438937
"Chr09_49843533","Chr09","Chr09_49843533",49843533,99.3207166591703
"Chr09_49847623","Chr09","Chr09_49847623",49847623,99.3288676606783
"Chr09_49863079","Chr09","Chr09_49863079",49863079,99.3596700761569
"Chr09_49961396","Chr09","Chr09_49961396",49961396,99.5556069992032
"Chr09_50077643","Chr09","Chr09_50077643",50077643,99.787276796831
"Chr10_00010780","Chr10","Chr10_00010780",10780,0.0198819814581754
"Chr10_00203550","Chr10","Chr10_00203550",203550,0.393835495527107
"Chr10_00216711","Chr10","Chr10_00216711",216711,0.419366450544284
"Chr10_00450374","Chr10","Chr10_00450374",450374,0.872648081285005
"Chr10_00603748","Chr10","Chr10_00603748",603748,1.17017750114706
"Chr10_00656652","Chr10","Chr10_00656652",656652,1.27280569385496
"Chr10_00988485","Chr10","Chr10_00988485",988485,1.91652679378771
"Chr10_01083362","Chr10","Chr10_01083362",1083362,2.10057818951484
"Chr10_01146222","Chr10","Chr10_01146222",1146222,2.22251997451444
"Chr10_01327128","Chr10","Chr10_01327128",1327128,2.57345857707788
"Chr10_01333704","Chr10","Chr10_01333704",1333704,2.58621532506002
"Chr10_01335224","Chr10","Chr10_01335224",1335224,2.58916396510455
"Chr10_01348530","Chr10","Chr10_01348530",1348530,2.61497620486282
"Chr10_01380703","Chr10","Chr10_01380703",1380703,2.67738843917386
"Chr10_01474605","Chr10","Chr10_01474605",1474605,2.859548437504
"Chr10_01502050","Chr10","Chr10_01502050",1502050,2.91278884936073
"Chr10_01532795","Chr10","Chr10_01532795",1532795,2.97243091394573
"Chr10_01590169","Chr10","Chr10_01590169",1590169,3.08373043625828
"Chr10_01600049","Chr10","Chr10_01600049",1600049,3.10289659654775
"Chr10_01603631","Chr10","Chr10_01603631",1603631,3.10984529960006
"Chr10_01887051","Chr10","Chr10_01887051",1887051,3.65965027421964
"Chr10_02009189","Chr10","Chr10_02009189",2009189,3.89658514116653
"Chr10_02420249","Chr10","Chr10_02420249",2420249,4.6939982837363
"Chr10_02435051","Chr10","Chr10_02435051",2435051,4.72271260606472
"Chr10_02497548","Chr10","Chr10_02497548",2497548,4.84395020926421
"Chr10_02742428","Chr10","Chr10_02742428",2742428,5.31899163959673
"Chr10_02920156","Chr10","Chr10_02920156",2920156,5.66376525659337
"Chr10_03004418","Chr10","Chr10_03004418",3004418,5.82722466937792
"Chr10_03024198","Chr10","Chr10_03024198",3024198,5.86559578785218
"Chr10_03194685","Chr10","Chr10_03194685",3194685,6.1963226268472
"Chr10_03248638","Chr10","Chr10_03248638",3248638,6.30098576916478
"Chr10_03336327","Chr10","Chr10_03336327",3336327,6.47109320131289
"Chr10_03388387","Chr10","Chr10_03388387",3388387,6.57208412283817
"Chr10_03417379","Chr10","Chr10_03417379",3417379,6.62832555189812
"Chr10_03566940","Chr10","Chr10_03566940",3566940,6.91845815301688
"Chr10_03742731","Chr10","Chr10_03742731",3742731,7.25947419385151
"Chr10_03866417","Chr10","Chr10_03866417",3866417,7.49941201789638
"Chr10_03920452","Chr10","Chr10_03920452",3920452,7.60423423158479
"Chr10_03938379","Chr10","Chr10_03938379",3938379,7.6390107250574
"Chr10_03995619","Chr10","Chr10_03995619",3995619,7.75005030147129
"Chr10_04015862","Chr10","Chr10_04015862",4015862,7.78931959122227
"Chr10_04016531","Chr10","Chr10_04016531",4016531,7.79061738082082
"Chr10_04019902","Chr10","Chr10_04019902",4019902,7.79715676607748
"Chr10_04104540","Chr10","Chr10_04104540",4104540,7.96134557929409
"Chr10_04129335","Chr10","Chr10_04129335",4129335,8.00944527002055
"Chr10_04218249","Chr10","Chr10_04218249",4218249,8.18192907325718
"Chr10_04271953","Chr10","Chr10_04271953",4271953,8.286109181778
"Chr10_04399974","Chr10","Chr10_04399974",4399974,8.53445644963409
"Chr10_04421748","Chr10","Chr10_04421748",4421748,8.57669571827203
"Chr10_04506704","Chr10","Chr10_04506704",4506704,8.74150141802428
"Chr10_04536018","Chr10","Chr10_04536018",4536018,8.79836749319892
"Chr10_04594642","Chr10","Chr10_04594642",4594642,8.91209188396915
"Chr10_04629834","Chr10","Chr10_04629834",4629834,8.98036066057917
"Chr10_04641991","Chr10","Chr10_04641991",4641991,9.00394396125115
"Chr10_04755247","Chr10","Chr10_04755247",4755247,9.22364868288517
"Chr10_04785367","Chr10","Chr10_04785367",4785367,9.28207831324133
"Chr10_04890461","Chr10","Chr10_04890461",4890461,9.48594961379411
"Chr10_05054189","Chr10","Chr10_05054189",5054189,9.80356470406478
"Chr10_05848594","Chr10","Chr10_05848594",5848594,11.3446268057607
"Chr10_06196008","Chr10","Chr10_06196008",6196008,12.0185734060447
"Chr10_06247231","Chr10","Chr10_06247231",6247231,12.1179406356507
"Chr10_06283918","Chr10","Chr10_06283918",6283918,12.1891095549362
"Chr10_06402093","Chr10","Chr10_06402093",6402093,12.4183566189248
"Chr10_06403418","Chr10","Chr10_06403418",6403418,12.42092697949
"Chr10_06606871","Chr10","Chr10_06606871",6606871,12.8156043893456
"Chr10_06619149","Chr10","Chr10_06619149",6619149,12.8394224172842
"Chr10_06626556","Chr10","Chr10_06626556",6626556,12.853791217817
"Chr10_06627443","Chr10","Chr10_06627443",6627443,12.8555119044746
"Chr10_07054940","Chr10","Chr10_07054940",7054940,13.6848110973154
"Chr10_07251538","Chr10","Chr10_07251538",7251538,14.0661905285492
"Chr10_07252239","Chr10","Chr10_07252239",7252239,14.0675503947802
"Chr10_07258634","Chr10","Chr10_07258634",7258634,14.0799560218097
"Chr10_07659140","Chr10","Chr10_07659140",7659140,14.8568955150176
"Chr10_07708524","Chr10","Chr10_07708524",7708524,14.9526952781487
"Chr10_07888062","Chr10","Chr10_07888062",7888062,15.3009801046721
"Chr10_09507978","Chr10","Chr10_09507978",9507978,18.4434466746596
"Chr10_10165465","Chr10","Chr10_10165465",10165465,19.7189022647651
"Chr10_10360744","Chr10","Chr10_10360744",10360744,20.0977229748022
"Chr10_11760191","Chr10","Chr10_11760191",11760191,22.8125028855935
"Chr10_11834564","Chr10","Chr10_11834564",11834564,22.9567786790356
"Chr10_11937778","Chr10","Chr10_11937778",11937778,23.1570029774281
"Chr10_12643614","Chr10","Chr10_12643614",12643614,24.5262505395817
"Chr10_12753177","Chr10","Chr10_12753177",12753177,24.7387912298444
"Chr10_12833462","Chr10","Chr10_12833462",12833462,24.894535681144
"Chr10_13065469","Chr10","Chr10_13065469",13065469,25.344604846152
"Chr10_13370543","Chr10","Chr10_13370543",13370543,25.9364163020376
"Chr10_14654286","Chr10","Chr10_14654286",14654286,28.4267426288073
"Chr10_14815942","Chr10","Chr10_14815942",14815942,28.7403382571225
"Chr10_16729449","Chr10","Chr10_16729449",16729449,32.452340471396
"Chr10_18206527","Chr10","Chr10_18206527",18206527,35.3177163527775
"Chr10_19765250","Chr10","Chr10_19765250",19765250,38.3414749423405
"Chr10_20182917","Chr10","Chr10_20182917",20182917,39.1517049696302
"Chr10_20330202","Chr10","Chr10_20330202",20330202,39.4374223702612
"Chr10_21052452","Chr10","Chr10_21052452",21052452,40.8385113651063
"Chr10_22144252","Chr10","Chr10_22144252",22144252,42.9564884707786
"Chr10_22276596","Chr10","Chr10_22276596",22276596,43.2132219037087
"Chr10_22658780","Chr10","Chr10_22658780",22658780,43.9546186450114
"Chr10_22723270","Chr10","Chr10_22723270",22723270,44.0797224584798
"Chr10_22752723","Chr10","Chr10_22752723",22752723,44.136858179027
"Chr10_22777683","Chr10","Chr10_22777683",22777683,44.1852779523899
"Chr10_23277577","Chr10","Chr10_23277577",23277577,45.155019706615
"Chr10_24078349","Chr10","Chr10_24078349",24078349,46.7084331182869
"Chr10_24665427","Chr10","Chr10_24665427",24665427,47.8473026578033
"Chr10_25585398","Chr10","Chr10_25585398",25585398,49.6319495857044
"Chr10_26674508","Chr10","Chr10_26674508",26674508,51.7447083744559
"Chr10_27180569","Chr10","Chr10_27180569",27180569,52.7264134597038
"Chr10_27714279","Chr10","Chr10_27714279",27714279,53.7617546953407
"Chr10_27871269","Chr10","Chr10_27871269",27871269,54.0662987746771
"Chr10_28675598","Chr10","Chr10_28675598",28675598,55.6266123920322
"Chr10_29163783","Chr10","Chr10_29163783",29163783,56.5736399184406
"Chr10_30055639","Chr10","Chr10_30055639",30055639,58.3037467049917
"Chr10_30713902","Chr10","Chr10_30713902",30713902,59.5807076534358
"Chr10_30914007","Chr10","Chr10_30914007",30914007,59.9688902956144
"Chr10_31186577","Chr10","Chr10_31186577",31186577,60.4976474120213
"Chr10_33765011","Chr10","Chr10_33765011",33765011,65.4995380334604
"Chr10_34760937","Chr10","Chr10_34760937",34760937,67.4315296683238
"Chr10_35389979","Chr10","Chr10_35389979",35389979,68.6518049518064
"Chr10_35434992","Chr10","Chr10_35434992",35434992,68.7391254349147
"Chr10_35446306","Chr10","Chr10_35446306",35446306,68.7610734042988
"Chr10_35531781","Chr10","Chr10_35531781",35531781,68.9268859094347
"Chr10_35750187","Chr10","Chr10_35750187",35750187,69.3505705657284
"Chr10_36282859","Chr10","Chr10_36282859",36282859,70.3838981905981
"Chr10_36690630","Chr10","Chr10_36690630",36690630,71.174931019282
"Chr10_37226264","Chr10","Chr10_37226264",37226264,72.214004612449
"Chr10_37244284","Chr10","Chr10_37244284",37244284,72.2489615161348
"Chr10_37464944","Chr10","Chr10_37464944",37464944,72.6770186952314
"Chr10_37484750","Chr10","Chr10_37484750",37484750,72.7154402509696
"Chr10_38018581","Chr10","Chr10_38018581",38018581,73.7510162138732
"Chr10_38066111","Chr10","Chr10_38066111",38066111,73.8432194121079
"Chr10_38457382","Chr10","Chr10_38457382",38457382,74.6022439771505
"Chr10_38682379","Chr10","Chr10_38682379",38682379,75.0387144798479
"Chr10_38721182","Chr10","Chr10_38721182",38721182,75.1139882164584
"Chr10_38753114","Chr10","Chr10_38753114",38753114,75.1759329361308
"Chr10_38946939","Chr10","Chr10_38946939",38946939,75.551933039178
"Chr10_39078264","Chr10","Chr10_39078264",39078264,75.8066897193415
"Chr10_39207357","Chr10","Chr10_39207357",39207357,76.0571165543869
"Chr10_39229722","Chr10","Chr10_39229722",39229722,76.1005023008316
"Chr10_39240560","Chr10","Chr10_39240560",39240560,76.121526880307
"Chr10_39391730","Chr10","Chr10_39391730",39391730,76.4147807721045
"Chr10_39448408","Chr10","Chr10_39448408",39448408,76.5247301276598
"Chr10_39574876","Chr10","Chr10_39574876",39574876,76.7700647389441
"Chr10_39783843","Chr10","Chr10_39783843",39783843,77.1754387285402
"Chr10_40023476","Chr10","Chr10_40023476",40023476,77.6403015310348
"Chr10_40069713","Chr10","Chr10_40069713",40069713,77.7299964453368
"Chr10_40109897","Chr10","Chr10_40109897",40109897,77.8079491766194
"Chr10_40772208","Chr10","Chr10_40772208",40772208,79.0927628190768
"Chr10_40815842","Chr10","Chr10_40815842",40815842,79.1774081873026
"Chr10_40825446","Chr10","Chr10_40825446",40825446,79.1960389366366
"Chr10_41163023","Chr10","Chr10_41163023",41163023,79.8509027921061
"Chr10_41293730","Chr10","Chr10_41293730",41293730,80.104460617304
"Chr10_41480553","Chr10","Chr10_41480553",41480553,80.4668775771987
"Chr10_41531313","Chr10","Chr10_41531313",41531313,80.565346635528
"Chr10_41579578","Chr10","Chr10_41579578",41579578,80.6589756564158
"Chr10_41585774","Chr10","Chr10_41585774",41585774,80.6709952443868
"Chr10_41962432","Chr10","Chr10_41962432",41962432,81.4016721272118
"Chr10_42115373","Chr10","Chr10_42115373",42115373,81.6983615726401
"Chr10_42151403","Chr10","Chr10_42151403",42151403,81.7682559810641
"Chr10_42814121","Chr10","Chr10_42814121",42814121,83.0538591606913
"Chr10_42882284","Chr10","Chr10_42882284",42882284,83.1860882076358
"Chr10_42941941","Chr10","Chr10_42941941",42941941,83.3018165096994
"Chr10_42974254","Chr10","Chr10_42974254",42974254,83.3645003292777
"Chr10_42999986","Chr10","Chr10_42999986",42999986,83.4144177014001
"Chr10_43689908","Chr10","Chr10_43689908",43689908,84.7527937782453
"Chr10_44333009","Chr10","Chr10_44333009",44333009,86.0003420422452
"Chr10_44408413","Chr10","Chr10_44408413",44408413,86.1466178671912
"Chr10_44663791","Chr10","Chr10_44663791",44663791,86.6420243127787
"Chr10_44859256","Chr10","Chr10_44859256",44859256,87.0212058432424
"Chr10_44958305","Chr10","Chr10_44958305",44958305,87.2133504799339
"Chr10_46207763","Chr10","Chr10_46207763",46207763,89.6371675146464
"Chr10_46438569","Chr10","Chr10_46438569",46438569,90.0849068660403
"Chr10_46544217","Chr10","Chr10_46544217",46544217,90.2898528682935
"Chr10_46704894","Chr10","Chr10_46704894",46704894,90.6015493396327
"Chr10_47208298","Chr10","Chr10_47208298",47208298,91.5781001244869
"Chr10_47218929","Chr10","Chr10_47218929",47218929,91.5987231457458
"Chr10_47243262","Chr10","Chr10_47243262",47243262,91.6459266050903
"Chr10_47384837","Chr10","Chr10_47384837",47384837,91.9205672066066
"Chr10_47733309","Chr10","Chr10_47733309",47733309,92.5965662155532
"Chr10_47746850","Chr10","Chr10_47746850",47746850,92.6228343305815
"Chr10_48303763","Chr10","Chr10_48303763",48303763,93.7031869444772
"Chr10_48320772","Chr10","Chr10_48320772",48320772,93.7361826145545
"Chr10_48360649","Chr10","Chr10_48360649",48360649,93.8135397981439
"Chr10_48361583","Chr10","Chr10_48361583",48361583,93.8153516598554
"Chr10_48369966","Chr10","Chr10_48369966",48369966,93.83161379768
"Chr10_48393799","Chr10","Chr10_48393799",48393799,93.8778473096414
"Chr10_48530640","Chr10","Chr10_48530640",48530640,94.1433044493349
"Chr10_48550010","Chr10","Chr10_48550010",48550010,94.180880210955
"Chr10_48668636","Chr10","Chr10_48668636",48668636,94.4110021674832
"Chr10_48713269","Chr10","Chr10_48713269",48713269,94.4975854905804
"Chr10_48820799","Chr10","Chr10_48820799",48820799,94.7061823747835
"Chr10_48825847","Chr10","Chr10_48825847",48825847,94.715974963563
"Chr10_48891202","Chr10","Chr10_48891202",48891202,94.8427567860041
"Chr10_48971251","Chr10","Chr10_48971251",48971251,94.9980434221389
"Chr10_49551241","Chr10","Chr10_49551241",49551241,96.1231629875528
"Chr10_49710674","Chr10","Chr10_49710674",49710674,96.4324462298029
"Chr10_50003087","Chr10","Chr10_50003087",50003087,96.9996966780544
"Chr10_50221568","Chr10","Chr10_50221568",50221568,97.4235268264555
"Chr10_50625646","Chr10","Chr10_50625646",50625646,98.2073956237681
"Chr10_50694562","Chr10","Chr10_50694562",50694562,98.3410854114715
"Chr10_50923092","Chr10","Chr10_50923092",50923092,98.7844095623776
"Chr10_50935255","Chr10","Chr10_50935255",50935255,98.8080045024182
"Chr11_00211906","Chr11","Chr11_00211906",211906,0.588718988837772
"Chr11_00548817","Chr11","Chr11_00548817",548817,1.55930905347166
"Chr11_00579682","Chr11","Chr11_00579682",579682,1.64822648966378
"Chr11_00617861","Chr11","Chr11_00617861",617861,1.75821446297916
"Chr11_00798054","Chr11","Chr11_00798054",798054,2.27732347252938
"Chr11_00981805","Chr11","Chr11_00981805",981805,2.8066825464882
"Chr11_01025096","Chr11","Chr11_01025096",1025096,2.93139742515962
"Chr11_01053817","Chr11","Chr11_01053817",1053817,3.0141383188863
"Chr11_01099535","Chr11","Chr11_01099535",1099535,3.1458450205818
"Chr11_01212659","Chr11","Chr11_01212659",1212659,3.4717382994348
"Chr11_01287720","Chr11","Chr11_01287720",1287720,3.68797778357597
"Chr11_01548730","Chr11","Chr11_01548730",1548730,4.43990845004305
"Chr11_01696659","Chr11","Chr11_01696659",1696659,4.86606971420844
"Chr11_01717219","Chr11","Chr11_01717219",1717219,4.92529999083602
"Chr11_01867928","Chr11","Chr11_01867928",1867928,5.35947001808626
"Chr11_01924848","Chr11","Chr11_01924848",1924848,5.52344800182369
"Chr11_01957116","Chr11","Chr11_01957116",1957116,5.61640727060864
"Chr11_01988883","Chr11","Chr11_01988883",1988883,5.7079232335283
"Chr11_02116338","Chr11","Chr11_02116338",2116338,6.07510197416874
"Chr11_02283914","Chr11","Chr11_02283914",2283914,6.55786329888384
"Chr11_02326030","Chr11","Chr11_02326030",2326030,6.67919317876939
"Chr11_02594609","Chr11","Chr11_02594609",2594609,7.45292899911751
"Chr11_02612587","Chr11","Chr11_02612587",2612587,7.50472092096627
"Chr11_02677716","Chr11","Chr11_02677716",2677716,7.69234780260427
"Chr11_03319110","Chr11","Chr11_03319110",3319110,9.54010772708221
"Chr11_03354850","Chr11","Chr11_03354850",3354850,9.64306930717314
"Chr11_03650452","Chr11","Chr11_03650452",3650452,10.4946543378961
"Chr11_03684098","Chr11","Chr11_03684098",3684098,10.5915834180231
"Chr11_03714130","Chr11","Chr11_03714130",3714130,10.6781011061398
"Chr11_03720287","Chr11","Chr11_03720287",3720287,10.6958384997778
"Chr11_03816967","Chr11","Chr11_03816967",3816967,10.9743590807288
"Chr11_03935871","Chr11","Chr11_03935871",3935871,11.3169036727583
"Chr11_04368030","Chr11","Chr11_04368030",4368030,12.5618889410995
"Chr11_04398990","Chr11","Chr11_04398990",4398990,12.6510800580445
"Chr11_04445396","Chr11","Chr11_04445396",4445396,12.784768784561
"Chr11_04459664","Chr11","Chr11_04459664",4459664,12.8258727527965
"Chr11_04495196","Chr11","Chr11_04495196",4495196,12.9282351160811
"Chr11_04544448","Chr11","Chr11_04544448",4544448,13.0701227417845
"Chr11_04559534","Chr11","Chr11_04559534",4559534,13.113583245345
"Chr11_04563763","Chr11","Chr11_04563763",4563763,13.1257663601241
"Chr11_04632928","Chr11","Chr11_04632928",4632928,13.3250203524853
"Chr11_04649485","Chr11","Chr11_04649485",4649485,13.3727185864406
"Chr11_04663372","Chr11","Chr11_04663372",4663372,13.4127249508145
"Chr11_04733497","Chr11","Chr11_04733497",4733497,13.614744559205
"Chr11_04836540","Chr11","Chr11_04836540",4836540,13.9115959889003
"Chr11_04849215","Chr11","Chr11_04849215",4849215,13.9481107630372
"Chr11_04861686","Chr11","Chr11_04861686",4861686,13.9840378437679
"Chr11_04906739","Chr11","Chr11_04906739",4906739,14.1138287801931
"Chr11_04907358","Chr11","Chr11_04907358",4907358,14.115612026362
"Chr11_05005960","Chr11","Chr11_05005960",5005960,14.3996696010717
"Chr11_05045080","Chr11","Chr11_05045080",5045080,14.5123684542658
"Chr11_05080411","Chr11","Chr11_05080411",5080411,14.6141517666942
"Chr11_05088637","Chr11","Chr11_05088637",5088637,14.6378496390453
"Chr11_05469064","Chr11","Chr11_05469064",5469064,15.7338027736075
"Chr11_05531075","Chr11","Chr11_05531075",5531075,15.9124471648503
"Chr11_05728476","Chr11","Chr11_05728476",5728476,16.4811298417258
"Chr11_05728507","Chr11","Chr11_05728507",5728507,16.4812191480768
"Chr11_05874781","Chr11","Chr11_05874781",5874781,16.9026126054416
"Chr11_05902088","Chr11","Chr11_05902088",5902088,16.9812799772252
"Chr11_06269576","Chr11","Chr11_06269576",6269576,18.0399577932424
"Chr11_06450078","Chr11","Chr11_06450078",6450078,18.559956985452
"Chr11_06789257","Chr11","Chr11_06789257",6789257,19.5370808179551
"Chr11_06919120","Chr11","Chr11_06919120",6919120,19.9111966454691
"Chr11_06964895","Chr11","Chr11_06964895",6964895,20.0430675556163
"Chr11_07111113","Chr11","Chr11_07111113",7111113,20.4642996853795
"Chr11_07332795","Chr11","Chr11_07332795",7332795,21.1029322818461
"Chr11_07366941","Chr11","Chr11_07366941",7366941,21.2013017869884
"Chr11_07378621","Chr11","Chr11_07378621",7378621,21.2349501153449
"Chr11_07386294","Chr11","Chr11_07386294",7386294,21.2570548776291
"Chr11_07426123","Chr11","Chr11_07426123",7426123,21.3717962534949
"Chr11_07552650","Chr11","Chr11_07552650",7552650,21.736301565307
"Chr11_07976088","Chr11","Chr11_07976088",7976088,22.956162940532
"Chr11_07998475","Chr11","Chr11_07998475",7998475,23.0206565301654
"Chr11_07998911","Chr11","Chr11_07998911",7998911,23.0219125807787
"Chr11_08159001","Chr11","Chr11_08159001",8159001,23.4831078621653
"Chr11_08165654","Chr11","Chr11_08165654",8165654,23.5022741574183
"Chr11_08169476","Chr11","Chr11_08169476",8169476,23.513284766235
"Chr11_08260388","Chr11","Chr11_08260388",8260388,23.77518860421
"Chr11_08321907","Chr11","Chr11_08321907",8321907,23.9524156172378
"Chr11_08340182","Chr11","Chr11_08340182",8340182,24.0050631515456
"Chr11_08395226","Chr11","Chr11_08395226",8395226,24.1636366606258
"Chr11_08625862","Chr11","Chr11_08625862",8625862,24.8280643882658
"Chr11_08681333","Chr11","Chr11_08681333",8681333,24.987868020309
"Chr11_08775694","Chr11","Chr11_08775694",8775694,25.2597079100392
"Chr11_08866178","Chr11","Chr11_08866178",8866178,25.5203787442012
"Chr11_08915809","Chr11","Chr11_08915809",8915809,25.6633582120661
"Chr11_08954766","Chr11","Chr11_08954766",8954766,25.7755874867052
"Chr11_08978047","Chr11","Chr11_08978047",8978047,25.8426565562659
"Chr11_09035977","Chr11","Chr11_09035977",9035977,26.0095441985341
"Chr11_09061735","Chr11","Chr11_09061735",9061735,26.0837491336204
"Chr11_09255727","Chr11","Chr11_09255727",9255727,26.6426109927418
"Chr11_09350619","Chr11","Chr11_09350619",9350619,26.9159806138383
"Chr11_09402000","Chr11","Chr11_09402000",9402000,27.0640015692566
"Chr11_09547349","Chr11","Chr11_09547349",9547349,27.4827302403433
"Chr11_09686593","Chr11","Chr11_09686593",9686593,27.8838713219936
"Chr11_09735485","Chr11","Chr11_09735485",9735485,28.0247218416859
"Chr11_09936899","Chr11","Chr11_09936899",9936899,28.6049653697339
"Chr11_09938996","Chr11","Chr11_09938996",9938996,28.6110065122479
"Chr11_10273795","Chr11","Chr11_10273795",10273795,29.5755122216173
"Chr11_10717057","Chr11","Chr11_10717057",10717057,30.8524835678475
"Chr11_10866891","Chr11","Chr11_10866891",10866891,31.284132851321
"Chr11_10948661","Chr11","Chr11_10948661",10948661,31.519699958317
"Chr11_11183062","Chr11","Chr11_11183062",11183062,32.1949740863218
"Chr11_11262647","Chr11","Chr11_11262647",11262647,32.4242465360011
"Chr11_11328416","Chr11","Chr11_11328416",11328416,32.6137171616586
"Chr11_11430542","Chr11","Chr11_11430542",11430542,32.9079268518759
"Chr11_11431674","Chr11","Chr11_11431674",11431674,32.9111879741105
"Chr11_12321364","Chr11","Chr11_12321364",12321364,35.4742514377674
"Chr11_12812205","Chr11","Chr11_12812205",12812205,36.8882907475999
"Chr11_13821913","Chr11","Chr11_13821913",13821913,39.7971080702203
"Chr11_14978608","Chr11","Chr11_14978608",14978608,43.1293728962773
"Chr11_15030749","Chr11","Chr11_15030749",15030749,43.2795832977188
"Chr11_15170220","Chr11","Chr11_15170220",15170220,43.681378332326
"Chr11_15554832","Chr11","Chr11_15554832",15554832,44.789387824266
"Chr11_15727178","Chr11","Chr11_15727178",15727178,45.2858908036267
"Chr11_16573882","Chr11","Chr11_16573882",16573882,47.7251180478715
"Chr11_16825380","Chr11","Chr11_16825380",16825380,48.4496460688482
"Chr11_17166640","Chr11","Chr11_17166640",17166640,49.4327649502649
"Chr11_17806481","Chr11","Chr11_17806481",17806481,51.2760509146454
"Chr11_18556365","Chr11","Chr11_18556365",18556365,53.4363542589349
"Chr11_18679228","Chr11","Chr11_18679228",18679228,53.7903041362352
"Chr11_18715834","Chr11","Chr11_18715834",18715834,53.8957605324525
"Chr11_18787369","Chr11","Chr11_18787369",18787369,54.1018421393861
"Chr11_19013036","Chr11","Chr11_19013036",19013036,54.7519549232243
"Chr11_19145502","Chr11","Chr11_19145502",19145502,55.1335696033677
"Chr11_22125943","Chr11","Chr11_22125943",22125943,63.7197731491929
"Chr11_23993545","Chr11","Chr11_23993545",23993545,69.1000544278996
"Chr11_24076535","Chr11","Chr11_24076535",24076535,69.3391361719328
"Chr11_24381197","Chr11","Chr11_24381197",24381197,70.2168217039323
"Chr11_24409540","Chr11","Chr11_24409540",24409540,70.2984736363475
"Chr11_25031036","Chr11","Chr11_25031036",25031036,72.088910406918
"Chr11_25048736","Chr11","Chr11_25048736",25048736,72.1399014524583
"Chr11_25071781","Chr11","Chr11_25071781",25071781,72.2062906414118
"Chr11_25258210","Chr11","Chr11_25258210",25258210,72.7433646317523
"Chr11_25448477","Chr11","Chr11_25448477",25448477,73.29149532451
"Chr11_25745295","Chr11","Chr11_25745295",25745295,74.1465834688701
"Chr11_26006576","Chr11","Chr11_26006576",26006576,74.8992948456955
"Chr11_26043578","Chr11","Chr11_26043578",26043578,75.0058920585249
"Chr11_26067361","Chr11","Chr11_26067361",26067361,75.0744073148009
"Chr11_26135677","Chr11","Chr11_26135677",26135677,75.2712154654862
"Chr11_26206942","Chr11","Chr11_26206942",26206942,75.4765192429115
"Chr11_26237844","Chr11","Chr11_26237844",26237844,75.5655432705547
"Chr11_26407016","Chr11","Chr11_26407016",26407016,76.0529024319185
"Chr11_26488410","Chr11","Chr11_26488410",26488410,76.287386339303
"Chr11_26535561","Chr11","Chr11_26535561",26535561,76.4232212990922
"Chr11_26751203","Chr11","Chr11_26751203",26751203,77.0444535613745
"Chr11_27749096","Chr11","Chr11_27749096",27749096,79.9192336408842
"Chr11_27782720","Chr11","Chr11_27782720",27782720,80.0160993423106
"Chr11_27918758","Chr11","Chr11_27918758",27918758,80.408004418763
"Chr11_28010738","Chr11","Chr11_28010738",28010738,80.6729850045706
"Chr11_28165448","Chr11","Chr11_28165448",28165448,81.118681312793
"Chr11_28367091","Chr11","Chr11_28367091",28367091,81.6995845554979
"Chr11_28389205","Chr11","Chr11_28389205",28389205,81.763291673073
"Chr11_28817845","Chr11","Chr11_28817845",28817845,82.9981392301568
"Chr11_29273111","Chr11","Chr11_29273111",29273111,84.3096923001533
"Chr11_29668686","Chr11","Chr11_29668686",29668686,85.4492845509779
"Chr11_29719378","Chr11","Chr11_29719378",29719378,85.5953206007252
"Chr11_30551048","Chr11","Chr11_30551048",30551048,87.9912371456112
"Chr11_30732647","Chr11","Chr11_30732647",30732647,88.5143966303043
"Chr11_30855960","Chr11","Chr11_30855960",30855960,88.8696428901183
"Chr11_30860195","Chr11","Chr11_30860195",30860195,88.8818432899976
"Chr11_31449975","Chr11","Chr11_31449975",31449975,90.580911021
"Chr11_31646998","Chr11","Chr11_31646998",31646998,91.148504736564
"Chr11_31715084","Chr11","Chr11_31715084",31715084,91.3446502917422
"Chr11_31813089","Chr11","Chr11_31813089",31813089,91.6269879989838
"Chr11_31970157","Chr11","Chr11_31970157",31970157,92.0794773515781
"Chr11_32084324","Chr11","Chr11_32084324",32084324,92.4083753570129
"Chr11_32147926","Chr11","Chr11_32147926",32147926,92.5916031806543
"Chr11_32225634","Chr11","Chr11_32225634",32225634,92.8154682748263
"Chr11_32433567","Chr11","Chr11_32433567",32433567,93.4144920642233
"Chr11_32587813","Chr11","Chr11_32587813",32587813,93.8588516580315
"Chr11_32652063","Chr11","Chr11_32652063",32652063,94.0439462724926
"Chr11_32706684","Chr11","Chr11_32706684",32706684,94.2013011820099
"Chr11_32771655","Chr11","Chr11_32771655",32771655,94.3884728893431
"Chr11_32808644","Chr11","Chr11_32808644",32808644,94.4950326511221
"Chr11_33235569","Chr11","Chr11_33235569",33235569,95.7249395504036
"Chr11_33388016","Chr11","Chr11_33388016",33388016,96.1641164950069
"Chr11_33424346","Chr11","Chr11_33424346",33424346,96.2687777766158
"Chr11_33521042","Chr11","Chr11_33521042",33521042,96.5473444511674
"Chr11_33521707","Chr11","Chr11_33521707",33521707,96.5492602164377
"Chr11_33635932","Chr11","Chr11_33635932",33635932,96.8783253111743
"Chr11_33725185","Chr11","Chr11_33725185",33725185,97.1354498189487
"Chr11_33790748","Chr11","Chr11_33790748",33790748,97.3243269894999
"Chr11_33895674","Chr11","Chr11_33895674",33895674,97.6266030598027
"Chr11_34015673","Chr11","Chr11_34015673",34015673,97.9723021826155
"Chr11_34028178","Chr11","Chr11_34028178",34028178,98.0083272122472
"Chr11_34079684","Chr11","Chr11_34079684",34079684,98.1567082739194
"Chr11_34157335","Chr11","Chr11_34157335",34157335,98.3804091596396
"Chr11_34159989","Chr11","Chr11_34159989",34159989,98.3880549356206
"Chr11_34194914","Chr11","Chr11_34194914",34194914,98.4886686229367
"Chr11_34206356","Chr11","Chr11_34206356",34206356,98.5216313089859
"Chr11_34263354","Chr11","Chr11_34263354",34263354,98.6858339990258
"Chr11_34263495","Chr11","Chr11_34263495",34263495,98.6862401988801
"Chr11_34298561","Chr11","Chr11_34298561",34298561,98.7872600860504
"Chr11_34349814","Chr11","Chr11_34349814",34349814,98.9349122926649
"Chr11_34411329","Chr11","Chr11_34411329",34411329,99.1121277822925
"Chr11_34411427","Chr11","Chr11_34411427",34411427,99.1124101055955
"Chr11_34452927","Chr11","Chr11_34452927",34452927,99.2319653818623
"Chr11_34502729","Chr11","Chr11_34502729",34502729,99.3754374750824
"Chr11_34531167","Chr11","Chr11_34531167",34531167,99.4573630882505
"Chr12_00395024","Chr12","Chr12_00395024",395024,0.980915699165555
"Chr12_00400242","Chr12","Chr12_00400242",400242,0.993937245082588
"Chr12_00423132","Chr12","Chr12_00423132",423132,1.05105935816057
"Chr12_00560183","Chr12","Chr12_00560183",560183,1.39307083563762
"Chr12_00570437","Chr12","Chr12_00570437",570437,1.41865974553284
"Chr12_00633025","Chr12","Chr12_00633025",633025,1.5748484223928
"Chr12_00779597","Chr12","Chr12_00779597",779597,1.94061960448389
"Chr12_00887862","Chr12","Chr12_00887862",887862,2.21079547046848
"Chr12_00942724","Chr12","Chr12_00942724",942724,2.34770387447389
"Chr12_01079911","Chr12","Chr12_01079911",1079911,2.69005474065251
"Chr12_01080561","Chr12","Chr12_01080561",1080561,2.69167681900553
"Chr12_01210662","Chr12","Chr12_01210662",1210662,3.01634453563103
"Chr12_01213098","Chr12","Chr12_01213098",1213098,3.02242358619713
"Chr12_01253028","Chr12","Chr12_01253028",1253028,3.12206910717588
"Chr12_01282179","Chr12","Chr12_01282179",1282179,3.1948155780512
"Chr12_01290967","Chr12","Chr12_01290967",1290967,3.21674607738407
"Chr12_01608174","Chr12","Chr12_01608174",1608174,4.00833778219515
"Chr12_01659477","Chr12","Chr12_01659477",1659477,4.13636468334148
"Chr12_01777676","Chr12","Chr12_01777676",1777676,4.43133089757057
"Chr12_01853757","Chr12","Chr12_01853757",1853757,4.62119142553411
"Chr12_02118314","Chr12","Chr12_02118314",2118314,5.28139478375038
"Chr12_02537370","Chr12","Chr12_02537370",2537370,6.32715119344914
"Chr12_02804280","Chr12","Chr12_02804280",2804280,6.99322647530335
"Chr12_02988309","Chr12","Chr12_02988309",2988309,7.45247179411623
"Chr12_03149939","Chr12","Chr12_03149939",3149939,7.85582029288396
"Chr12_03218421","Chr12","Chr12_03218421",3218421,8.0267174771481
"Chr12_03304815","Chr12","Chr12_03304815",3304815,8.24231414981121
"Chr12_03464150","Chr12","Chr12_03464150",3464150,8.6399354642402
"Chr12_03517661","Chr12","Chr12_03517661",3517661,8.77347244077648
"Chr12_03560677","Chr12","Chr12_03560677",3560677,8.88081909067435
"Chr12_03666153","Chr12","Chr12_03666153",3666153,9.14403499277189
"Chr12_03726236","Chr12","Chr12_03726236",3726236,9.29397242920982
"Chr12_03730217","Chr12","Chr12_03730217",3730217,9.30390703524579
"Chr12_03852630","Chr12","Chr12_03852630",3852630,9.60938930821278
"Chr12_03866019","Chr12","Chr12_03866019",3866019,9.64280162677989
"Chr12_03867266","Chr12","Chr12_03867266",3867266,9.64591352171253
"Chr12_03910343","Chr12","Chr12_03910343",3910343,9.75341239742507
"Chr12_04006731","Chr12","Chr12_04006731",4006731,9.99394914864219
"Chr12_04287071","Chr12","Chr12_04287071",4287071,10.693539064775
"Chr12_04355863","Chr12","Chr12_04355863",4355863,10.8652098556383
"Chr12_04556686","Chr12","Chr12_04556686",4556686,11.3663646880829
"Chr12_04574235","Chr12","Chr12_04574235",4574235,11.4101583081094
"Chr12_04601393","Chr12","Chr12_04601393",4601393,11.4779312372038
"Chr12_04644855","Chr12","Chr12_04644855",4644855,11.5863908824024
"Chr12_04677081","Chr12","Chr12_04677081",4677081,11.6668110316401
"Chr12_04703092","Chr12","Chr12_04703092",4703092,11.7317216163177
"Chr12_04734365","Chr12","Chr12_04734365",4734365,11.8097635491394
"Chr12_04749125","Chr12","Chr12_04749125",4749125,11.8465972052788
"Chr12_04781283","Chr12","Chr12_04781283",4781283,11.9268476601657
"Chr12_05241843","Chr12","Chr12_05241843",5241843,13.0761775159627
"Chr12_05268271","Chr12","Chr12_05268271",5268271,13.1421287262914
"Chr12_05281813","Chr12","Chr12_05281813",5281813,13.1759228571478
"Chr12_05298444","Chr12","Chr12_05298444",5298444,13.2174256034387
"Chr12_05334856","Chr12","Chr12_05334856",5334856,13.3082919372699
"Chr12_05454875","Chr12","Chr12_05454875",5454875,13.6077999708874
"Chr12_05548256","Chr12","Chr12_05548256",5548256,13.840832738093
"Chr12_05563039","Chr12","Chr12_05563039",5563039,13.877723790851
"Chr12_05701149","Chr12","Chr12_05701149",5701149,14.2223780082909
"Chr12_05711546","Chr12","Chr12_05711546",5711546,14.2483237754238
"Chr12_05777732","Chr12","Chr12_05777732",5777732,14.413491279844
"Chr12_05828056","Chr12","Chr12_05828056",5828056,14.5390750814402
"Chr12_06082251","Chr12","Chr12_06082251",6082251,15.1734200152041
"Chr12_06158308","Chr12","Chr12_06158308",6158308,15.3632206510439
"Chr12_06225046","Chr12","Chr12_06225046",6225046,15.5297656743116
"Chr12_06258277","Chr12","Chr12_06258277",6258277,15.6126938062336
"Chr12_06292197","Chr12","Chr12_06292197",6292197,15.6973413412097
"Chr12_06409247","Chr12","Chr12_06409247",6409247,15.9894402200117
"Chr12_06640566","Chr12","Chr12_06640566",6640566,16.5666979777699
"Chr12_06669929","Chr12","Chr12_06669929",6669929,16.6399734957388
"Chr12_06745990","Chr12","Chr12_06745990",6745990,16.8297841135992
"Chr12_06748239","Chr12","Chr12_06748239",6748239,16.8353965047006
"Chr12_06840159","Chr12","Chr12_06840159",6840159,17.0647833388696
"Chr12_06881977","Chr12","Chr12_06881977",6881977,17.1691403735876
"Chr12_06882711","Chr12","Chr12_06882711",6882711,17.1709720743739
"Chr12_06918336","Chr12","Chr12_06918336",6918336,17.2598744456454
"Chr12_07602372","Chr12","Chr12_07602372",7602372,18.9668898122424
"Chr12_07662301","Chr12","Chr12_07662301",7662301,19.1164429408859
"Chr12_07838326","Chr12","Chr12_07838326",7838326,19.5557142364102
"Chr12_07844080","Chr12","Chr12_07844080",7844080,19.5700733730922
"Chr12_07856138","Chr12","Chr12_07856138",7856138,19.6001641742934
"Chr12_07939677","Chr12","Chr12_07939677",7939677,19.808636179729
"Chr12_07973773","Chr12","Chr12_07973773",7973773,19.8937229236131
"Chr12_08004903","Chr12","Chr12_08004903",8004903,19.971407999197
"Chr12_08032155","Chr12","Chr12_08032155",8032155,20.0394155057764
"Chr12_08052030","Chr12","Chr12_08052030",8052030,20.0890136708015
"Chr12_08190120","Chr12","Chr12_08190120",8190120,20.4336179781382
"Chr12_08324249","Chr12","Chr12_08324249",8324249,20.7683375895422
"Chr12_08613249","Chr12","Chr12_08613249",8613249,21.4895385803475
"Chr12_08956079","Chr12","Chr12_08956079",8956079,22.3450726138348
"Chr12_09180903","Chr12","Chr12_09180903",9180903,22.9061220655885
"Chr12_09741940","Chr12","Chr12_09741940",9741940,24.3061927931957
"Chr12_09851764","Chr12","Chr12_09851764",9851764,24.5802591517224
"Chr12_09976231","Chr12","Chr12_09976231",9976231,24.8908671922849
"Chr12_10116320","Chr12","Chr12_10116320",10116320,25.2404600144335
"Chr12_11109989","Chr12","Chr12_11109989",11109989,27.7201661297712
"Chr12_11257472","Chr12","Chr12_11257472",11257472,28.0882107170617
"Chr12_11296522","Chr12","Chr12_11296522",11296522,28.185660193501
"Chr12_11300331","Chr12","Chr12_11300331",11300331,28.1951655726497
"Chr12_11660828","Chr12","Chr12_11660828",11660828,29.0947876957721
"Chr12_13117155","Chr12","Chr12_13117155",13117155,32.7290592367293
"Chr12_13170339","Chr12","Chr12_13170339",13170339,32.8617801830787
"Chr12_13752945","Chr12","Chr12_13752945",13752945,34.3156764614495
"Chr12_14266414","Chr12","Chr12_14266414",14266414,35.5970409996774
"Chr12_14960219","Chr12","Chr12_14960219",14960219,37.3284349561678
"Chr12_15023187","Chr12","Chr12_15023187",15023187,37.485571924988
"Chr12_15085859","Chr12","Chr12_15085859",15085859,37.6419702242813
"Chr12_15472539","Chr12","Chr12_15472539",15472539,38.6069321589686
"Chr12_15669084","Chr12","Chr12_15669084",15669084,39.0974112203452
"Chr12_15689886","Chr12","Chr12_15689886",15689886,39.1493227186522
"Chr12_16801091","Chr12","Chr12_16801091",16801091,41.9223405282989
"Chr12_17655287","Chr12","Chr12_17655287",17655287,44.0539910526657
"Chr12_18586154","Chr12","Chr12_18586154",18586154,46.3769744530395
"Chr12_19209371","Chr12","Chr12_19209371",19209371,47.932215691402
"Chr12_20261190","Chr12","Chr12_20261190",20261190,50.5570354317063
"Chr12_20306482","Chr12","Chr12_20306482",20306482,50.6700618513449
"Chr12_20475060","Chr12","Chr12_20475060",20475060,51.0907491199539
"Chr12_20764103","Chr12","Chr12_20764103",20764103,51.8120574174811
"Chr12_20778737","Chr12","Chr12_20778737",20778737,51.8485766399705
"Chr12_21350413","Chr12","Chr12_21350413",21350413,53.2751970469589
"Chr12_24266673","Chr12","Chr12_24266673",24266673,60.5527389204749
"Chr12_25103270","Chr12","Chr12_25103270",25103270,62.6404710495573
"Chr12_26134673","Chr12","Chr12_26134673",26134673,65.2143425565457
"Chr12_27695362","Chr12","Chr12_27695362",27695362,69.1090500068539
"Chr12_31836781","Chr12","Chr12_31836781",31836781,79.4439824848479
"Chr12_31841828","Chr12","Chr12_31841828",31841828,79.4565772993828
"Chr12_33232556","Chr12","Chr12_33232556",33232556,82.9271461974478
"Chr12_33568221","Chr12","Chr12_33568221",33568221,83.7647999364744
"Chr12_33637803","Chr12","Chr12_33637803",33637803,83.9384421764129
"Chr12_33887757","Chr12","Chr12_33887757",33887757,84.5622036727996
"Chr12_34251142","Chr12","Chr12_34251142",34251142,85.4690328148198
"Chr12_34266634","Chr12","Chr12_34266634",34266634,85.5076931807352
"Chr12_34376103","Chr12","Chr12_34376103",34376103,85.7808736349306
"Chr12_34378074","Chr12","Chr12_34378074",34378074,85.785792275598
"Chr12_34387632","Chr12","Chr12_34387632",34387632,85.8096443139029
"Chr12_34531628","Chr12","Chr12_34531628",34531628,86.1689870747057
"Chr12_34623434","Chr12","Chr12_34623434",34623434,86.3980894212866
"Chr12_34678918","Chr12","Chr12_34678918",34678918,86.5365500295006
"Chr12_34852127","Chr12","Chr12_34852127",34852127,86.9687939824986
"Chr12_34898722","Chr12","Chr12_34898722",34898722,87.0850720453587
"Chr12_34911519","Chr12","Chr12_34911519",34911519,87.117007024872
"Chr12_35009621","Chr12","Chr12_35009621",35009621,87.3618210719308
"Chr12_35009952","Chr12","Chr12_35009952",35009952,87.3626470841382
"Chr12_35013526","Chr12","Chr12_35013526",35013526,87.3715660195747
"Chr12_35013570","Chr12","Chr12_35013570",35013570,87.3716758218017
"Chr12_35018164","Chr12","Chr12_35018164",35018164,87.3831401724998
"Chr12_35151720","Chr12","Chr12_35151720",35151720,87.7164298594479
"Chr12_35302887","Chr12","Chr12_35302887",35302887,88.0936678877423
"Chr12_35308729","Chr12","Chr12_35308729",35308729,88.1082466288782
"Chr12_35411757","Chr12","Chr12_35411757",35411757,88.3653535343478
"Chr12_35428704","Chr12","Chr12_35428704",35428704,88.4076448602688
"Chr12_35436853","Chr12","Chr12_35436853",35436853,88.4279807318054
"Chr12_35498641","Chr12","Chr12_35498641",35498641,88.5821730045385
"Chr12_35560599","Chr12","Chr12_35560599",35560599,88.7367895131487
"Chr12_35567525","Chr12","Chr12_35567525",35567525,88.7540733818764
"Chr12_35599493","Chr12","Chr12_35599493",35599493,88.8338496907832
"Chr12_35626904","Chr12","Chr12_35626904",35626904,88.9022539826827
"Chr12_35648895","Chr12","Chr12_35648895",35648895,88.9571326366232
"Chr12_35652658","Chr12","Chr12_35652658",35652658,88.9665232225346
"Chr12_35746818","Chr12","Chr12_35746818",35746818,89.2014999882586
"Chr12_35842502","Chr12","Chr12_35842502",35842502,89.4402799038442
"Chr12_35856420","Chr12","Chr12_35856420",35856420,89.4750123446401
"Chr12_35931387","Chr12","Chr12_35931387",35931387,89.6620928798571
"Chr12_35968171","Chr12","Chr12_35968171",35968171,89.7538875416072
"Chr12_35996572","Chr12","Chr12_35996572",35996572,89.8247623836137
"Chr12_36246404","Chr12","Chr12_36246404",36246404,90.4482194283711
"Chr12_36266743","Chr12","Chr12_36266743",36266743,90.4989755077898
"Chr12_36305512","Chr12","Chr12_36305512",36305512,90.5957237472795
"Chr12_36319733","Chr12","Chr12_36319733",36319733,90.6312123261385
"Chr12_36360755","Chr12","Chr12_36360755",36360755,90.7335829387503
"Chr12_36476731","Chr12","Chr12_36476731",36476731,91.023001645012
"Chr12_37018099","Chr12","Chr12_37018099",37018099,92.3739882816568
"Chr12_37406776","Chr12","Chr12_37406776",37406776,93.3439337401456
"Chr12_37527680","Chr12","Chr12_37527680",37527680,93.6456502958284
"Chr12_37546963","Chr12","Chr12_37546963",37546963,93.6937711217997
"Chr12_37710650","Chr12","Chr12_37710650",37710650,94.1022528746785
"Chr12_37735208","Chr12","Chr12_37735208",37735208,94.1635374903608
"Chr12_37782753","Chr12","Chr12_37782753",37782753,94.2821862831215
"Chr12_37793200","Chr12","Chr12_37793200",37793200,94.3082568255123
"Chr12_37874146","Chr12","Chr12_37874146",37874146,94.5102579860719
"Chr12_38008720","Chr12","Chr12_38008720",38008720,94.8460880972714
"Chr12_38188901","Chr12","Chr12_38188901",38188901,95.2957307122344
"Chr12_38189524","Chr12","Chr12_38189524",38189524,95.2972854119481
"Chr12_38485893","Chr12","Chr12_38485893",38485893,96.0368757802665
"Chr12_38831525","Chr12","Chr12_38831525",38831525,96.8994022192078
"Chr12_38865042","Chr12","Chr12_38865042",38865042,96.9830440656051
"Chr12_38891613","Chr12","Chr12_38891613",38891613,97.0493521331715
"Chr12_39047966","Chr12","Chr12_39047966",39047966,97.4395318512179
"Chr12_39104343","Chr12","Chr12_39104343",39104343,97.5802209455384
"Chr12_39127963","Chr12","Chr12_39127963",39127963,97.6391647773821
"Chr12_39221871","Chr12","Chr12_39221871",39221871,97.8735126758062
"Chr12_39344741","Chr12","Chr12_39344741",39344741,98.1801353946306
"Chr12_39358195","Chr12","Chr12_39358195",39358195,98.213709921033
"Chr12_39393245","Chr12","Chr12_39393245",39393245,98.3011773768383
"Chr12_39401148","Chr12","Chr12_39401148",39401148,98.3208993541059
"Chr12_39438311","Chr12","Chr12_39438311",39438311,98.4136398123111
"Chr12_39532245","Chr12","Chr12_39532245",39532245,98.6480525938692
"Chr12_39627738","Chr12","Chr12_39627738",39627738,98.8863558679695
"Chr12_39803670","Chr12","Chr12_39803670",39803670,99.3253950815141
"Chr12_39871832","Chr12","Chr12_39871832",39871832,99.4954937041275
"Chr12_39875917","Chr12","Chr12_39875917",39875917,99.5056878426999
"Chr13_00558636","Chr13","Chr13_00558636",558636,1.19002331136925
"Chr13_00951557","Chr13","Chr13_00951557",951557,2.04680651511188
"Chr13_02338594","Chr13","Chr13_02338594",2338594,5.07130763510688
"Chr13_02572630","Chr13","Chr13_02572630",2572630,5.58163442820551
"Chr13_02702892","Chr13","Chr13_02702892",2702892,5.86567700593977
"Chr13_04707081","Chr13","Chr13_04707081",4707081,10.2359078470649
"Chr13_09729173","Chr13","Chr13_09729173",9729173,21.1868218304107
"Chr13_10159737","Chr13","Chr13_10159737",10159737,22.1256874123883
"Chr13_10177191","Chr13","Chr13_10177191",10177191,22.1637467017572
"Chr13_10202537","Chr13","Chr13_10202537",10202537,22.2190148780116
"Chr13_10210781","Chr13","Chr13_10210781",10210781,22.2369913178854
"Chr13_10283424","Chr13","Chr13_10283424",10283424,22.3953928852984
"Chr13_10375467","Chr13","Chr13_10375467",10375467,22.5960970889986
"Chr13_10633007","Chr13","Chr13_10633007",10633007,23.1576754884526
"Chr13_10705473","Chr13","Chr13_10705473",10705473,23.3156910988232
"Chr13_10880896","Chr13","Chr13_10880896",10880896,23.6982094166279
"Chr13_10957031","Chr13","Chr13_10957031",10957031,23.8642254585726
"Chr13_11573855","Chr13","Chr13_11573855",11573855,25.2092399598727
"Chr13_12230980","Chr13","Chr13_12230980",12230980,26.6421327366888
"Chr13_13029164","Chr13","Chr13_13029164",13029164,28.3826114708265
"Chr13_13638191","Chr13","Chr13_13638191",13638191,29.710624237326
"Chr13_13698877","Chr13","Chr13_13698877",13698877,29.8429529891675
"Chr13_13701809","Chr13","Chr13_13701809",13701809,29.8493463566724
"Chr13_13740780","Chr13","Chr13_13740780",13740780,29.9343245029996
"Chr13_13879678","Chr13","Chr13_13879678",13879678,30.2371982955265
"Chr13_13910679","Chr13","Chr13_13910679",13910679,30.3047974722038
"Chr13_13995755","Chr13","Chr13_13995755",13995755,30.490309796161
"Chr13_14062401","Chr13","Chr13_14062401",14062401,30.6356346156454
"Chr13_14520395","Chr13","Chr13_14520395",14520395,31.634312636456
"Chr13_14668686","Chr13","Chr13_14668686",14668686,31.9576683188099
"Chr13_14708523","Chr13","Chr13_14708523",14708523,32.0445348199323
"Chr13_15004876","Chr13","Chr13_15004876",15004876,32.6907468390881
"Chr13_15051151","Chr13","Chr13_15051151",15051151,32.7916517099227
"Chr13_15080223","Chr13","Chr13_15080223",15080223,32.8550446090022
"Chr13_15140236","Chr13","Chr13_15140236",15140236,32.9859058518632
"Chr13_15168831","Chr13","Chr13_15168831",15168831,33.0482586294216
"Chr13_15182722","Chr13","Chr13_15182722",15182722,33.0785486253322
"Chr13_15204903","Chr13","Chr13_15204903",15204903,33.1269153663367
"Chr13_15286726","Chr13","Chr13_15286726",15286726,33.3053343667969
"Chr13_15366104","Chr13","Chr13_15366104",15366104,33.478421926756
"Chr13_15936312","Chr13","Chr13_15936312",15936312,34.7217879902641
"Chr13_16413266","Chr13","Chr13_16413266",16413266,35.7618092061265
"Chr13_17123330","Chr13","Chr13_17123330",17123330,37.3101380273967
"Chr13_17181565","Chr13","Chr13_17181565",17181565,37.4371222554475
"Chr13_17962906","Chr13","Chr13_17962906",17962906,39.1408740152044
"Chr13_18095383","Chr13","Chr13_18095383",18095383,39.4297465073395
"Chr13_18958038","Chr13","Chr13_18958038",18958038,41.3108073684912
"Chr13_19120876","Chr13","Chr13_19120876",19120876,41.6658834864158
"Chr13_20035127","Chr13","Chr13_20035127",20035127,43.6594519157054
"Chr13_20614551","Chr13","Chr13_20614551",20614551,44.9229139119982
"Chr13_20627836","Chr13","Chr13_20627836",20627836,44.9518824956619
"Chr13_20756630","Chr13","Chr13_20756630",20756630,45.2327240285472
"Chr13_20824876","Chr13","Chr13_20824876",20824876,45.3815377252512
"Chr13_21500377","Chr13","Chr13_21500377",21500377,46.854500256934
"Chr13_21682314","Chr13","Chr13_21682314",21682314,47.2512226661189
"Chr13_21687311","Chr13","Chr13_21687311",21687311,47.2621188657852
"Chr13_22077201","Chr13","Chr13_22077201",22077201,48.112292827745
"Chr13_22240241","Chr13","Chr13_22240241",22240241,48.4678094164186
"Chr13_22298981","Chr13","Chr13_22298981",22298981,48.5958948213418
"Chr13_22344990","Chr13","Chr13_22344990",22344990,48.6962196663386
"Chr13_22436034","Chr13","Chr13_22436034",22436034,48.8947455023248
"Chr13_22667406","Chr13","Chr13_22667406",22667406,49.3992633148529
"Chr13_22713781","Chr13","Chr13_22713781",22713781,49.5003862405137
"Chr13_23034872","Chr13","Chr13_23034872",23034872,50.2005406625805
"Chr13_23459993","Chr13","Chr13_23459993",23459993,51.1275375203669
"Chr13_24007782","Chr13","Chr13_24007782",24007782,52.3220178723841
"Chr13_24516495","Chr13","Chr13_24516495",24516495,53.4312911205066
"Chr13_24774531","Chr13","Chr13_24774531",24774531,53.9939510718986
"Chr13_25281954","Chr13","Chr13_25281954",25281954,55.1004114127628
"Chr13_25849881","Chr13","Chr13_25849881",25849881,56.3388036456848
"Chr13_25855290","Chr13","Chr13_25855290",25855290,56.3505982312352
"Chr13_25977631","Chr13","Chr13_25977631",25977631,56.6173686861843
"Chr13_26129662","Chr13","Chr13_26129662",26129662,56.948879619039
"Chr13_26234217","Chr13","Chr13_26234217",26234217,57.1768668425962
"Chr13_26296123","Chr13","Chr13_26296123",26296123,57.3118558633177
"Chr13_26407952","Chr13","Chr13_26407952",26407952,57.5557043949343
"Chr13_27312729","Chr13","Chr13_27312729",27312729,59.5286143099875
"Chr13_27491945","Chr13","Chr13_27491945",27491945,59.9194034473509
"Chr13_27680004","Chr13","Chr13_27680004",27680004,60.3294751729971
"Chr13_27914021","Chr13","Chr13_27914021",27914021,60.8397605356787
"Chr13_27984946","Chr13","Chr13_27984946",27984946,60.9944159211772
"Chr13_28142951","Chr13","Chr13_28142951",28142951,61.3389534493504
"Chr13_28194714","Chr13","Chr13_28194714",28194714,61.4518251690481
"Chr13_28449001","Chr13","Chr13_28449001",28449001,62.0063102450051
"Chr13_28535092","Chr13","Chr13_28535092",28535092,62.1940358254485
"Chr13_28564805","Chr13","Chr13_28564805",28564805,62.2588264559641
"Chr13_28573676","Chr13","Chr13_28573676",28573676,62.2781700995983
"Chr13_28588072","Chr13","Chr13_28588072",28588072,62.3095612723813
"Chr13_28602590","Chr13","Chr13_28602590",28602590,62.3412184720523
"Chr13_28681577","Chr13","Chr13_28681577",28681577,62.5134534376409
"Chr13_29064784","Chr13","Chr13_29064784",29064784,63.3490547955642
"Chr13_29215620","Chr13","Chr13_29215620",29215620,63.6779599732455
"Chr13_29228063","Chr13","Chr13_29228063",29228063,63.7050925352724
"Chr13_29248615","Chr13","Chr13_29248615",29248615,63.7499071631577
"Chr13_29281873","Chr13","Chr13_29281873",29281873,63.8224278372629
"Chr13_29287200","Chr13","Chr13_29287200",29287200,63.8340436178558
"Chr13_29287874","Chr13","Chr13_29287874",29287874,63.8355133073845
"Chr13_29311775","Chr13","Chr13_29311775",29311775,63.8876305914
"Chr13_29371010","Chr13","Chr13_29371010",29371010,64.016795367713
"Chr13_29398136","Chr13","Chr13_29398136",29398136,64.0759449198742
"Chr13_29480773","Chr13","Chr13_29480773",29480773,64.2561388866199
"Chr13_29500172","Chr13","Chr13_29500172",29500172,64.2984393423589
"Chr13_29509717","Chr13","Chr13_29509717",29509717,64.3192526755218
"Chr13_29523291","Chr13","Chr13_29523291",29523291,64.3488514376333
"Chr13_29538226","Chr13","Chr13_29538226",29538226,64.3814179259297
"Chr13_29540246","Chr13","Chr13_29540246",29540246,64.3858226334194
"Chr13_29597077","Chr13","Chr13_29597077",29597077,64.50974537171
"Chr13_29609426","Chr13","Chr13_29609426",29609426,64.5366729622002
"Chr13_29613625","Chr13","Chr13_29613625",29613625,64.5458290843533
"Chr13_29645901","Chr13","Chr13_29645901",29645901,64.616208460065
"Chr13_29696265","Chr13","Chr13_29696265",29696265,64.7260295927438
"Chr13_29729302","Chr13","Chr13_29729302",29729302,64.798068365683
"Chr13_29764617","Chr13","Chr13_29764617",29764617,64.8750744275636
"Chr13_29785596","Chr13","Chr13_29785596",29785596,64.9208201495568
"Chr13_29829484","Chr13","Chr13_29829484",29829484,65.0165200516895
"Chr13_29922786","Chr13","Chr13_29922786",29922786,65.2199695656518
"Chr13_29936222","Chr13","Chr13_29936222",29936222,65.2492674121031
"Chr13_29963357","Chr13","Chr13_29963357",29963357,65.3084365891986
"Chr13_30000120","Chr13","Chr13_30000120",30000120,65.3886000849629
"Chr13_30075829","Chr13","Chr13_30075829",30075829,65.5536872133479
"Chr13_30125254","Chr13","Chr13_30125254",30125254,65.6614608112084
"Chr13_30149493","Chr13","Chr13_30149493",30149493,65.7143151205366
"Chr13_30266502","Chr13","Chr13_30266502",30266502,65.9694588921515
"Chr13_30334815","Chr13","Chr13_30334815",30334815,66.1184186855891
"Chr13_30457436","Chr13","Chr13_30457436",30457436,66.3857996940516
"Chr13_30484004","Chr13","Chr13_30484004",30484004,66.4437325002825
"Chr13_30501072","Chr13","Chr13_30501072",30501072,66.4809500980222
"Chr13_30504301","Chr13","Chr13_30504301",30504301,66.4879910883609
"Chr13_30507421","Chr13","Chr13_30507421",30507421,66.4947943989391
"Chr13_30512129","Chr13","Chr13_30512129",30512129,66.5050604201576
"Chr13_30578026","Chr13","Chr13_30578026",30578026,66.6487520089936
"Chr13_30667527","Chr13","Chr13_30667527",30667527,66.8439132590112
"Chr13_30715111","Chr13","Chr13_30715111",30715111,66.9476724675211
"Chr13_30793012","Chr13","Chr13_30793012",30793012,67.1175393576968
"Chr13_30857409","Chr13","Chr13_30857409",30857409,67.2579601241395
"Chr13_30904169","Chr13","Chr13_30904169",30904169,67.3599225608812
"Chr13_30927370","Chr13","Chr13_30927370",30927370,67.4105134611132
"Chr13_30945702","Chr13","Chr13_30945702",30945702,67.4504872718563
"Chr13_31038000","Chr13","Chr13_31038000",31038000,67.6517475153634
"Chr13_31084755","Chr13","Chr13_31084755",31084755,67.7536990493638
"Chr13_31118431","Chr13","Chr13_31118431",31118431,67.8271311926426
"Chr13_31128340","Chr13","Chr13_31128340",31128340,67.848738245373
"Chr13_31215875","Chr13","Chr13_31215875",31215875,68.0396125375071
"Chr13_31249297","Chr13","Chr13_31249297",31249297,68.1124908215272
"Chr13_31262833","Chr13","Chr13_31262833",31262833,68.1420067228047
"Chr13_31270537","Chr13","Chr13_31270537",31270537,68.1588056666169
"Chr13_31581166","Chr13","Chr13_31581166",31581166,68.8361471927643
"Chr13_31632723","Chr13","Chr13_31632723",31632723,68.94856971952
"Chr13_31651066","Chr13","Chr13_31651066",31651066,68.988567516294
"Chr13_31691449","Chr13","Chr13_31691449",31691449,69.0766245967676
"Chr13_31791737","Chr13","Chr13_31791737",31791737,69.2953074208898
"Chr13_32042802","Chr13","Chr13_32042802",32042802,69.8427667703459
"Chr13_32153019","Chr13","Chr13_32153019",32153019,70.0831002581638
"Chr13_32179282","Chr13","Chr13_32179282",32179282,70.1403679971747
"Chr13_32291324","Chr13","Chr13_32291324",32291324,70.3846809855712
"Chr13_32701646","Chr13","Chr13_32701646",32701646,71.2794079096248
"Chr13_33037136","Chr13","Chr13_33037136",33037136,72.0109600461195
"Chr13_33176209","Chr13","Chr13_33176209",33176209,72.3142154345922
"Chr13_33178668","Chr13","Chr13_33178668",33178668,72.319577402769
"Chr13_33277488","Chr13","Chr13_33277488",33277488,72.5350591820423
"Chr13_33771182","Chr13","Chr13_33771182",33771182,73.6115827758144
"Chr13_34511836","Chr13","Chr13_34511836",34511836,75.2266145684261
"Chr13_34939803","Chr13","Chr13_34939803",34939803,76.1598172665667
"Chr13_35493690","Chr13","Chr13_35493690",35493690,77.367594601887
"Chr13_35623002","Chr13","Chr13_35623002",35623002,77.6495656587722
"Chr13_35623076","Chr13","Chr13_35623076",35623076,77.6497270193436
"Chr13_35777905","Chr13","Chr13_35777905",35777905,77.987339126236
"Chr13_36031507","Chr13","Chr13_36031507",36031507,78.5403305266334
"Chr13_36178686","Chr13","Chr13_36178686",36178686,78.8612614393197
"Chr13_36536487","Chr13","Chr13_36536487",36536487,79.6414637880929
"Chr13_37401864","Chr13","Chr13_37401864",37401864,81.5284601016144
"Chr13_37820470","Chr13","Chr13_37820470",37820470,82.4412506874723
"Chr13_37840818","Chr13","Chr13_37840818",37840818,82.4856204835122
"Chr13_38264814","Chr13","Chr13_38264814",38264814,83.4101642245035
"Chr13_38576438","Chr13","Chr13_38576438",38576438,84.0896753961718
"Chr13_39319691","Chr13","Chr13_39319691",39319691,85.7103744337171
"Chr13_39365569","Chr13","Chr13_39365569",39365569,85.8104136268915
"Chr13_39570042","Chr13","Chr13_39570042",39570042,86.2562768717139
"Chr13_39605268","Chr13","Chr13_39605268",39605268,86.3330888647992
"Chr13_39960742","Chr13","Chr13_39960742",39960742,87.1082170777662
"Chr13_39964117","Chr13","Chr13_39964117",39964117,87.1155764281512
"Chr13_40014205","Chr13","Chr13_40014205",40014205,87.2247957295096
"Chr13_40084341","Chr13","Chr13_40084341",40084341,87.3777306624292
"Chr13_40127491","Chr13","Chr13_40127491",40127491,87.4718213199443
"Chr13_40294085","Chr13","Chr13_40294085",40294085,87.8350875771418
"Chr13_40626117","Chr13","Chr13_40626117",40626117,88.5590993777457
"Chr13_40947207","Chr13","Chr13_40947207",40947207,89.2592516192642
"Chr13_40992457","Chr13","Chr13_40992457",40992457,89.35792142813
"Chr13_41196417","Chr13","Chr13_41196417",41196417,89.8026660516939
"Chr13_41321115","Chr13","Chr13_41321115",41321115,90.0745760588971
"Chr13_41369400","Chr13","Chr13_41369400",41369400,90.1798638317388
"Chr13_41759128","Chr13","Chr13_41759128",41759128,91.0296845448801
"Chr13_42146304","Chr13","Chr13_42146304",42146304,91.8739404988562
"Chr13_42777641","Chr13","Chr13_42777641",42777641,93.250601297086
"Chr13_43158334","Chr13","Chr13_43158334",43158334,94.0807207566782
"Chr13_43876915","Chr13","Chr13_43876915",43876915,95.6476213074977
"Chr13_44405666","Chr13","Chr13_44405666",44405666,96.8005883816987
"Chr13_44877336","Chr13","Chr13_44877336",44877336,97.8290875805435
"Chr13_44905261","Chr13","Chr13_44905261",44905261,97.8899793907662
"Chr13_45459490","Chr13","Chr13_45459490",45459490,99.0985024735921
"Chr14_00183416","Chr14","Chr14_00183416",183416,0.36880649985628
"Chr14_00258324","Chr14","Chr14_00258324",258324,0.521620932974261
"Chr14_00310065","Chr14","Chr14_00310065",310065,0.627174032562522
"Chr14_00390010","Chr14","Chr14_00390010",390010,0.790264087771806
"Chr14_00548827","Chr14","Chr14_00548827",548827,1.11425524792157
"Chr14_00759864","Chr14","Chr14_00759864",759864,1.54477668117195
"Chr14_00764723","Chr14","Chr14_00764723",764723,1.55468917824196
"Chr14_01066273","Chr14","Chr14_01066273",1066273,2.16985968481972
"Chr14_01079657","Chr14","Chr14_01079657",1079657,2.1971634223758
"Chr14_01227528","Chr14","Chr14_01227528",1227528,2.49882443374427
"Chr14_01356106","Chr14","Chr14_01356106",1356106,2.76112718086666
"Chr14_01374091","Chr14","Chr14_01374091",1374091,2.7978170882147
"Chr14_01565241","Chr14","Chr14_01565241",1565241,3.18776848046255
"Chr14_01600806","Chr14","Chr14_01600806",1600806,3.26032208373377
"Chr14_01677746","Chr14","Chr14_01677746",1677746,3.41728185417348
"Chr14_01704899","Chr14","Chr14_01704899",1704899,3.47267474014631
"Chr14_01715028","Chr14","Chr14_01715028",1715028,3.49333818588043
"Chr14_01731609","Chr14","Chr14_01731609",1731609,3.52716389362232
"Chr14_01837295","Chr14","Chr14_01837295",1837295,3.7427663149726
"Chr14_01935148","Chr14","Chr14_01935148",1935148,3.94238919535779
"Chr14_02010813","Chr14","Chr14_02010813",2010813,4.09674792983037
"Chr14_02022560","Chr14","Chr14_02022560",2022560,4.12071214120749
"Chr14_02029805","Chr14","Chr14_02029805",2029805,4.13549214558539
"Chr14_02069528","Chr14","Chr14_02069528",2069528,4.21652818615176
"Chr14_02173510","Chr14","Chr14_02173510",2173510,4.42865439943303
"Chr14_02528463","Chr14","Chr14_02528463",2528463,5.15276853248327
"Chr14_02540318","Chr14","Chr14_02540318",2540318,5.17695306690701
"Chr14_02563927","Chr14","Chr14_02563927",2563927,5.22511609290533
"Chr14_02628629","Chr14","Chr14_02628629",2628629,5.35710999811705
"Chr14_02649214","Chr14","Chr14_02649214",2649214,5.39910397880982
"Chr14_02663464","Chr14","Chr14_02663464",2663464,5.42817438079534
"Chr14_02713989","Chr14","Chr14_02713989",2713989,5.53124680608083
"Chr14_02868668","Chr14","Chr14_02868668",2868668,5.84679632949964
"Chr14_02971933","Chr14","Chr14_02971933",2971933,6.0574598425547
"Chr14_02990330","Chr14","Chr14_02990330",2990330,6.09499024152506
"Chr14_03013449","Chr14","Chr14_03013449",3013449,6.14215365370072
"Chr14_03015454","Chr14","Chr14_03015454",3015454,6.14624391026079
"Chr14_03048160","Chr14","Chr14_03048160",3048160,6.21296507288103
"Chr14_03081258","Chr14","Chr14_03081258",3081258,6.28048592655939
"Chr14_03321772","Chr14","Chr14_03321772",3321772,6.7711412713415
"Chr14_03352310","Chr14","Chr14_03352310",3352310,6.83343965280352
"Chr14_03464916","Chr14","Chr14_03464916",3464916,7.06315906936361
"Chr14_03546992","Chr14","Chr14_03546992",3546992,7.23059642468736
"Chr14_03627456","Chr14","Chr14_03627456",3627456,7.39474525453738
"Chr14_03726450","Chr14","Chr14_03726450",3726450,7.59669580710962
"Chr14_03799259","Chr14","Chr14_03799259",3799259,7.74522822101584
"Chr14_03849373","Chr14","Chr14_03849373",3849373,7.84746219470723
"Chr14_03862219","Chr14","Chr14_03862219",3862219,7.8736683970866
"Chr14_03989704","Chr14","Chr14_03989704",3989704,8.13374139337599
"Chr14_04012394","Chr14","Chr14_04012394",4012394,8.18002963344977
"Chr14_04017981","Chr14","Chr14_04017981",4017981,8.1914272710563
"Chr14_04090245","Chr14","Chr14_04090245",4090245,8.33884786958834
"Chr14_04182931","Chr14","Chr14_04182931",4182931,8.52792992421499
"Chr14_04205844","Chr14","Chr14_04205844",4205844,8.5746730905795
"Chr14_04318727","Chr14","Chr14_04318727",4318727,8.80495759495362
"Chr14_04484563","Chr14","Chr14_04484563",4484563,9.14326771310594
"Chr14_04500698","Chr14","Chr14_04500698",4500698,9.17618356826638
"Chr14_04749391","Chr14","Chr14_04749391",4749391,9.68352430377407
"Chr14_04769302","Chr14","Chr14_04769302",4769302,9.72414330545363
"Chr14_04832737","Chr14","Chr14_04832737",4832737,9.8535524949239
"Chr14_05005265","Chr14","Chr14_05005265",5005265,10.2055144818543
"Chr14_05104542","Chr14","Chr14_05104542",5104542,10.4080423624098
"Chr14_05621632","Chr14","Chr14_05621632",5621632,11.4629205492654
"Chr14_05799583","Chr14","Chr14_05799583",5799583,11.8259456091759
"Chr14_05840812","Chr14","Chr14_05840812",5840812,11.9100539322258
"Chr14_05959166","Chr14","Chr14_05959166",5959166,12.1514994309341
"Chr14_06008546","Chr14","Chr14_06008546",6008546,12.2522360239197
"Chr14_06025861","Chr14","Chr14_06025861",6025861,12.2875591123674
"Chr14_06139796","Chr14","Chr14_06139796",6139796,12.5199897264179
"Chr14_06364363","Chr14","Chr14_06364363",6364363,12.978112741343
"Chr14_06376669","Chr14","Chr14_06376669",6376669,13.0032173284892
"Chr14_06632762","Chr14","Chr14_06632762",6632762,13.5256542727473
"Chr14_06677743","Chr14","Chr14_06677743",6677743,13.6174167816393
"Chr14_06904156","Chr14","Chr14_06904156",6904156,14.0793056886391
"Chr14_07122740","Chr14","Chr14_07122740",7122740,14.5252232147866
"Chr14_07154670","Chr14","Chr14_07154670",7154670,14.5903613155163
"Chr14_07298626","Chr14","Chr14_07298626",7298626,14.8840356164445
"Chr14_07320084","Chr14","Chr14_07320084",7320084,14.9278105417642
"Chr14_07321140","Chr14","Chr14_07321140",7321140,14.9299648115534
"Chr14_07426825","Chr14","Chr14_07426825",7426825,15.1455651928755
"Chr14_07716394","Chr14","Chr14_07716394",7716394,15.7362941214751
"Chr14_07769799","Chr14","Chr14_07769799",7769799,15.845241828004
"Chr14_08412336","Chr14","Chr14_08412336",8412336,17.156035433658
"Chr14_08597825","Chr14","Chr14_08597825",8597825,17.5344382262118
"Chr14_08819906","Chr14","Chr14_08819906",8819906,17.987489731008
"Chr14_08867440","Chr14","Chr14_08867440",8867440,18.0844604319189
"Chr14_08943391","Chr14","Chr14_08943391",8943391,18.2394026144594
"Chr14_09510081","Chr14","Chr14_09510081",9510081,19.3954662005066
"Chr14_09541285","Chr14","Chr14_09541285",9541285,19.4591232407562
"Chr14_09592783","Chr14","Chr14_09592783",9592783,19.5641806134895
"Chr14_09877249","Chr14","Chr14_09877249",9877249,20.144499278136
"Chr14_10079093","Chr14","Chr14_10079093",10079093,20.5562667320564
"Chr14_10147370","Chr14","Chr14_10147370",10147370,20.6955537381171
"Chr14_10200548","Chr14","Chr14_10200548",10200548,20.8040383582424
"Chr14_10842885","Chr14","Chr14_10842885",10842885,22.1144239582545
"Chr14_11459726","Chr14","Chr14_11459726",11459726,23.3727969990369
"Chr14_12666656","Chr14","Chr14_12666656",12666656,25.8349682459409
"Chr14_12692583","Chr14","Chr14_12692583",12692583,25.8878600573289
"Chr14_13332912","Chr14","Chr14_13332912",13332912,27.1941492806963
"Chr14_13584372","Chr14","Chr14_13584372",13584372,27.7071347742597
"Chr14_14237127","Chr14","Chr14_14237127",14237127,29.0387733881584
"Chr14_15193540","Chr14","Chr14_15193540",15193540,30.9898828881006
"Chr14_15583285","Chr14","Chr14_15583285",15583285,31.7849736826161
"Chr14_16766385","Chr14","Chr14_16766385",16766385,34.1985310572875
"Chr14_16775415","Chr14","Chr14_16775415",16775415,34.2169525120193
"Chr14_17852835","Chr14","Chr14_17852835",17852835,36.4149197055097
"Chr14_18356047","Chr14","Chr14_18356047",18356047,37.4414863808737
"Chr14_19222496","Chr14","Chr14_19222496",19222496,39.2090667829755
"Chr14_19895204","Chr14","Chr14_19895204",19895204,40.5814100797386
"Chr14_20554632","Chr14","Chr14_20554632",20554632,41.9266618018794
"Chr14_22194977","Chr14","Chr14_22194977",22194977,45.2730118752082
"Chr14_22632921","Chr14","Chr14_22632921",22632921,46.1664299893939
"Chr14_23525730","Chr14","Chr14_23525730",23525730,47.9877855350984
"Chr14_24164714","Chr14","Chr14_24164714",24164714,49.291330920524
"Chr14_25598040","Chr14","Chr14_25598040",25598040,52.2153563939482
"Chr14_26144841","Chr14","Chr14_26144841",26144841,53.3308458589365
"Chr14_28794944","Chr14","Chr14_28794944",28794944,58.7371307370438
"Chr14_29235118","Chr14","Chr14_29235118",29235118,59.6350981141367
"Chr14_30826782","Chr14","Chr14_30826782",30826782,62.8821375741984
"Chr14_31287543","Chr14","Chr14_31287543",31287543,63.8221030120405
"Chr14_32154511","Chr14","Chr14_32154511",32154511,65.590742188783
"Chr14_32301330","Chr14","Chr14_32301330",32301330,65.890257090475
"Chr14_32541258","Chr14","Chr14_32541258",32541258,66.3797169787264
"Chr14_32747566","Chr14","Chr14_32747566",32747566,66.800591118574
"Chr14_32901989","Chr14","Chr14_32901989",32901989,67.1156183947712
"Chr14_33130392","Chr14","Chr14_33130392",33130392,67.5815669579079
"Chr14_33220336","Chr14","Chr14_33220336",33220336,67.7650552551841
"Chr14_34176667","Chr14","Chr14_34176667",34176667,69.7159974728131
"Chr14_34984702","Chr14","Chr14_34984702",34984702,71.3644116670845
"Chr14_35984557","Chr14","Chr14_35984557",35984557,73.4041440725042
"Chr14_36842899","Chr14","Chr14_36842899",36842899,75.1551859659115
"Chr14_39126317","Chr14","Chr14_39126317",39126317,79.8134231000146
"Chr14_40318128","Chr14","Chr14_40318128",40318128,82.244751160419
"Chr14_40444764","Chr14","Chr14_40444764",40444764,82.5030921727586
"Chr14_40655324","Chr14","Chr14_40655324",40655324,82.932640512553
"Chr14_41084613","Chr14","Chr14_41084613",41084613,83.8084021825854
"Chr14_41119986","Chr14","Chr14_41119986",41119986,83.8805641004404
"Chr14_41278732","Chr14","Chr14_41278732",41278732,84.2044104185873
"Chr14_41346028","Chr14","Chr14_41346028",41346028,84.3416961569745
"Chr14_41368896","Chr14","Chr14_41368896",41368896,84.3883475220695
"Chr14_41750271","Chr14","Chr14_41750271",41750271,85.1663632804714
"Chr14_42097812","Chr14","Chr14_42097812",42097812,85.8753567244328
"Chr14_42306831","Chr14","Chr14_42306831",42306831,86.3017613807564
"Chr14_42451561","Chr14","Chr14_42451561",42451561,86.5970146635188
"Chr14_42492365","Chr14","Chr14_42492365",42492365,86.6802559745796
"Chr14_43153052","Chr14","Chr14_43153052",43153052,88.0280760922362
"Chr14_43159606","Chr14","Chr14_43159606",43159606,88.0414464371213
"Chr14_43403115","Chr14","Chr14_43403115",43403115,88.5382116663909
"Chr14_43749300","Chr14","Chr14_43749300",43749300,89.2444388321002
"Chr14_44383278","Chr14","Chr14_44383278",44383278,90.5377718363089
"Chr14_44625574","Chr14","Chr14_44625574",44625574,91.0320625113604
"Chr14_45567354","Chr14","Chr14_45567354",45567354,92.9533202785128
"Chr14_45643911","Chr14","Chr14_45643911",45643911,93.1094987181483
"Chr14_45869381","Chr14","Chr14_45869381",45869381,93.5694638785465
"Chr14_45887034","Chr14","Chr14_45887034",45887034,93.605476496529
"Chr14_45903810","Chr14","Chr14_45903810",45903810,93.6397000097717
"Chr14_46060956","Chr14","Chr14_46060956",46060956,93.9602822827834
"Chr14_46065911","Chr14","Chr14_46065911",46065911,93.9703906225615
"Chr14_46182210","Chr14","Chr14_46182210",46182210,94.2076438632993
"Chr14_46340054","Chr14","Chr14_46340054",46340054,94.5296500760012
"Chr14_46348597","Chr14","Chr14_46348597",46348597,94.5470780369951
"Chr14_46379915","Chr14","Chr14_46379915",46379915,94.6109676404605
"Chr14_46635772","Chr14","Chr14_46635772",46635772,95.1329231380612
"Chr14_46640635","Chr14","Chr14_46640635",46640635,95.142843795244
"Chr14_46681899","Chr14","Chr14_46681899",46681899,95.2270235192812
"Chr14_46697069","Chr14","Chr14_46697069",46697069,95.2579707472195
"Chr14_46741755","Chr14","Chr14_46741755",46741755,95.3491314477897
"Chr14_46804963","Chr14","Chr14_46804963",46804963,95.4780775508564
"Chr14_46812832","Chr14","Chr14_46812832",46812832,95.494130532837
"Chr14_46814147","Chr14","Chr14_46814147",46814147,95.4968131699325
"Chr14_46843479","Chr14","Chr14_46843479",46843479,95.5566512773739
"Chr14_46858110","Chr14","Chr14_46858110",46858110,95.5864989301072
"Chr14_46906116","Chr14","Chr14_46906116",46906116,95.6844325243329
"Chr14_46906849","Chr14","Chr14_46906849",46906849,95.6859278650105
"Chr14_47063313","Chr14","Chr14_47063313",47063313,96.0051188387833
"Chr14_47171142","Chr14","Chr14_47171142",47171142,96.2250930405866
"Chr14_47204580","Chr14","Chr14_47204580",47204580,96.2933075038562
"Chr14_47310431","Chr14","Chr14_47310431",47310431,96.509246529861
"Chr14_47350646","Chr14","Chr14_47350646",47350646,96.5912862643065
"Chr14_47423030","Chr14","Chr14_47423030",47423030,96.7389516662236
"Chr14_47458246","Chr14","Chr14_47458246",47458246,96.8107932996497
"Chr14_47548469","Chr14","Chr14_47548469",47548469,96.9948507647964
"Chr14_47637581","Chr14","Chr14_47637581",47637581,97.1766417586022
"Chr14_47722439","Chr14","Chr14_47722439",47722439,97.3497544724048
"Chr14_47745298","Chr14","Chr14_47745298",47745298,97.396387477246
"Chr14_47786405","Chr14","Chr14_47786405",47786405,97.4802469168544
"Chr14_47817033","Chr14","Chr14_47817033",47817033,97.5427289008552
"Chr14_47838949","Chr14","Chr14_47838949",47838949,97.5874381590949
"Chr14_47854630","Chr14","Chr14_47854630",47854630,97.6194278414482
"Chr14_48033276","Chr14","Chr14_48033276",48033276,97.9838707209643
"Chr14_48041219","Chr14","Chr14_48041219",48041219,98.0000746650325
"Chr14_48070505","Chr14","Chr14_48070505",48070505,98.0598189311762
"Chr14_48077489","Chr14","Chr14_48077489",48077489,98.0740664881914
"Chr14_48085826","Chr14","Chr14_48085826",48085826,98.0910742033741
"Chr14_48113117","Chr14","Chr14_48113117",48113117,98.1467486132398
"Chr14_48141313","Chr14","Chr14_48141313",48141313,98.2042692486352
"Chr14_48186404","Chr14","Chr14_48186404",48186404,98.2962561606302
"Chr14_48253689","Chr14","Chr14_48253689",48253689,98.4335194587071
"Chr14_48277445","Chr14","Chr14_48277445",48277445,98.4819823688522
"Chr14_48295830","Chr14","Chr14_48295830",48295830,98.519488287484
"Chr15_00378233","Chr15","Chr15_00378233",378233,0.71788527605803
"Chr15_00637337","Chr15","Chr15_00637337",637337,1.21857557451682
"Chr15_00752100","Chr15","Chr15_00752100",752100,1.44034258977721
"Chr15_01014999","Chr15","Chr15_01014999",1014999,1.94836631297144
"Chr15_01066345","Chr15","Chr15_01066345",1066345,2.04758687330499
"Chr15_01270919","Chr15","Chr15_01270919",1270919,2.44290387773915
"Chr15_01822093","Chr15","Chr15_01822093",1822093,3.50798768409771
"Chr15_02787032","Chr15","Chr15_02787032",2787032,5.37262734965489
"Chr15_02808929","Chr15","Chr15_02808929",2808929,5.41494092051969
"Chr15_02910261","Chr15","Chr15_02910261",2910261,5.61075398910769
"Chr15_03070967","Chr15","Chr15_03070967",3070967,5.9213008548609
"Chr15_03239483","Chr15","Chr15_03239483",3239483,6.2469396961566
"Chr15_03332004","Chr15","Chr15_03332004",3332004,6.42572646557624
"Chr15_03512639","Chr15","Chr15_03512639",3512639,6.77478395624448
"Chr15_03850120","Chr15","Chr15_03850120",3850120,7.42692928250024
"Chr15_04118371","Chr15","Chr15_04118371",4118371,7.94529516358223
"Chr15_04151658","Chr15","Chr15_04151658",4151658,8.00961867060952
"Chr15_04658529","Chr15","Chr15_04658529",4658529,8.98909174810005
"Chr15_04692485","Chr15","Chr15_04692485",4692485,9.05470802486331
"Chr15_05208932","Chr15","Chr15_05208932",5208932,10.0526856808167
"Chr15_06002362","Chr15","Chr15_06002362",6002362,11.5859028581129
"Chr15_06875972","Chr15","Chr15_06875972",6875972,13.2740591646021
"Chr15_06983998","Chr15","Chr15_06983998",6983998,13.4828076601148
"Chr15_07139964","Chr15","Chr15_07139964",7139964,13.7841949914158
"Chr15_07238550","Chr15","Chr15_07238550",7238550,13.9747017136735
"Chr15_07521683","Chr15","Chr15_07521683",7521683,14.5218254411094
"Chr15_07569225","Chr15","Chr15_07569225",7569225,14.6136951851864
"Chr15_07801957","Chr15","Chr15_07801957",7801957,15.0634244620054
"Chr15_07801978","Chr15","Chr15_07801978",7801978,15.0634650422213
"Chr15_09577947","Chr15","Chr15_09577947",9577947,18.4953319708043
"Chr15_09880112","Chr15","Chr15_09880112",9880112,19.0792329682177
"Chr15_09898490","Chr15","Chr15_09898490",9898490,19.1147464543278
"Chr15_09910421","Chr15","Chr15_09910421",9910421,19.1378018141482
"Chr15_09962094","Chr15","Chr15_09962094",9962094,19.2376542664155
"Chr15_10006531","Chr15","Chr15_10006531",10006531,19.323523935709
"Chr15_10927197","Chr15","Chr15_10927197",10927197,21.1026108441352
"Chr15_11522572","Chr15","Chr15_11522572",11522572,22.2531082754558
"Chr15_11560973","Chr15","Chr15_11560973",11560973,22.327314031257
"Chr15_11655973","Chr15","Chr15_11655973",11655973,22.5108911985473
"Chr15_11664636","Chr15","Chr15_11664636",11664636,22.5276315038129
"Chr15_12018739","Chr15","Chr15_12018739",12018739,23.2118970371708
"Chr15_12207584","Chr15","Chr15_12207584",12207584,23.5768194598754
"Chr15_12255412","Chr15","Chr15_12255412",12255412,23.6692418678455
"Chr15_12354077","Chr15","Chr15_12354077",12354077,23.8599012490107
"Chr15_12633100","Chr15","Chr15_12633100",12633100,24.3990828484722
"Chr15_12633469","Chr15","Chr15_12633469",12633469,24.3997959008378
"Chr15_12852837","Chr15","Chr15_12852837",12852837,24.8237007011971
"Chr15_13163062","Chr15","Chr15_13163062",13163062,25.4231767719617
"Chr15_13191186","Chr15","Chr15_13191186",13191186,25.4775233430446
"Chr15_13436350","Chr15","Chr15_13436350",13436350,25.9512761076925
"Chr15_13707510","Chr15","Chr15_13707510",13707510,26.4752633148761
"Chr15_13932965","Chr15","Chr15_13932965",13932965,26.9109305806807
"Chr15_14295577","Chr15","Chr15_14295577",14295577,27.611638831054
"Chr15_14304380","Chr15","Chr15_14304380",14304380,27.6286496710925
"Chr15_14554868","Chr15","Chr15_14554868",14554868,28.1126904866737
"Chr15_14671869","Chr15","Chr15_14671869",14671869,28.3387821935172
"Chr15_14687925","Chr15","Chr15_14687925",14687925,28.3698086671805
"Chr15_14707082","Chr15","Chr15_14707082",14707082,28.4068274860624
"Chr15_14881742","Chr15","Chr15_14881742",14881742,28.7443389391037
"Chr15_14882901","Chr15","Chr15_14882901",14882901,28.7465785805446
"Chr15_14898525","Chr15","Chr15_14898525",14898525,28.7767702611946
"Chr15_14941613","Chr15","Chr15_14941613",14941613,28.8600331347125
"Chr15_15030403","Chr15","Chr15_15030403",15030403,29.0316101524357
"Chr15_15043860","Chr15","Chr15_15043860",15043860,29.0576143412802
"Chr15_15054466","Chr15","Chr15_15054466",15054466,29.0781092827147
"Chr15_15110449","Chr15","Chr15_15110449",15110449,29.1862903412033
"Chr15_15249871","Chr15","Chr15_15249871",15249871,29.4557081919185
"Chr15_15409682","Chr15","Chr15_15409682",15409682,29.7645255675167
"Chr15_15451081","Chr15","Chr15_15451081",15451081,29.8445246322394
"Chr15_15852028","Chr15","Chr15_15852028",15852028,30.6193111005925
"Chr15_15906828","Chr15","Chr15_15906828",15906828,30.7252061402504
"Chr15_17086501","Chr15","Chr15_17086501",17086501,33.0047959051857
"Chr15_18176595","Chr15","Chr15_18176595",18176595,35.1112839957136
"Chr15_18904370","Chr15","Chr15_18904370",18904370,36.5176300264998
"Chr15_19122712","Chr15","Chr15_19122712",19122712,36.9395521934525
"Chr15_19653914","Chr15","Chr15_19653914",19653914,37.9660422820729
"Chr15_19847901","Chr15","Chr15_19847901",19847901,38.340901060506
"Chr15_20270583","Chr15","Chr15_20270583",20270583,39.1576880523438
"Chr15_20476068","Chr15","Chr15_20476068",20476068,39.5547654651928
"Chr15_22283266","Chr15","Chr15_22283266",22283266,43.0469790396421
"Chr15_22323758","Chr15","Chr15_22323758",22323758,43.125225425515
"Chr15_24339648","Chr15","Chr15_24339648",24339648,47.0207135915027
"Chr15_24457750","Chr15","Chr15_24457750",24457750,47.2489328610956
"Chr15_24566578","Chr15","Chr15_24566578",24566578,47.4592311343784
"Chr15_24701932","Chr15","Chr15_24701932",24701932,47.7207880175511
"Chr15_24791709","Chr15","Chr15_24791709",24791709,47.8942723054229
"Chr15_26772243","Chr15","Chr15_26772243",26772243,51.721438846919
"Chr15_26889604","Chr15","Chr15_26889604",26889604,51.9482262146069
"Chr15_27588339","Chr15","Chr15_27588339",27588339,53.2984556039394
"Chr15_27705603","Chr15","Chr15_27705603",27705603,53.5250555296776
"Chr15_29426849","Chr15","Chr15_29426849",29426849,56.8511762127277
"Chr15_29780434","Chr15","Chr15_29780434",29780434,57.534440767426
"Chr15_32214210","Chr15","Chr15_32214210",32214210,62.2374481768903
"Chr15_32501218","Chr15","Chr15_32501218",32501218,62.7920599203604
"Chr15_32798797","Chr15","Chr15_32798797",32798797,63.3670989715717
"Chr15_33441784","Chr15","Chr15_33441784",33441784,64.6096014143558
"Chr15_34421506","Chr15","Chr15_34421506",34421506,66.5028076195346
"Chr15_34812257","Chr15","Chr15_34812257",34812257,67.2578914268593
"Chr15_34847179","Chr15","Chr15_34847179",34847179,67.3253743935552
"Chr15_35008972","Chr15","Chr15_35008972",35008972,67.6380217685805
"Chr15_35408931","Chr15","Chr15_35408931",35408931,68.4108990343938
"Chr15_35452387","Chr15","Chr15_35452387",35452387,68.494873027886
"Chr15_35931603","Chr15","Chr15_35931603",35931603,69.4209058257828
"Chr15_36901634","Chr15","Chr15_36901634",36901634,71.2953852275067
"Chr15_37146296","Chr15","Chr15_37146296",37146296,71.7681679317549
"Chr15_37381453","Chr15","Chr15_37381453",37381453,72.2225832573179
"Chr15_37500341","Chr15","Chr15_37500341",37500341,72.4523213864211
"Chr15_37716746","Chr15","Chr15_37716746",37716746,72.8705005115523
"Chr15_37749155","Chr15","Chr15_37749155",37749155,72.9331273790755
"Chr15_38505579","Chr15","Chr15_38505579",38505579,74.3948344863429
"Chr15_39544418","Chr15","Chr15_39544418",39544418,76.4022778641396
"Chr15_39581318","Chr15","Chr15_39581318",39581318,76.4735831006976
"Chr15_40033072","Chr15","Chr15_40033072",40033072,77.3465485705088
"Chr15_40080907","Chr15","Chr15_40080907",40080907,77.4389845052175
"Chr15_40120190","Chr15","Chr15_40120190",40120190,77.5148946300877
"Chr15_40201416","Chr15","Chr15_40201416",40201416,77.6718550405121
"Chr15_40402317","Chr15","Chr15_40402317",40402317,78.0600743719415
"Chr15_40435995","Chr15","Chr15_40435995",40435995,78.1251534439415
"Chr15_40608253","Chr15","Chr15_40608253",40608253,78.4580232932372
"Chr15_40679699","Chr15","Chr15_40679699",40679699,78.5960849173869
"Chr15_41061640","Chr15","Chr15_41061640",41061640,79.3341443579345
"Chr15_41407103","Chr15","Chr15_41407103",41407103,80.0017140310251
"Chr15_41911248","Chr15","Chr15_41911248",41911248,80.97591941001
"Chr15_42281162","Chr15","Chr15_42281162",42281162,81.6907379811787
"Chr15_42340050","Chr15","Chr15_42340050",42340050,81.8045326362039
"Chr15_43149929","Chr15","Chr15_43149929",43149929,83.3695357169186
"Chr15_43172116","Chr15","Chr15_43172116",43172116,83.4124096812414
"Chr15_43215147","Chr15","Chr15_43215147",43215147,83.495562408459
"Chr15_43466525","Chr15","Chr15_43466525",43466525,83.981323052239
"Chr15_43658406","Chr15","Chr15_43658406",43658406,84.3521122147319
"Chr15_43723157","Chr15","Chr15_43723157",43723157,84.4772364795658
"Chr15_44035884","Chr15","Chr15_44035884",44035884,85.0815473931994
"Chr15_44065092","Chr15","Chr15_44065092",44065092,85.1379886763806
"Chr15_44067598","Chr15","Chr15_44067598",44067598,85.1428312488146
"Chr15_44079427","Chr15","Chr15_44079427",44079427,85.1656895047291
"Chr15_44083193","Chr15","Chr15_44083193",44083193,85.1729668901187
"Chr15_44138533","Chr15","Chr15_44138533",44138533,85.2799054210434
"Chr15_44147758","Chr15","Chr15_44147758",44147758,85.2977317301829
"Chr15_44148598","Chr15","Chr15_44148598",44148598,85.29935493882
"Chr15_44170409","Chr15","Chr15_44170409",44170409,85.3415023240386
"Chr15_44171132","Chr15","Chr15_44171132",44171132,85.3428994429013
"Chr15_44190091","Chr15","Chr15_44190091",44190091,85.3795356483187
"Chr15_44193089","Chr15","Chr15_44193089",44193089,85.3853289572401
"Chr15_44194377","Chr15","Chr15_44194377",44194377,85.3878178771504
"Chr15_44222801","Chr15","Chr15_44222801",44222801,85.4427441656036
"Chr15_44242386","Chr15","Chr15_44242386",44242386,85.4805900479339
"Chr15_44270229","Chr15","Chr15_44270229",44270229,85.5343936170799
"Chr15_44468337","Chr15","Chr15_44468337",44468337,85.9172157797909
"Chr15_44477031","Chr15","Chr15_44477031",44477031,85.9340159891848
"Chr15_44478346","Chr15","Chr15_44478346",44478346,85.9365570836583
"Chr15_44769147","Chr15","Chr15_44769147",44769147,86.4984983870813
"Chr15_44788633","Chr15","Chr15_44788633",44788633,86.5361529626794
"Chr15_44955613","Chr15","Chr15_44955613",44955613,86.8588236510387
"Chr15_45538654","Chr15","Chr15_45538654",45538654,87.9854869688714
"Chr15_45540345","Chr15","Chr15_45540345",45540345,87.9887546424492
"Chr15_45634201","Chr15","Chr15_45634201",45634201,88.170121154167
"Chr15_46124083","Chr15","Chr15_46124083",46124083,89.1167648369724
"Chr15_46694612","Chr15","Chr15_46694612",46694612,90.2192500756773
"Chr15_46821453","Chr15","Chr15_46821453",46821453,90.4643565122696
"Chr15_47262809","Chr15","Chr15_47262809",47262809,91.317228978023
"Chr15_47303145","Chr15","Chr15_47303145",47303145,91.3951739108632
"Chr15_47329433","Chr15","Chr15_47329433",47329433,91.4459726116393
"Chr15_47357522","Chr15","Chr15_47357522",47357522,91.500251549029
"Chr15_47493423","Chr15","Chr15_47493423",47493423,91.7628654502071
"Chr15_47656852","Chr15","Chr15_47656852",47656852,92.0786742172922
"Chr15_47920719","Chr15","Chr15_47920719",47920719,92.5885684952015
"Chr15_48114971","Chr15","Chr15_48114971",48114971,92.9639393573118
"Chr15_48244436","Chr15","Chr15_48244436",48244436,93.2141163885038
"Chr15_48344538","Chr15","Chr15_48344538",48344538,93.4075526158732
"Chr15_48361390","Chr15","Chr15_48361390",48361390,93.4401172729592
"Chr15_48382746","Chr15","Chr15_48382746",48382746,93.4813854201661
"Chr15_48500907","Chr15","Chr15_48500907",48500907,93.7097187008418
"Chr15_48521361","Chr15","Chr15_48521361",48521361,93.749243831155
"Chr15_48588633","Chr15","Chr15_48588633",48588633,93.8792396542913
"Chr15_48926562","Chr15","Chr15_48926562",48926562,94.5322506918202
"Chr15_49068984","Chr15","Chr15_49068984",49068984,94.8074657162394
"Chr15_49084322","Chr15","Chr15_49084322",49084322,94.8371047329962
"Chr15_49092278","Chr15","Chr15_49092278",49092278,94.8524788376589
"Chr15_49117010","Chr15","Chr15_49117010",49117010,94.9002707376739
"Chr15_49190069","Chr15","Chr15_49190069",49190069,95.0414493088851
"Chr15_49385833","Chr15","Chr15_49385833",49385833,95.4197419465421
"Chr15_49397316","Chr15","Chr15_49397316",49397316,95.4419315950894
"Chr15_49406563","Chr15","Chr15_49406563",49406563,95.4598004168361
"Chr15_49574800","Chr15","Chr15_49574800",49574800,95.7849001209774
"Chr15_49590879","Chr15","Chr15_49590879",49590879,95.815971039639
"Chr15_49633869","Chr15","Chr15_49633869",49633869,95.899044538816
"Chr15_49751586","Chr15","Chr15_49751586",49751586,96.1265198377835
"Chr15_49759273","Chr15","Chr15_49759273",49759273,96.1413741292041
"Chr15_49833549","Chr15","Chr15_49833549",49833549,96.2849044205478
"Chr15_50248537","Chr15","Chr15_50248537",50248537,97.0868235942264
"Chr15_50271004","Chr15","Chr15_50271004",50271004,97.130238628095
"Chr15_50429825","Chr15","Chr15_50429825",50429825,97.4371429363709
"Chr15_50553139","Chr15","Chr15_50553139",50553139,97.6754338290786
"Chr15_50593252","Chr15","Chr15_50593252",50593252,97.7529478386735
"Chr15_50602899","Chr15","Chr15_50602899",50602899,97.7715896169141
"Chr15_50649479","Chr15","Chr15_50649479",50649479,97.8616004006233
"Chr15_50973714","Chr15","Chr15_50973714",50973714,98.4881492725851
"Chr15_51199487","Chr15","Chr15_51199487",51199487,98.9244310388023
"Chr15_51516068","Chr15","Chr15_51516068",51516068,99.5361893882542
"Chr15_51517560","Chr15","Chr15_51517560",51517560,99.5390725159763
"Chr16_00236635","Chr16","Chr16_00236635",236635,0.622041467195996
"Chr16_00301115","Chr16","Chr16_00301115",301115,0.792264887282819
"Chr16_00663893","Chr16","Chr16_00663893",663893,1.74997754069872
"Chr16_00847224","Chr16","Chr16_00847224",847224,2.23396063356376
"Chr16_01016774","Chr16","Chr16_01016774",1016774,2.68156269429144
"Chr16_01591698","Chr16","Chr16_01591698",1591698,4.19932835139436
"Chr16_01623273","Chr16","Chr16_01623273",1623273,4.28268450042106
"Chr16_02440673","Chr16","Chr16_02440673",2440673,6.44057258322145
"Chr16_02619627","Chr16","Chr16_02619627",2619627,6.91300065267271
"Chr16_02733305","Chr16","Chr16_02733305",2733305,7.21310390869985
"Chr16_03067411","Chr16","Chr16_03067411",3067411,8.09512416291089
"Chr16_03192164","Chr16","Chr16_03192164",3192164,8.42446476970511
"Chr16_03264231","Chr16","Chr16_03264231",3264231,8.61471742503075
"Chr16_03574574","Chr16","Chr16_03574574",3574574,9.43400475226407
"Chr16_04140849","Chr16","Chr16_04140849",4140849,10.9289375563842
"Chr16_04442882","Chr16","Chr16_04442882",4442882,11.726286970762
"Chr16_04944251","Chr16","Chr16_04944251",4944251,13.0498717397681
"Chr16_05124936","Chr16","Chr16_05124936",5124936,13.5268695477456
"Chr16_05370435","Chr16","Chr16_05370435",5370435,14.1749725162303
"Chr16_05602367","Chr16","Chr16_05602367",5602367,14.7872594000327
"Chr16_05705189","Chr16","Chr16_05705189",5705189,15.0587034524546
"Chr16_05705738","Chr16","Chr16_05705738",5705738,15.0601527802714
"Chr16_05747398","Chr16","Chr16_05747398",5747398,15.1701327381005
"Chr16_06019925","Chr16","Chr16_06019925",6019925,15.8895880421638
"Chr16_06069066","Chr16","Chr16_06069066",6069066,16.0193174014455
"Chr16_06257536","Chr16","Chr16_06257536",6257536,16.5168671530547
"Chr16_06311952","Chr16","Chr16_06311952",6311952,16.6605222031082
"Chr16_06572251","Chr16","Chr16_06572251",6572251,17.347696303995
"Chr16_07306111","Chr16","Chr16_07306111",7306111,19.285043684034
"Chr16_07396407","Chr16","Chr16_07396407",7396407,19.5234198307486
"Chr16_07445522","Chr16","Chr16_07445522",7445522,19.6530805515545
"Chr16_07456667","Chr16","Chr16_07456667",7456667,19.6825026982181
"Chr16_07550991","Chr16","Chr16_07550991",7550991,19.9315125288054
"Chr16_07569194","Chr16","Chr16_07569194",7569194,19.9795673817185
"Chr16_07603805","Chr16","Chr16_07603805",7603805,20.0709383927704
"Chr16_07671559","Chr16","Chr16_07671559",7671559,20.2498049809305
"Chr16_07717075","Chr16","Chr16_07717075",7717075,20.3699645527151
"Chr16_07881860","Chr16","Chr16_07881860",7881860,20.8049872927742
"Chr16_07943887","Chr16","Chr16_07943887",7943887,20.9687349366595
"Chr16_07979589","Chr16","Chr16_07979589",7979589,21.0629861237553
"Chr16_07984144","Chr16","Chr16_07984144",7984144,21.0750110567345
"Chr16_08063060","Chr16","Chr16_08063060",8063060,21.2833446705616
"Chr16_08105880","Chr16","Chr16_08105880",8105880,21.3963869603897
"Chr16_08269831","Chr16","Chr16_08269831",8269831,21.8292079893391
"Chr16_08667976","Chr16","Chr16_08667976",8667976,22.880287449489
"Chr16_15688125","Chr16","Chr16_15688125",15688125,41.4130692779488
"Chr16_16530740","Chr16","Chr16_16530740",16530740,43.6375234826086
"Chr16_17231670","Chr16","Chr16_17231670",17231670,45.487937593053
"Chr16_19964269","Chr16","Chr16_19964269",19964269,52.7018387640491
"Chr16_21329889","Chr16","Chr16_21329889",21329889,56.3069955093805
"Chr16_21426245","Chr16","Chr16_21426245",21426245,56.561369700849
"Chr16_21981074","Chr16","Chr16_21981074",21981074,58.0260857359506
"Chr16_23992067","Chr16","Chr16_23992067",23992067,63.3349893685601
"Chr16_26238558","Chr16","Chr16_26238558",26238558,69.2655939159277
"Chr16_26650311","Chr16","Chr16_26650311",26650311,70.3525976983565
"Chr16_26707565","Chr16","Chr16_26707565",26707565,70.5037449020422
"Chr16_27012878","Chr16","Chr16_27012878",27012878,71.3097533241416
"Chr16_27058909","Chr16","Chr16_27058909",27058909,71.4312724657361
"Chr16_27414724","Chr16","Chr16_27414724",27414724,72.3706032073334
"Chr16_27515428","Chr16","Chr16_27515428",27515428,72.6364558639157
"Chr16_27750731","Chr16","Chr16_27750731",27750731,73.257641990105
"Chr16_27966212","Chr16","Chr16_27966212",27966212,73.8264991982894
"Chr16_28029992","Chr16","Chr16_28029992",28029992,73.9948746594113
"Chr16_28395797","Chr16","Chr16_28395797",28395797,74.9605784153799
"Chr16_28522664","Chr16","Chr16_28522664",28522664,75.2954998582483
"Chr16_28800199","Chr16","Chr16_28800199",28800199,76.0281759887353
"Chr16_29049550","Chr16","Chr16_29049550",29049550,76.68644801141
"Chr16_29069025","Chr16","Chr16_29069025",29069025,76.7378608697567
"Chr16_29203089","Chr16","Chr16_29203089",29203089,77.0917819707263
"Chr16_29418283","Chr16","Chr16_29418283",29418283,77.659881515735
"Chr16_29427680","Chr16","Chr16_29427680",29427680,77.6846890448689
"Chr16_29483736","Chr16","Chr16_29483736",29483736,77.8326735987831
"Chr16_29491596","Chr16","Chr16_29491596",29491596,77.8534235380183
"Chr16_29509697","Chr16","Chr16_29509697",29509697,77.9012091169108
"Chr16_29614583","Chr16","Chr16_29614583",29614583,78.178102008338
"Chr16_29616617","Chr16","Chr16_29616617",29616617,78.1834716491019
"Chr16_29665943","Chr16","Chr16_29665943",29665943,78.3136893975387
"Chr16_29757043","Chr16","Chr16_29757043",29757043,78.5541880571217
"Chr16_29830179","Chr16","Chr16_29830179",29830179,78.7472628097809
"Chr16_29893912","Chr16","Chr16_29893912",29893912,78.915514193658
"Chr16_30037168","Chr16","Chr16_30037168",30037168,79.293701635779
"Chr16_30065819","Chr16","Chr16_30065819",30065819,79.3693385962149
"Chr16_30073292","Chr16","Chr16_30073292",30073292,79.3890668781365
"Chr16_30162005","Chr16","Chr16_30162005",30162005,79.623263997649
"Chr16_30338439","Chr16","Chr16_30338439",30338439,80.0890394148264
"Chr16_30395820","Chr16","Chr16_30395820",30395820,80.2405218910671
"Chr16_30652569","Chr16","Chr16_30652569",30652569,80.9183242000601
"Chr16_30699224","Chr16","Chr16_30699224",30699224,81.0414906650749
"Chr16_31035292","Chr16","Chr16_31035292",31035292,81.9286904842706
"Chr16_31064832","Chr16","Chr16_31064832",31064832,82.006674352592
"Chr16_31196668","Chr16","Chr16_31196668",31196668,82.3547136641703
"Chr16_31414253","Chr16","Chr16_31414253",31414253,82.929125309015
"Chr16_31485943","Chr16","Chr16_31485943",31485943,83.118382706441
"Chr16_31542034","Chr16","Chr16_31542034",31542034,83.2664596583034
"Chr16_31670574","Chr16","Chr16_31670574",31670574,83.6057977230981
"Chr16_31739506","Chr16","Chr16_31739506",31739506,83.7877741622021
"Chr16_31800882","Chr16","Chr16_31800882",31800882,83.94980320425
"Chr16_31812125","Chr16","Chr16_31812125",31812125,83.9794840651686
"Chr16_31827255","Chr16","Chr16_31827255",31827255,84.0194263782256
"Chr16_31860094","Chr16","Chr16_31860094",31860094,84.1061194131548
"Chr16_31871695","Chr16","Chr16_31871695",31871695,84.1367453730869
"Chr16_32015656","Chr16","Chr16_32015656",32015656,84.5167939738797
"Chr16_32137592","Chr16","Chr16_32137592",32137592,84.8386978658107
"Chr16_32218240","Chr16","Chr16_32218240",32218240,85.0516038581054
"Chr16_32301568","Chr16","Chr16_32301568",32301568,85.2715848932945
"Chr16_32338195","Chr16","Chr16_32338195",32338195,85.3682780261655
"Chr16_32404184","Chr16","Chr16_32404184",32404184,85.5424851177925
"Chr16_32410196","Chr16","Chr16_32410196",32410196,85.5583564453601
"Chr16_32448599","Chr16","Chr16_32448599",32448599,85.6597381141193
"Chr16_32477502","Chr16","Chr16_32477502",32477502,85.7360403397826
"Chr16_32501446","Chr16","Chr16_32501446",32501446,85.7992510961499
"Chr16_32502936","Chr16","Chr16_32502936",32502936,85.8031846088038
"Chr16_32508883","Chr16","Chr16_32508883",32508883,85.8188843401819
"Chr16_32568542","Chr16","Chr16_32568542",32568542,85.9763806028829
"Chr16_32578424","Chr16","Chr16_32578424",32578424,86.0024685035854
"Chr16_32579397","Chr16","Chr16_32579397",32579397,86.0050371665467
"Chr16_32604887","Chr16","Chr16_32604887",32604887,86.0723292722851
"Chr16_32616748","Chr16","Chr16_32616748",32616748,86.1036416169757
"Chr16_32654568","Chr16","Chr16_32654568",32654568,86.2034841999112
"Chr16_32666180","Chr16","Chr16_32666180",32666180,86.2341391991986
"Chr16_32687944","Chr16","Chr16_32687944",32687944,86.2915948833607
"Chr16_32691854","Chr16","Chr16_32691854",32691854,86.3019170541507
"Chr16_32735702","Chr16","Chr16_32735702",32735702,86.4176732037159
"Chr16_32737930","Chr16","Chr16_32737930",32737930,86.4235549931072
"Chr16_32755254","Chr16","Chr16_32755254",32755254,86.4692893375487
"Chr16_32780561","Chr16","Chr16_32780561",32780561,86.5360983340148
"Chr16_32814259","Chr16","Chr16_32814259",32814259,86.6250590785881
"Chr16_33051152","Chr16","Chr16_33051152",33051152,87.2504427115693
"Chr16_33065112","Chr16","Chr16_33065112",33065112,87.2872962932134
"Chr16_33349540","Chr16","Chr16_33349540",33349540,88.0381695396225
"Chr16_33355592","Chr16","Chr16_33355592",33355592,88.0541464648453
"Chr16_33378271","Chr16","Chr16_33378271",33378271,88.1140176953687
"Chr16_33425970","Chr16","Chr16_33425970",33425970,88.2399402591826
"Chr16_33428510","Chr16","Chr16_33428510",33428510,88.246645710284
"Chr16_33430349","Chr16","Chr16_33430349",33430349,88.2515005624791
"Chr16_33430693","Chr16","Chr16_33430693",33430693,88.2524087023133
"Chr16_33649324","Chr16","Chr16_33649324",33649324,88.82958172584
"Chr16_33658002","Chr16","Chr16_33658002",33658002,88.8524911371228
"Chr16_33674315","Chr16","Chr16_33674315",33674315,88.8955565008306
"Chr16_33678398","Chr16","Chr16_33678398",33678398,88.9063353814791
"Chr16_33758640","Chr16","Chr16_33758640",33758640,89.1181695575741
"Chr16_33841127","Chr16","Chr16_33841127",33841127,89.3359304020639
"Chr16_33853690","Chr16","Chr16_33853690",33853690,89.3690959856022
"Chr16_33909219","Chr16","Chr16_33909219",33909219,89.5156892904099
"Chr16_33960004","Chr16","Chr16_33960004",33960004,89.6497587133179
"Chr16_34041787","Chr16","Chr16_34041787",34041787,89.8656610390772
"Chr16_34058763","Chr16","Chr16_34058763",34058763,89.9104766839189
"Chr16_34080371","Chr16","Chr16_34080371",34080371,89.967520537226
"Chr16_34098770","Chr16","Chr16_34098770",34098770,90.0160928186493
"Chr16_34149570","Chr16","Chr16_34149570",34149570,90.150201840678
"Chr16_34159338","Chr16","Chr16_34159338",34159338,90.1759887880634
"Chr16_34185858","Chr16","Chr16_34185858",34185858,90.2460000334217
"Chr16_34208179","Chr16","Chr16_34208179",34208179,90.3049261649316
"Chr16_34244184","Chr16","Chr16_34244184",34244184,90.3999772542651
"Chr16_34251188","Chr16","Chr16_34251188",34251188,90.4184674036802
"Chr16_34331026","Chr16","Chr16_34331026",34331026,90.6292350434583
"Chr16_34351619","Chr16","Chr16_34351619",34351619,90.6835993562661
"Chr16_34374772","Chr16","Chr16_34374772",34374772,90.744721919003
"Chr16_35164653","Chr16","Chr16_35164653",35164653,92.8299614550079
"Chr16_35174489","Chr16","Chr16_35174489",35174489,92.855927918407
"Chr16_35178540","Chr16","Chr16_35178540",35178540,92.8666223209314
"Chr16_35232116","Chr16","Chr16_35232116",35232116,93.0080598202269
"Chr16_35235339","Chr16","Chr16_35235339",35235339,93.0165683512898
"Chr16_35636507","Chr16","Chr16_35636507",35636507,94.075628354227
"Chr16_35700181","Chr16","Chr16_35700181",35700181,94.2437239815628
"Chr16_35745795","Chr16","Chr16_35745795",35745795,94.3641422676025
"Chr16_35750260","Chr16","Chr16_35750260",35750260,94.3759296058576
"Chr16_35751959","Chr16","Chr16_35751959",35751959,94.3804148662596
"Chr16_35777125","Chr16","Chr16_35777125",35777125,94.4468516309914
"Chr16_35851509","Chr16","Chr16_35851509",35851509,94.6432210304911
"Chr16_35865067","Chr16","Chr16_35865067",35865067,94.679013355701
"Chr16_35919578","Chr16","Chr16_35919578",35919578,94.8229192001854
"Chr16_35920266","Chr16","Chr16_35920266",35920266,94.8247354798538
"Chr16_35974455","Chr16","Chr16_35974455",35974455,94.9677912632143
"Chr16_36089829","Chr16","Chr16_36089829",36089829,95.2723718598194
"Chr16_36092206","Chr16","Chr16_36092206",36092206,95.2786470004762
"Chr16_36103580","Chr16","Chr16_36103580",36103580,95.3086736937154
"Chr16_36144941","Chr16","Chr16_36144941",36144941,95.4178643090723
"Chr16_36164297","Chr16","Chr16_36164297",36164297,95.4689630143949
"Chr16_36461529","Chr16","Chr16_36461529",36461529,96.2536380702145
"Chr16_36552352","Chr16","Chr16_36552352",36552352,96.4934054660356
"Chr16_36599094","Chr16","Chr16_36599094",36599094,96.6168016059503
"Chr16_36648990","Chr16","Chr16_36648990",36648990,96.7485241209728
"Chr16_36736693","Chr16","Chr16_36736693",36736693,96.9800548996929
"Chr16_36772709","Chr16","Chr16_36772709",36772709,97.0751350283816
"Chr16_36869868","Chr16","Chr16_36869868",36869868,97.331629092777
"Chr16_36882363","Chr16","Chr16_36882363",36882363,97.3646151603016
"Chr16_36932197","Chr16","Chr16_36932197",36932197,97.4961739989587
"Chr16_36958878","Chr16","Chr16_36958878",36958878,97.5666102748789
"Chr16_37058282","Chr16","Chr16_37058282",37058282,97.8290310076691
"Chr16_37109408","Chr16","Chr16_37109408",37109408,97.9640006505872
"Chr16_37152908","Chr16","Chr16_37152908",37152908,98.0788381005527
"Chr16_37302691","Chr16","Chr16_37302691",37302691,98.4742564400512
"Chr16_37322337","Chr16","Chr16_37322337",37322337,98.5261207283736
"Chr16_37404687","Chr16","Chr16_37404687",37404687,98.7435199008945
"Chr16_37420061","Chr16","Chr16_37420061",37420061,98.7841063596478
"Chr16_37511370","Chr16","Chr16_37511370",37511370,99.0251567669789
"Chr16_37600809","Chr16","Chr16_37600809",37600809,99.2612704839321
"Chr16_37666952","Chr16","Chr16_37666952",37666952,99.4358841265314
"Chr16_37875300","Chr16","Chr16_37875300",37875300,99.9859106328629
"Chr17_00249283","Chr17","Chr17_00249283",249283,0.575363261614257
"Chr17_00406662","Chr17","Chr17_00406662",406662,0.953431939145979
"Chr17_00481381","Chr17","Chr17_00481381",481381,1.13292801877854
"Chr17_00819670","Chr17","Chr17_00819670",819670,1.94559346241161
"Chr17_00846247","Chr17","Chr17_00846247",846247,2.0094389007659
"Chr17_01034213","Chr17","Chr17_01034213",1034213,2.46098616590882
"Chr17_01066269","Chr17","Chr17_01066269",1066269,2.53799370520541
"Chr17_01284804","Chr17","Chr17_01284804",1284804,3.06297631689054
"Chr17_01335874","Chr17","Chr17_01335874",1335874,3.18566083872347
"Chr17_01462786","Chr17","Chr17_01462786",1462786,3.49053920243722
"Chr17_02513653","Chr17","Chr17_02513653",2513653,6.01501767130364
"Chr17_02594185","Chr17","Chr17_02594185",2594185,6.20847821393629
"Chr17_02599876","Chr17","Chr17_02599876",2599876,6.22214959857994
"Chr17_02635290","Chr17","Chr17_02635290",2635290,6.30722399952358
"Chr17_02693230","Chr17","Chr17_02693230",2693230,6.44641219601859
"Chr17_02898077","Chr17","Chr17_02898077",2898077,6.9385123770233
"Chr17_02907729","Chr17","Chr17_02907729",2907729,6.96169919912495
"Chr17_02916709","Chr17","Chr17_02916709",2916709,6.98327168798455
"Chr17_02934754","Chr17","Chr17_02934754",2934754,7.02662085964062
"Chr17_02956125","Chr17","Chr17_02956125",2956125,7.07796001993221
"Chr17_03036063","Chr17","Chr17_03036063",3036063,7.26999360728841
"Chr17_03074683","Chr17","Chr17_03074683",3074683,7.36276972307434
"Chr17_03165116","Chr17","Chr17_03165116",3165116,7.58001525592959
"Chr17_03191755","Chr17","Chr17_03191755",3191755,7.64400963574372
"Chr17_03378901","Chr17","Chr17_03378901",3378901,8.09358702996628
"Chr17_03439498","Chr17","Chr17_03439498",3439498,8.23915808869959
"Chr17_03521111","Chr17","Chr17_03521111",3521111,8.43521549775287
"Chr17_03532568","Chr17","Chr17_03532568",3532568,8.46273843816093
"Chr17_03772711","Chr17","Chr17_03772711",3772711,9.03962955087928
"Chr17_03858146","Chr17","Chr17_03858146",3858146,9.24486848024675
"Chr17_03919112","Chr17","Chr17_03919112",3919112,9.39132598089422
"Chr17_04054733","Chr17","Chr17_04054733",4054733,9.7171258151512
"Chr17_04086591","Chr17","Chr17_04086591",4086591,9.79365770268897
"Chr17_04241931","Chr17","Chr17_04241931",4241931,10.1668281280175
"Chr17_04361090","Chr17","Chr17_04361090",4361090,10.4530816024074
"Chr17_04488392","Chr17","Chr17_04488392",4488392,10.7588968559491
"Chr17_04546772","Chr17","Chr17_04546772",4546772,10.8991420563526
"Chr17_04607135","Chr17","Chr17_04607135",4607135,11.0441509811891
"Chr17_04721351","Chr17","Chr17_04721351",4721351,11.3185299775797
"Chr17_04825399","Chr17","Chr17_04825399",4825399,11.5684825745579
"Chr17_05101529","Chr17","Chr17_05101529",5101529,12.2318245955825
"Chr17_05178660","Chr17","Chr17_05178660",5178660,12.4171149784589
"Chr17_05454826","Chr17","Chr17_05454826",5454826,13.0805434816215
"Chr17_05617420","Chr17","Chr17_05617420",5617420,13.4711400577504
"Chr17_05643749","Chr17","Chr17_05643749",5643749,13.5343897302653
"Chr17_05795879","Chr17","Chr17_05795879",5795879,13.8998488316251
"Chr17_05835453","Chr17","Chr17_05835453",5835453,13.9949167240672
"Chr17_06112201","Chr17","Chr17_06112201",6112201,14.6597433551269
"Chr17_06372764","Chr17","Chr17_06372764",6372764,15.2856890583255
"Chr17_07015803","Chr17","Chr17_07015803",7015803,16.8304498226672
"Chr17_07125807","Chr17","Chr17_07125807",7125807,17.0947104089157
"Chr17_07217048","Chr17","Chr17_07217048",7217048,17.3138969853119
"Chr17_07277619","Chr17","Chr17_07277619",7277619,17.4594055847234
"Chr17_07355734","Chr17","Chr17_07355734",7355734,17.6470598127042
"Chr17_07512583","Chr17","Chr17_07512583",7512583,18.0238552809825
"Chr17_07617093","Chr17","Chr17_07617093",7617093,18.2749177320645
"Chr17_07936445","Chr17","Chr17_07936445",7936445,19.0420911688453
"Chr17_07961116","Chr17","Chr17_07961116",7961116,19.1013578584505
"Chr17_08078612","Chr17","Chr17_08078612",8078612,19.3836163385226
"Chr17_08232351","Chr17","Chr17_08232351",8232351,19.7529407109932
"Chr17_08571081","Chr17","Chr17_08571081",8571081,20.5666655608164
"Chr17_08868234","Chr17","Chr17_08868234",8868234,21.2805107481322
"Chr17_09337208","Chr17","Chr17_09337208",9337208,22.4071183639943
"Chr17_09474727","Chr17","Chr17_09474727",9474727,22.7374777287475
"Chr17_09480146","Chr17","Chr17_09480146",9480146,22.7504956927932
"Chr17_09654390","Chr17","Chr17_09654390",9654390,23.1690788496809
"Chr17_09813795","Chr17","Chr17_09813795",9813795,23.5520145497549
"Chr17_10010064","Chr17","Chr17_10010064",10010064,24.0235079591073
"Chr17_10131641","Chr17","Chr17_10131641",10131641,24.3155701504306
"Chr17_10391108","Chr17","Chr17_10391108",10391108,24.9388829529845
"Chr17_10528407","Chr17","Chr17_10528407",10528407,25.2687138157834
"Chr17_10697977","Chr17","Chr17_10697977",10697977,25.6760687084251
"Chr17_10753308","Chr17","Chr17_10753308",10753308,25.8089893521991
"Chr17_10801964","Chr17","Chr17_10801964",10801964,25.925874766225
"Chr17_10850910","Chr17","Chr17_10850910",10850910,26.0434568419178
"Chr17_11075246","Chr17","Chr17_11075246",11075246,26.5823750892237
"Chr17_11121282","Chr17","Chr17_11121282",11121282,26.6929665254309
"Chr17_11234528","Chr17","Chr17_11234528",11234528,26.9650153086597
"Chr17_11312669","Chr17","Chr17_11312669",11312669,27.1527319959623
"Chr17_11691107","Chr17","Chr17_11691107",11691107,28.0618466439633
"Chr17_11947236","Chr17","Chr17_11947236",11947236,28.6771406305024
"Chr17_11991513","Chr17","Chr17_11991513",11991513,28.7835064533572
"Chr17_12029252","Chr17","Chr17_12029252",12029252,28.8741661590445
"Chr17_12314945","Chr17","Chr17_12314945",12314945,29.5604811991075
"Chr17_12428018","Chr17","Chr17_12428018",12428018,29.8321143876177
"Chr17_12464852","Chr17","Chr17_12464852",12464852,29.9206000284478
"Chr17_12538241","Chr17","Chr17_12538241",12538241,30.0969010735388
"Chr17_12766845","Chr17","Chr17_12766845",12766845,30.6460722587571
"Chr17_12863178","Chr17","Chr17_12863178",12863178,30.8774912531125
"Chr17_13286983","Chr17","Chr17_13286983",13286983,31.8955902109234
"Chr17_13512161","Chr17","Chr17_13512161",13512161,32.4365311793451
"Chr17_13705571","Chr17","Chr17_13705571",13705571,32.901156465574
"Chr17_13995129","Chr17","Chr17_13995129",13995129,33.5967563240604
"Chr17_14056268","Chr17","Chr17_14056268",14056268,33.7436294194264
"Chr17_14342846","Chr17","Chr17_14342846",14342846,34.4320704787144
"Chr17_14653350","Chr17","Chr17_14653350",14653350,35.1779885278081
"Chr17_14655660","Chr17","Chr17_14655660",14655660,35.1835377983276
"Chr17_14862270","Chr17","Chr17_14862270",14862270,35.6798732018111
"Chr17_15188022","Chr17","Chr17_15188022",15188022,36.4624212408971
"Chr17_15190142","Chr17","Chr17_15190142",15190142,36.4675140779107
"Chr17_15431103","Chr17","Chr17_15431103",15431103,37.0463702569862
"Chr17_15491345","Chr17","Chr17_15491345",15491345,37.1910885057479
"Chr17_15540001","Chr17","Chr17_15540001",15540001,37.3079739197738
"Chr17_16104242","Chr17","Chr17_16104242",16104242,38.6634396977949
"Chr17_16886977","Chr17","Chr17_16886977",16886977,40.5437895939551
"Chr17_17394591","Chr17","Chr17_17394591",17394591,41.7632213712353
"Chr17_17922009","Chr17","Chr17_17922009",17922009,43.030227933524
"Chr17_18386916","Chr17","Chr17_18386916",18386916,44.1470654700774
"Chr17_26391280","Chr17","Chr17_26391280",26391280,63.3758019086272
"Chr17_27151624","Chr17","Chr17_27151624",27151624,65.2023623172533
"Chr17_27373625","Chr17","Chr17_27373625",27373625,65.7356712369994
"Chr17_29405294","Chr17","Chr17_29405294",29405294,70.6163123137136
"Chr17_30053377","Chr17","Chr17_30053377",30053377,72.1731901864971
"Chr17_30481499","Chr17","Chr17_30481499",30481499,73.2016597940192
"Chr17_31602858","Chr17","Chr17_31602858",31602858,75.8954798981519
"Chr17_32419749","Chr17","Chr17_32419749",32419749,77.8578821249901
"Chr17_32582578","Chr17","Chr17_32582578",32582578,78.2490432372974
"Chr17_33303903","Chr17","Chr17_33303903",33303903,79.9818690197752
"Chr17_33772654","Chr17","Chr17_33772654",33772654,81.1079409268382
"Chr17_33999524","Chr17","Chr17_33999524",33999524,81.6529465557444
"Chr17_34395983","Chr17","Chr17_34395983",34395983,82.6053527206428
"Chr17_34800507","Chr17","Chr17_34800507",34800507,83.5771332867275
"Chr17_34868946","Chr17","Chr17_34868946",34868946,83.741543037848
"Chr17_34892060","Chr17","Chr17_34892060",34892060,83.7970693749861
"Chr17_34928657","Chr17","Chr17_34928657",34928657,83.8849856750746
"Chr17_34984637","Chr17","Chr17_34984637",34984637,84.0194653996137
"Chr17_35005224","Chr17","Chr17_35005224",35005224,84.0689211711229
"Chr17_35179319","Chr17","Chr17_35179319",35179319,84.4871463880507
"Chr17_35269307","Chr17","Chr17_35269307",35269307,84.7033229055894
"Chr17_36320800","Chr17","Chr17_36320800",36320800,87.2293052027438
"Chr17_36329456","Chr17","Chr17_36329456",36329456,87.2500993523617
"Chr17_36329621","Chr17","Chr17_36329621",36329621,87.2504957288274
"Chr17_36365309","Chr17","Chr17_36365309",36365309,87.3362283549322
"Chr17_36410965","Chr17","Chr17_36410965",36410965,87.4459069241275
"Chr17_36454758","Chr17","Chr17_36454758",36454758,87.551110042683
"Chr17_36492766","Chr17","Chr17_36492766",36492766,87.6424159621235
"Chr17_36541922","Chr17","Chr17_36541922",36541922,87.7605025169545
"Chr17_36635834","Chr17","Chr17_36635834",36635834,87.9861055875317
"Chr17_36676070","Chr17","Chr17_36676070",36676070,88.0827637903997
"Chr17_36722959","Chr17","Chr17_36722959",36722959,88.1954043728204
"Chr17_36889570","Chr17","Chr17_36889570",36889570,88.5956509141775
"Chr17_36911397","Chr17","Chr17_36911397",36911397,88.6480855148833
"Chr17_36923776","Chr17","Chr17_36923776",36923776,88.677823358936
"Chr17_36924518","Chr17","Chr17_36924518",36924518,88.6796058518907
"Chr17_36925530","Chr17","Chr17_36925530",36925530,88.6820369608803
"Chr17_37085430","Chr17","Chr17_37085430",37085430,89.0661617903513
"Chr17_37119845","Chr17","Chr17_37119845",37119845,89.1488363119663
"Chr17_37283786","Chr17","Chr17_37283786",37283786,89.5426687614242
"Chr17_37508805","Chr17","Chr17_37508805",37508805,90.0832277670699
"Chr17_37617057","Chr17","Chr17_37617057",37617057,90.3432795559373
"Chr17_37820642","Chr17","Chr17_37820642",37820642,90.8323480575499
"Chr17_37961558","Chr17","Chr17_37961558",37961558,91.1708679729329
"Chr17_38021206","Chr17","Chr17_38021206",38021206,91.3141592664181
"Chr17_38043631","Chr17","Chr17_38043631",38043631,91.3680304315269
"Chr17_38068592","Chr17","Chr17_38068592",38068592,91.4279937827991
"Chr17_38146883","Chr17","Chr17_38146883",38146883,91.6160708123433
"Chr17_38237259","Chr17","Chr17_38237259",38237259,91.8331794151468
"Chr17_38244155","Chr17","Chr17_38244155",38244155,91.8497455491307
"Chr17_38264397","Chr17","Chr17_38264397",38264397,91.8983725334844
"Chr17_38339583","Chr17","Chr17_38339583",38339583,92.0789904786289
"Chr17_38397659","Chr17","Chr17_38397659",38397659,92.2185053854229
"Chr17_38494289","Chr17","Chr17_38494289",38494289,92.4506378574166
"Chr17_38496605","Chr17","Chr17_38496605",38496605,92.4562015416258
"Chr17_38497040","Chr17","Chr17_38497040",38497040,92.4572465341262
"Chr17_38505532","Chr17","Chr17_38505532",38505532,92.47764670956
"Chr17_38505594","Chr17","Chr17_38505594",38505594,92.4777956510199
"Chr17_38782181","Chr17","Chr17_38782181",38782181,93.1422355147404
"Chr17_38899394","Chr17","Chr17_38899394",38899394,93.4238141491168
"Chr17_38943796","Chr17","Chr17_38943796",38943796,93.5304802571729
"Chr17_38953270","Chr17","Chr17_38953270",38953270,93.5532394731479
"Chr17_38971867","Chr17","Chr17_38971867",38971867,93.5979147042528
"Chr17_38986145","Chr17","Chr17_38986145",38986145,93.6322144810833
"Chr17_39008681","Chr17","Chr17_39008681",39008681,93.6863522994507
"Chr17_39050287","Chr17","Chr17_39050287",39050287,93.7863016281247
"Chr17_39121119","Chr17","Chr17_39121119",39121119,93.9564600391384
"Chr17_39190333","Chr17","Chr17_39190333",39190333,94.1227315585069
"Chr17_39198701","Chr17","Chr17_39198701",39198701,94.142833851021
"Chr17_39230247","Chr17","Chr17_39230247",39230247,94.2186162266964
"Chr17_39283001","Chr17","Chr17_39283001",39283001,94.3453461907609
"Chr17_39312465","Chr17","Chr17_39312465",39312465,94.4161270161239
"Chr17_39427762","Chr17","Chr17_39427762",39427762,94.6931028789351
"Chr17_39441792","Chr17","Chr17_39441792",39441792,94.7268068899262
"Chr17_39515297","Chr17","Chr17_39515297",39515297,94.903386599684
"Chr17_39619457","Chr17","Chr17_39619457",39619457,95.1536082522025
"Chr17_39800244","Chr17","Chr17_39800244",39800244,95.5879095376658
"Chr17_39810502","Chr17","Chr17_39810502",39810502,95.6125521424232
"Chr17_39811338","Chr17","Chr17_39811338",39811338,95.6145604498493
"Chr17_39936061","Chr17","Chr17_39936061",39936061,95.9141802191184
"Chr17_40166965","Chr17","Chr17_40166965",40166965,96.4688766520401
"Chr17_40325608","Chr17","Chr17_40325608",40325608,96.8499818135271
"Chr17_40518196","Chr17","Chr17_40518196",40518196,97.3126324242723
"Chr17_40530452","Chr17","Chr17_40530452",40530452,97.342074787687
"Chr17_40635856","Chr17","Chr17_40635856",40635856,97.5952848785285
"Chr17_40638137","Chr17","Chr17_40638137",40638137,97.6007644828814
"Chr17_40711280","Chr17","Chr17_40711280",40711280,97.7764745666963
"Chr17_40805796","Chr17","Chr17_40805796",40805796,98.003528615366
"Chr17_40880062","Chr17","Chr17_40880062",40880062,98.1819364614291
"Chr17_41197113","Chr17","Chr17_41197113",41197113,98.9435822482247
"Chr17_41358651","Chr17","Chr17_41358651",41358651,99.3316420149733
"Chr17_41605036","Chr17","Chr17_41605036",41605036,99.9235281695025
"Chr18_00000275","Chr18","Chr18_00000275",275,5.34443707371865e-05
"Chr18_00493502","Chr18","Chr18_00493502",493502,0.850382691002682
"Chr18_00705084","Chr18","Chr18_00705084",705084,1.21515258936769
"Chr18_00748834","Chr18","Chr18_00748834",748834,1.2905781125855
"Chr18_01057081","Chr18","Chr18_01057081",1057081,1.82199962699277
"Chr18_01078852","Chr18","Chr18_01078852",1078852,1.85953309135791
"Chr18_01269909","Chr18","Chr18_01269909",1269909,2.18891764425903
"Chr18_01292427","Chr18","Chr18_01292427",1292427,2.22773894555774
"Chr18_01452418","Chr18","Chr18_01452418",1452418,2.50356534293236
"Chr18_02012892","Chr18","Chr18_02012892",2012892,3.46982922178893
"Chr18_02082827","Chr18","Chr18_02082827",2082827,3.59039799816007
"Chr18_02226436","Chr18","Chr18_02226436",2226436,3.83798163161802
"Chr18_02399205","Chr18","Chr18_02399205",2399205,4.13583745380812
"Chr18_02925011","Chr18","Chr18_02925011",2925011,5.04233328606093
"Chr18_03070899","Chr18","Chr18_03070899",3070899,5.29384594277404
"Chr18_03208308","Chr18","Chr18_03208308",3208308,5.53074070208456
"Chr18_03395365","Chr18","Chr18_03395365",3395365,5.85322920714862
"Chr18_03424526","Chr18","Chr18_03424526",3424526,5.90350311989272
"Chr18_03452438","Chr18","Chr18_03452438",3452438,5.9516237416997
"Chr18_03774687","Chr18","Chr18_03774687",3774687,6.50718487156059
"Chr18_03821682","Chr18","Chr18_03821682",3821682,6.58820481358621
"Chr18_03880661","Chr18","Chr18_03880661",3880661,6.68988531493164
"Chr18_03958178","Chr18","Chr18_03958178",3958178,6.82352554997792
"Chr18_04272352","Chr18","Chr18_04272352",4272352,7.36516528326775
"Chr18_04417301","Chr18","Chr18_04417301",4417301,7.61505909275112
"Chr18_04433859","Chr18","Chr18_04433859",4433859,7.64360528277261
"Chr18_04745320","Chr18","Chr18_04745320",4745320,8.18056777161696
"Chr18_05503394","Chr18","Chr18_05503394",5503394,9.48749641362412
"Chr18_05529499","Chr18","Chr18_05529499",5529499,9.53250174582071
"Chr18_06337871","Chr18","Chr18_06337871",6337871,10.9261447413549
"Chr18_06589934","Chr18","Chr18_06589934",6589934,11.3607043678429
"Chr18_06699368","Chr18","Chr18_06699368",6699368,11.549369892593
"Chr18_06807208","Chr18","Chr18_06807208",6807208,11.7352873422801
"Chr18_06826566","Chr18","Chr18_06826566",6826566,11.7686607657875
"Chr18_06966992","Chr18","Chr18_06966992",6966992,12.0107568691791
"Chr18_07000561","Chr18","Chr18_07000561",7000561,12.0686302266396
"Chr18_07007477","Chr18","Chr18_07007477",7007477,12.0805534933499
"Chr18_07027697","Chr18","Chr18_07027697",7027697,12.1154130151662
"Chr18_07069436","Chr18","Chr18_07069436",7069436,12.187371550334
"Chr18_07085029","Chr18","Chr18_07085029",7085029,12.2142540688148
"Chr18_07111822","Chr18","Chr18_07111822",7111822,12.2604455212393
"Chr18_07175308","Chr18","Chr18_07175308",7175308,12.3698961444852
"Chr18_07273240","Chr18","Chr18_07273240",7273240,12.5387320836798
"Chr18_07538739","Chr18","Chr18_07538739",7538739,12.9964555348525
"Chr18_07633824","Chr18","Chr18_07633824",7633824,13.1603832119991
"Chr18_07669885","Chr18","Chr18_07669885",7669885,13.2225528072621
"Chr18_07674527","Chr18","Chr18_07674527",7674527,13.230555670777
"Chr18_07795138","Chr18","Chr18_07795138",7795138,13.4384904771958
"Chr18_07853246","Chr18","Chr18_07853246",7853246,13.5386693641247
"Chr18_09940925","Chr18","Chr18_09940925",9940925,17.1378529272292
"Chr18_10460062","Chr18","Chr18_10460062",10460062,18.0328513237257
"Chr18_10532356","Chr18","Chr18_10532356",10532356,18.1574870443087
"Chr18_11276455","Chr18","Chr18_11276455",11276455,19.4403226191852
"Chr18_11660204","Chr18","Chr18_11660204",11660204,20.1019104845408
"Chr18_11929072","Chr18","Chr18_11929072",11929072,20.5654421320042
"Chr18_12067210","Chr18","Chr18_12067210",12067210,20.803593696033
"Chr18_12952719","Chr18","Chr18_12952719",12952719,22.330221802069
"Chr18_13221295","Chr18","Chr18_13221295",13221295,22.7932500380403
"Chr18_14045877","Chr18","Chr18_14045877",14045877,24.2148392674342
"Chr18_15187978","Chr18","Chr18_15187978",15187978,26.1838350501217
"Chr18_16288210","Chr18","Chr18_16288210",16288210,28.0806481760867
"Chr18_16306649","Chr18","Chr18_16306649",16306649,28.1124372326036
"Chr18_16378567","Chr18","Chr18_16378567",16378567,28.2364247246899
"Chr18_18322044","Chr18","Chr18_18322044",18322044,31.5870023152446
"Chr18_20951524","Chr18","Chr18_20951524",20951524,36.1202572818903
"Chr18_21404872","Chr18","Chr18_21404872",21404872,36.9018346555988
"Chr18_23778720","Chr18","Chr18_23778720",23778720,40.9943769970739
"Chr18_25255081","Chr18","Chr18_25255081",25255081,43.539641017265
"Chr18_25549142","Chr18","Chr18_25549142",25549142,44.0466056980181
"Chr18_25672153","Chr18","Chr18_25672153",25672153,44.2586781331392
"Chr18_25981821","Chr18","Chr18_25981821",25981821,44.7925494685406
"Chr18_26601269","Chr18","Chr18_26601269",26601269,45.8604852286828
"Chr18_26655422","Chr18","Chr18_26655422",26655422,45.9538456483128
"Chr18_27258928","Chr18","Chr18_27258928",27258928,46.9942972098004
"Chr18_28166420","Chr18","Chr18_28166420",28166420,48.5588242707369
"Chr18_29109262","Chr18","Chr18_29109262",29109262,50.1842951544334
"Chr18_29995808","Chr18","Chr18_29995808",29995808,51.7127110608711
"Chr18_31025169","Chr18","Chr18_31025169",31025169,53.4873417352711
"Chr18_32654751","Chr18","Chr18_32654751",32654751,56.2967605918726
"Chr18_33097036","Chr18","Chr18_33097036",33097036,57.0592652212757
"Chr18_34153460","Chr18","Chr18_34153460",34153460,58.8805528313293
"Chr18_37353915","Chr18","Chr18_37353915",37353915,64.3981755264158
"Chr18_38919586","Chr18","Chr18_38919586",38919586,67.0974110546888
"Chr18_41526444","Chr18","Chr18_41526444",41526444,71.591665422792
"Chr18_42777877","Chr18","Chr18_42777877",42777877,73.7491508810098
"Chr18_43427368","Chr18","Chr18_43427368",43427368,74.8688811324441
"Chr18_43499025","Chr18","Chr18_43499025",43499025,74.9924186574091
"Chr18_44370835","Chr18","Chr18_44370835",44370835,76.4954295236152
"Chr18_44618736","Chr18","Chr18_44618736",44618736,76.9228138123287
"Chr18_45221870","Chr18","Chr18_45221870",45221870,77.9626240413675
"Chr18_45741957","Chr18","Chr18_45741957",45741957,78.8592602492252
"Chr18_45890611","Chr18","Chr18_45890611",45890611,79.1155415230177
"Chr18_46104552","Chr18","Chr18_46104552",46104552,79.4843783655946
"Chr18_46225078","Chr18","Chr18_46225078",46225078,79.6921666309969
"Chr18_46271172","Chr18","Chr18_46271172",46271172,79.7716332382472
"Chr18_46474488","Chr18","Chr18_46474488",46474488,80.1221524537569
"Chr18_47453403","Chr18","Chr18_47453403",47453403,81.8098136208599
"Chr18_47505201","Chr18","Chr18_47505201",47505201,81.8991139923259
"Chr18_47570384","Chr18","Chr18_47570384",47570384,82.0114902638666
"Chr18_47666888","Chr18","Chr18_47666888",47666888,82.1778643139834
"Chr18_47903074","Chr18","Chr18_47903074",47903074,82.5850518025942
"Chr18_47922009","Chr18","Chr18_47922009",47922009,82.6176959690428
"Chr18_48030200","Chr18","Chr18_48030200",48030200,82.8042185469276
"Chr18_48031733","Chr18","Chr18_48031733",48031733,82.8068614572611
"Chr18_48049539","Chr18","Chr18_48049539",48049539,82.8375592142078
"Chr18_48164660","Chr18","Chr18_48164660",48164660,83.0360291949702
"Chr18_48687498","Chr18","Chr18_48687498",48687498,83.9374081597279
"Chr18_48941415","Chr18","Chr18_48941415",48941415,84.3751641043884
"Chr18_49014777","Chr18","Chr18_49014777",49014777,84.5016410697439
"Chr18_49402317","Chr18","Chr18_49402317",49402317,85.1697646644371
"Chr18_49876745","Chr18","Chr18_49876745",49876745,85.9876842102468
"Chr18_50165432","Chr18","Chr18_50165432",50165432,86.4853840507309
"Chr18_50197643","Chr18","Chr18_50197643",50197643,86.5409161999508
"Chr18_50248819","Chr18","Chr18_50248819",50248819,86.6291442359781
"Chr18_50292808","Chr18","Chr18_50292808",50292808,86.7049817980541
"Chr18_50293424","Chr18","Chr18_50293424",50293424,86.706043789421
"Chr18_50503126","Chr18","Chr18_50503126",50503126,87.0675725453026
"Chr18_50520440","Chr18","Chr18_50520440",50520440,87.0974220883653
"Chr18_50727402","Chr18","Chr18_50727402",50727402,87.4542270514786
"Chr18_50749152","Chr18","Chr18_50749152",50749152,87.4917243115925
"Chr18_50801297","Chr18","Chr18_50801297",50801297,87.5816229152084
"Chr18_51150984","Chr18","Chr18_51150984",51150984,88.1844874852075
"Chr18_51152675","Chr18","Chr18_51152675",51152675,88.1874027894307
"Chr18_51153359","Chr18","Chr18_51153359",51153359,88.1885820136108
"Chr18_51349768","Chr18","Chr18_51349768",51349768,88.5271934785179
"Chr18_51679113","Chr18","Chr18_51679113",51679113,89.0949881972417
"Chr18_51816494","Chr18","Chr18_51816494",51816494,89.3318346842174
"Chr18_51864501","Chr18","Chr18_51864501",51864501,89.4145993263458
"Chr18_52028797","Chr18","Chr18_52028797",52028797,89.697847595205
"Chr18_52457169","Chr18","Chr18_52457169",52457169,90.4363660462189
"Chr18_52632885","Chr18","Chr18_52632885",52632885,90.7393025316529
"Chr18_52695798","Chr18","Chr18_52695798",52695798,90.8477652960461
"Chr18_52699069","Chr18","Chr18_52699069",52699069,90.8534045391649
"Chr18_53341991","Chr18","Chr18_53341991",53341991,91.9618097560389
"Chr18_53380347","Chr18","Chr18_53380347",53380347,92.0279359587484
"Chr18_53525618","Chr18","Chr18_53525618",53525618,92.2783849000826
"Chr18_53549188","Chr18","Chr18_53549188",53549188,92.3190198619625
"Chr18_54125416","Chr18","Chr18_54125416",54125416,93.3124438252253
"Chr18_54193658","Chr18","Chr18_54193658",54193658,93.4300938493494
"Chr18_54238061","Chr18","Chr18_54238061",54238061,93.5066451523766
"Chr18_54321346","Chr18","Chr18_54321346",54321346,93.6502294884039
"Chr18_54332946","Chr18","Chr18_54332946",54332946,93.6702280271314
"Chr18_54343631","Chr18","Chr18_54343631",54343631,93.6886490949161
"Chr18_54419589","Chr18","Chr18_54419589",54419589,93.8196015953179
"Chr18_54437972","Chr18","Chr18_54437972",54437972,93.8512941071651
"Chr18_54502352","Chr18","Chr18_54502352",54502352,93.9622859971025
"Chr18_54785183","Chr18","Chr18_54785183",54785183,94.4498900235531
"Chr18_54846938","Chr18","Chr18_54846938",54846938,94.5563563820975
"Chr18_54896233","Chr18","Chr18_54896233",54896233,94.6413415516294
"Chr18_54900674","Chr18","Chr18_54900674",54900674,94.6489978887405
"Chr18_55021257","Chr18","Chr18_55021257",55021257,94.8568844228244
"Chr18_55023913","Chr18","Chr18_55023913",55023913,94.8614633985882
"Chr18_55026765","Chr18","Chr18_55026765",55026765,94.866380280696
"Chr18_55065935","Chr18","Chr18_55065935",55065935,94.9339098291404
"Chr18_55103430","Chr18","Chr18_55103430",55103430,94.998551657553
"Chr18_55114120","Chr18","Chr18_55114120",55114120,95.0169813453976
"Chr18_55130204","Chr18","Chr18_55130204",55130204,95.0447103537504
"Chr18_55179541","Chr18","Chr18_55179541",55179541,95.1297679317846
"Chr18_55221536","Chr18","Chr18_55221536",55221536,95.2021678140139
"Chr18_55232814","Chr18","Chr18_55232814",55232814,95.2216112208905
"Chr18_55270849","Chr18","Chr18_55270849",55270849,95.2871840157611
"Chr18_55495439","Chr18","Chr18_55495439",55495439,95.6743798616922
"Chr18_55531902","Chr18","Chr18_55531902",55531902,95.7372425097628
"Chr18_55532204","Chr18","Chr18_55532204",55532204,95.7377631613745
"Chr18_55573243","Chr18","Chr18_55573243",55573243,95.8085148881708
"Chr18_55580293","Chr18","Chr18_55580293",55580293,95.8206691724836
"Chr18_55582686","Chr18","Chr18_55582686",55582686,95.8247947331021
"Chr18_55586731","Chr18","Chr18_55586731",55586731,95.8317683614773
"Chr18_55644750","Chr18","Chr18_55644750",55644750,95.9317938113418
"Chr18_55689404","Chr18","Chr18_55689404",55689404,96.0087778413708
"Chr18_55800154","Chr18","Chr18_55800154",55800154,96.1997121658593
"Chr18_55805797","Chr18","Chr18_55805797",55805797,96.2094407653455
"Chr18_55864452","Chr18","Chr18_55864452",55864452,96.3105626868161
"Chr18_55879410","Chr18","Chr18_55879410",55879410,96.3363504577028
"Chr18_55901564","Chr18","Chr18_55901564",55901564,96.3745442186483
"Chr18_56017958","Chr18","Chr18_56017958",56017958,96.5752088666349
"Chr18_56032828","Chr18","Chr18_56032828",56032828,96.6008449244691
"Chr18_56116682","Chr18","Chr18_56116682",56116682,96.7454102233013
"Chr18_56178283","Chr18","Chr18_56178283",56178283,96.8516110840039
"Chr18_56191522","Chr18","Chr18_56191522",56191522,96.8744352783326
"Chr18_56196882","Chr18","Chr18_56196882",56196882,96.8836759824343
"Chr18_56221677","Chr18","Chr18_56221677",56221677,96.9264228589642
"Chr18_56315388","Chr18","Chr18_56315388",56315388,97.0879817436788
"Chr18_56429631","Chr18","Chr18_56429631",56429631,97.284938041941
"Chr18_56439611","Chr18","Chr18_56439611",56439611,97.3021436812945
"Chr18_56494597","Chr18","Chr18_56494597",56494597,97.3969402028866
"Chr18_56513903","Chr18","Chr18_56513903",56513903,97.4302239777721
"Chr18_56526271","Chr18","Chr18_56526271",56526271,97.4515465576843
"Chr18_56530612","Chr18","Chr18_56530612",56530612,97.4590304935995
"Chr18_56537693","Chr18","Chr18_56537693",56537693,97.471238222283
"Chr18_56540835","Chr18","Chr18_56540835",56540835,97.476655067859
"Chr18_56568806","Chr18","Chr18_56568806",56568806,97.5248774063716
"Chr18_56613165","Chr18","Chr18_56613165",56613165,97.6013528528726
"Chr18_56646826","Chr18","Chr18_56646826",56646826,97.6593848194334
"Chr18_56678385","Chr18","Chr18_56678385",56678385,97.7137929128558
"Chr18_57017142","Chr18","Chr18_57017142",57017142,98.2978140321402
"Chr18_57214967","Chr18","Chr18_57214967",57214967,98.6388666979816
"Chr18_57233098","Chr18","Chr18_57233098",57233098,98.670124758815
"Chr18_57392811","Chr18","Chr18_57392811",57392811,98.945471880865
"Chr18_57892320","Chr18","Chr18_57892320",57892320,99.806631370625
"Chr19_00077228","Chr19","Chr19_00077228",77228,0.150594915933768
"Chr19_00142795","Chr19","Chr19_00142795",142795,0.279802673759329
"Chr19_00182030","Chr19","Chr19_00182030",182030,0.357120019044089
"Chr19_00226773","Chr19","Chr19_00226773",226773,0.445291549057496
"Chr19_00262394","Chr19","Chr19_00262394",262394,0.51548706725269
"Chr19_00465279","Chr19","Chr19_00465279",465279,0.915296665776931
"Chr19_00486349","Chr19","Chr19_00486349",486349,0.956817666545375
"Chr19_00489781","Chr19","Chr19_00489781",489781,0.963580840472157
"Chr19_00501430","Chr19","Chr19_00501430",501430,0.9865366135121
"Chr19_00505708","Chr19","Chr19_00505708",505708,0.994966933459295
"Chr19_00551810","Chr19","Chr19_00551810",551810,1.08581653846294
"Chr19_00563835","Chr19","Chr19_00563835",563835,1.10951326528973
"Chr19_00584851","Chr19","Chr19_00584851",584851,1.15092785248241
"Chr19_00646108","Chr19","Chr19_00646108",646108,1.27164223046402
"Chr19_00660847","Chr19","Chr19_00660847",660847,1.30068722478419
"Chr19_00677762","Chr19","Chr19_00677762",677762,1.33402029208359
"Chr19_00682059","Chr19","Chr19_00682059",682059,1.34248805384448
"Chr19_00690722","Chr19","Chr19_00690722",690722,1.35955955026864
"Chr19_00710901","Chr19","Chr19_00710901",710901,1.39932472703686
"Chr19_00762078","Chr19","Chr19_00762078",762078,1.50017523754121
"Chr19_00770495","Chr19","Chr19_00770495",770495,1.51676196100908
"Chr19_00837535","Chr19","Chr19_00837535",837535,1.64887244470706
"Chr19_00847767","Chr19","Chr19_00847767",847767,1.6690358466939
"Chr19_00856031","Chr19","Chr19_00856031",856031,1.68532106503042
"Chr19_00865265","Chr19","Chr19_00865265",865265,1.70351778648727
"Chr19_00884983","Chr19","Chr19_00884983",884983,1.74237450661789
"Chr19_01036124","Chr19","Chr19_01036124",1036124,2.04021625209218
"Chr19_01075588","Chr19","Chr19_01075588",1075588,2.11798486976308
"Chr19_01177798","Chr19","Chr19_01177798",1177798,2.3194021212364
"Chr19_01291273","Chr19","Chr19_01291273",1291273,2.54301842698861
"Chr19_01522084","Chr19","Chr19_01522084",1522084,2.99785960916067
"Chr19_01727261","Chr19","Chr19_01727261",1727261,3.40218587278986
"Chr19_01727275","Chr19","Chr19_01727275",1727275,3.40221346149469
"Chr19_01822460","Chr19","Chr19_01822460",1822460,3.5897870950089
"Chr19_01847830","Chr19","Chr19_01847830",1847830,3.63978176940355
"Chr19_02282550","Chr19","Chr19_02282550",2282550,4.49645046679596
"Chr19_02320613","Chr19","Chr19_02320613",2320613,4.57145824336213
"Chr19_02490595","Chr19","Chr19_02490595",2490595,4.90642847367166
"Chr19_02491838","Chr19","Chr19_02491838",2491838,4.90887795653616
"Chr19_02505636","Chr19","Chr19_02505636",2505636,4.93606859576744
"Chr19_02547036","Chr19","Chr19_02547036",2547036,5.01765233719191
"Chr19_02552978","Chr19","Chr19_02552978",2552978,5.02936177177027
"Chr19_02649306","Chr19","Chr19_02649306",2649306,5.21918782597163
"Chr19_03709177","Chr19","Chr19_03709177",3709177,7.30779269571304
"Chr19_04279724","Chr19","Chr19_04279724",4279724,8.43212503673978
"Chr19_04448149","Chr19","Chr19_04448149",4448149,8.7640270089479
"Chr19_05357824","Chr19","Chr19_05357824",5357824,10.556652370791
"Chr19_05583283","Chr19","Chr19_05583283",5583283,11.0009467852311
"Chr19_06054165","Chr19","Chr19_06054165",6054165,11.9288771071982
"Chr19_06127828","Chr19","Chr19_06127828",6127828,12.0740390189023
"Chr19_06877546","Chr19","Chr19_06877546",6877546,13.5514496337156
"Chr19_07373953","Chr19","Chr19_07373953",7373953,14.5296800764522
"Chr19_08431748","Chr19","Chr19_08431748",8431748,16.6141939353918
"Chr19_09433994","Chr19","Chr19_09433994",9433994,18.5892417254331
"Chr19_09625668","Chr19","Chr19_09625668",9625668,18.9669586832542
"Chr19_10119452","Chr19","Chr19_10119452",10119452,19.9400201850788
"Chr19_10953624","Chr19","Chr19_10953624",10953624,21.5838576911545
"Chr19_11084651","Chr19","Chr19_11084651",11084651,21.8420623502759
"Chr19_11172563","Chr19","Chr19_11172563",11172563,22.0153036516311
"Chr19_11550063","Chr19","Chr19_11550063",11550063,22.7592133711417
"Chr19_12611998","Chr19","Chr19_12611998",12611998,24.8518856042237
"Chr19_12763621","Chr19","Chr19_12763621",12763621,25.1506771893928
"Chr19_15480726","Chr19","Chr19_15480726",15480726,30.5050634633816
"Chr19_15889416","Chr19","Chr19_15889416",15889416,31.3104368760088
"Chr19_16772059","Chr19","Chr19_16772059",16772059,33.0497923900696
"Chr19_16960919","Chr19","Chr19_16960919",16960919,33.42196401822
"Chr19_16971373","Chr19","Chr19_16971373",16971373,33.4425648982405
"Chr19_17675199","Chr19","Chr19_17675199",17675199,34.8295397386226
"Chr19_19553002","Chr19","Chr19_19553002",19553002,38.5299792168375
"Chr19_19749633","Chr19","Chr19_19749633",19749633,38.91746454679
"Chr19_21258449","Chr19","Chr19_21258449",21258449,41.8907702086524
"Chr19_21502837","Chr19","Chr19_21502837",21502837,42.3723665226438
"Chr19_21645593","Chr19","Chr19_21645593",21645593,42.653684604547
"Chr19_22099069","Chr19","Chr19_22099069",22099069,43.5473142839238
"Chr19_23866666","Chr19","Chr19_23866666",23866666,47.0305794189641
"Chr19_29249539","Chr19","Chr19_29249539",29249539,57.6381861569535
"Chr19_29390081","Chr19","Chr19_29390081",29390081,57.9151412822501
"Chr19_30817290","Chr19","Chr19_30817290",30817290,60.7276304130394
"Chr19_31378321","Chr19","Chr19_31378321",31378321,61.8332103172691
"Chr19_32123177","Chr19","Chr19_32123177",32123177,63.3010397690195
"Chr19_32402943","Chr19","Chr19_32402943",32402943,63.8523527401151
"Chr19_32422557","Chr19","Chr19_32422557",32422557,63.8910045155813
"Chr19_32473684","Chr19","Chr19_32473684",32473684,63.9917564949969
"Chr19_33374647","Chr19","Chr19_33374647",33374647,65.767213799949
"Chr19_34018126","Chr19","Chr19_34018126",34018126,67.0352675281634
"Chr19_34034325","Chr19","Chr19_34034325",34034325,67.0671896302729
"Chr19_34043903","Chr19","Chr19_34043903",34043903,67.0860642456199
"Chr19_34144537","Chr19","Chr19_34144537",34144537,67.2843757971781
"Chr19_34799669","Chr19","Chr19_34799669",34799669,68.5753931809195
"Chr19_34839735","Chr19","Chr19_34839735",34839735,68.6543481128981
"Chr19_35713053","Chr19","Chr19_35713053",35713053,70.3753275789207
"Chr19_36090129","Chr19","Chr19_36090129",36090129,71.1184017547993
"Chr19_36207720","Chr19","Chr19_36207720",36207720,71.3501291397714
"Chr19_36246750","Chr19","Chr19_36246750",36246750,71.4270425075926
"Chr19_36599987","Chr19","Chr19_36599987",36599987,72.1231390310118
"Chr19_36647366","Chr19","Chr19_36647366",36647366,72.2165051200202
"Chr19_36719256","Chr19","Chr19_36719256",36719256,72.3581731193199
"Chr19_36766141","Chr19","Chr19_36766141",36766141,72.4505657211722
"Chr19_36834127","Chr19","Chr19_36834127",36834127,72.5845404130679
"Chr19_37047246","Chr19","Chr19_37047246",37047246,73.0045173548226
"Chr19_37144996","Chr19","Chr19_37144996",37144996,73.1971456331859
"Chr19_37631745","Chr19","Chr19_37631745",37631745,74.1563438108337
"Chr19_37660752","Chr19","Chr19_37660752",37660752,74.2135056366187
"Chr19_37890676","Chr19","Chr19_37890676",37890676,74.6665988772777
"Chr19_38006506","Chr19","Chr19_38006506",38006506,74.8948559973065
"Chr19_38543230","Chr19","Chr19_38543230",38543230,75.9525359980869
"Chr19_38768373","Chr19","Chr19_38768373",38768373,76.3962076960466
"Chr19_38784607","Chr19","Chr19_38784607",38784607,76.4281987699182
"Chr19_38790723","Chr19","Chr19_38790723",38790723,76.4402510926851
"Chr19_38794625","Chr19","Chr19_38794625",38794625,76.4479404588455
"Chr19_38919740","Chr19","Chr19_38919740",38919740,76.6944948020417
"Chr19_39012551","Chr19","Chr19_39012551",39012551,76.8773901794655
"Chr19_39014878","Chr19","Chr19_39014878",39014878,76.8819758163325
"Chr19_39482801","Chr19","Chr19_39482801",39482801,77.8040750684717
"Chr19_39484078","Chr19","Chr19_39484078",39484078,77.8065915524765
"Chr19_39488020","Chr19","Chr19_39488020",39488020,77.8143597435078
"Chr19_39549670","Chr19","Chr19_39549670",39549670,77.9358485758464
"Chr19_39837409","Chr19","Chr19_39837409",39837409,78.5028733143425
"Chr19_39869267","Chr19","Chr19_39869267",39869267,78.5656533828038
"Chr19_39944666","Chr19","Chr19_39944666",39944666,78.7142362939068
"Chr19_39949717","Chr19","Chr19_39949717",39949717,78.7241899044849
"Chr19_39971018","Chr19","Chr19_39971018",39971018,78.7661661188831
"Chr19_40086921","Chr19","Chr19_40086921",40086921,78.9945670943014
"Chr19_40150939","Chr19","Chr19_40150939",40150939,79.1207223589998
"Chr19_40161258","Chr19","Chr19_40161258",40161258,79.1410572050809
"Chr19_40252284","Chr19","Chr19_40252284",40252284,79.320435022639
"Chr19_40261944","Chr19","Chr19_40261944",40261944,79.3394712289714
"Chr19_40344906","Chr19","Chr19_40344906",40344906,79.5029579525476
"Chr19_40388234","Chr19","Chr19_40388234",40388234,79.5883410527515
"Chr19_40480631","Chr19","Chr19_40480631",40480631,79.7704205927611
"Chr19_40515499","Chr19","Chr19_40515499",40515499,79.8391322327608
"Chr19_40576386","Chr19","Chr19_40576386",40576386,79.9591174806862
"Chr19_40598318","Chr19","Chr19_40598318",40598318,80.0023371574234
"Chr19_40708611","Chr19","Chr19_40708611",40708611,80.2196829446922
"Chr19_40940765","Chr19","Chr19_40940765",40940765,80.6771706719062
"Chr19_40951401","Chr19","Chr19_40951401",40951401,80.6981302050895
"Chr19_41901448","Chr19","Chr19_41901448",41901448,82.5703135091739
"Chr19_41996243","Chr19","Chr19_41996243",41996243,82.7571186001964
"Chr19_42024825","Chr19","Chr19_42024825",42024825,82.8134429117277
"Chr19_42077643","Chr19","Chr19_42077643",42077643,82.9175272125624
"Chr19_42249311","Chr19","Chr19_42249311",42249311,83.2558199111821
"Chr19_42317094","Chr19","Chr19_42317094",42317094,83.3893945668578
"Chr19_42333242","Chr19","Chr19_42333242",42333242,83.4212161672569
"Chr19_42381922","Chr19","Chr19_42381922",42381922,83.5171460351927
"Chr19_43190120","Chr19","Chr19_43190120",43190120,85.1097986113225
"Chr19_44471805","Chr19","Chr19_44471805",44471805,87.6355149791395
"Chr19_44702727","Chr19","Chr19_44702727",44702727,88.0905749003284
"Chr19_44738904","Chr19","Chr19_44738904",44738904,88.1618660842297
"Chr19_44773701","Chr19","Chr19_44773701",44773701,88.2304378100835
"Chr19_44807132","Chr19","Chr19_44807132",44807132,88.2963176665946
"Chr19_44822401","Chr19","Chr19_44822401",44822401,88.3264070904548
"Chr19_45036500","Chr19","Chr19_45036500",45036500,88.7483152415475
"Chr19_45467557","Chr19","Chr19_45467557",45467557,89.5977655513834
"Chr19_45767393","Chr19","Chr19_45767393",45767393,90.1886289014739
"Chr19_45970731","Chr19","Chr19_45970731",45970731,90.5893311916616
"Chr19_46084615","Chr19","Chr19_46084615",46084615,90.8137534817192
"Chr19_46170053","Chr19","Chr19_46170053",46170053,90.9821194648067
"Chr19_46183272","Chr19","Chr19_46183272",46183272,91.0081691140311
"Chr19_46246141","Chr19","Chr19_46246141",46246141,91.1320601343117
"Chr19_46324970","Chr19","Chr19_46324970",46324970,91.2874022780979
"Chr19_46735633","Chr19","Chr19_46735633",46735633,92.0966637274843
"Chr19_46851633","Chr19","Chr19_46851633",46851633,92.3252558532147
"Chr19_47532495","Chr19","Chr19_47532495",47532495,93.6669773351893
"Chr19_47610286","Chr19","Chr19_47610286",47610286,93.8202739735746
"Chr19_47675604","Chr19","Chr19_47675604",47675604,93.9489910465785
"Chr19_47694111","Chr19","Chr19_47694111",47694111,93.9854613437414
"Chr19_47694639","Chr19","Chr19_47694639",47694639,93.9865018320378
"Chr19_47766665","Chr19","Chr19_47766665",47766665,94.1284378358986
"Chr19_47772229","Chr19","Chr19_47772229",47772229,94.1394023754466
"Chr19_47782378","Chr19","Chr19_47782378",47782378,94.1594022158262
"Chr19_47931914","Chr19","Chr19_47931914",47931914,94.454081113354
"Chr19_47970296","Chr19","Chr19_47970296",47970296,94.5297175182659
"Chr19_48037185","Chr19","Chr19_48037185",48037185,94.6615304380761
"Chr19_48406936","Chr19","Chr19_48406936",48406936,95.3901698094635
"Chr19_48500311","Chr19","Chr19_48500311",48500311,95.5741766175676
"Chr19_48511538","Chr19","Chr19_48511538",48511538,95.5963007882192
"Chr19_48585174","Chr19","Chr19_48585174",48585174,95.7414094931354
"Chr19_48636021","Chr19","Chr19_48636021",48636021,95.8416096984545
"Chr19_48712883","Chr19","Chr19_48712883",48712883,95.9930756292121
"Chr19_48718122","Chr19","Chr19_48718122",48718122,96.0033997166837
"Chr19_48805527","Chr19","Chr19_48805527",48805527,96.1756419127998
"Chr19_48810669","Chr19","Chr19_48810669",48810669,96.1857748499593
"Chr19_49077717","Chr19","Chr19_49077717",49077717,96.7120254533391
"Chr19_49081980","Chr19","Chr19_49081980",49081980,96.7204262139597
"Chr19_49108562","Chr19","Chr19_49108562",49108562,96.7728092819439
"Chr19_49162471","Chr19","Chr19_49162471",49162471,96.8790435311335
"Chr19_49311891","Chr19","Chr19_49311891",49311891,97.1734938365355
"Chr19_49314533","Chr19","Chr19_49314533",49314533,97.1787002192612
"Chr19_49315231","Chr19","Chr19_49315231",49315231,97.1800757132592
"Chr19_49367719","Chr19","Chr19_49367719",49367719,97.2835097089086
"Chr19_49409878","Chr19","Chr19_49409878",49409878,97.3665891522592
"Chr19_49507360","Chr19","Chr19_49507360",49507360,97.5586893039872
"Chr19_49547095","Chr19","Chr19_49547095",49547095,97.6369919601588
"Chr19_49582106","Chr19","Chr19_49582106",49582106,97.7059853990721
"Chr19_49605875","Chr19","Chr19_49605875",49605875,97.7528251080073
"Chr19_49620134","Chr19","Chr19_49620134",49620134,97.7809242038762
"Chr19_49757833","Chr19","Chr19_49757833",49757833,98.0522768514706
"Chr19_49930872","Chr19","Chr19_49930872",49930872,98.3932712725418
"Chr19_50025382","Chr19","Chr19_50025382",50025382,98.5795147363589
"Chr19_50444151","Chr19","Chr19_50444151",50444151,99.4047500458416
"Chr20_00249890","Chr20","Chr20_00249890",249890,0.520874842172429
"Chr20_00253273","Chr20","Chr20_00253273",253273,0.527940220922677
"Chr20_00292349","Chr20","Chr20_00292349",292349,0.609550253451405
"Chr20_00343860","Chr20","Chr20_00343860",343860,0.71713072191254
"Chr20_00467551","Chr20","Chr20_00467551",467551,0.97545876299942
"Chr20_00682019","Chr20","Chr20_00682019",682019,1.42337411913544
"Chr20_01125639","Chr20","Chr20_01125639",1125639,2.34987229270475
"Chr20_01126576","Chr20","Chr20_01126576",1126576,2.35182921256552
"Chr20_01134968","Chr20","Chr20_01134968",1134968,2.36935586301544
"Chr20_01195282","Chr20","Chr20_01195282",1195282,2.49532135339157
"Chr20_01650596","Chr20","Chr20_01650596",1650596,3.4462423880621
"Chr20_01748363","Chr20","Chr20_01748363",1748363,3.65042828350268
"Chr20_01931258","Chr20","Chr20_01931258",1931258,4.03240358546147
"Chr20_02023334","Chr20","Chr20_02023334",2023334,4.22470385557906
"Chr20_02185505","Chr20","Chr20_02185505",2185505,4.56339718614556
"Chr20_02226539","Chr20","Chr20_02226539",2226539,4.64909649197993
"Chr20_02292167","Chr20","Chr20_02292167",2292167,4.78616024504563
"Chr20_02338363","Chr20","Chr20_02338363",2338363,4.88264036232215
"Chr20_02401271","Chr20","Chr20_02401271",2401271,5.01402340885499
"Chr20_02740854","Chr20","Chr20_02740854",2740854,5.72324082302745
"Chr20_02800341","Chr20","Chr20_02800341",2800341,5.84747912799818
"Chr20_02886162","Chr20","Chr20_02886162",2886162,6.02671586158524
"Chr20_02951863","Chr20","Chr20_02951863",2951863,6.16393207478951
"Chr20_04713468","Chr20","Chr20_04713468",4713468,9.84303539531285
"Chr20_04786400","Chr20","Chr20_04786400",4786400,9.99535351621533
"Chr20_07612952","Chr20","Chr20_07612952",7612952,15.8985933735227
"Chr20_10025864","Chr20","Chr20_10025864",10025864,20.9379481388251
"Chr20_11101873","Chr20","Chr20_11101873",11101873,23.1851876078394
"Chr20_11169731","Chr20","Chr20_11169731",11169731,23.3269087048641
"Chr20_12473346","Chr20","Chr20_12473346",12473346,26.0495021779662
"Chr20_13855065","Chr20","Chr20_13855065",13855065,28.9352154683634
"Chr20_16066549","Chr20","Chr20_16066549",16066549,33.5538888529668
"Chr20_16391916","Chr20","Chr20_16391916",16391916,34.2334162215248
"Chr20_16892357","Chr20","Chr20_16892357",16892357,35.2785847722647
"Chr20_17002718","Chr20","Chr20_17002718",17002718,35.5090731743504
"Chr20_18656767","Chr20","Chr20_18656767",18656767,38.9635463214
"Chr20_18879488","Chr20","Chr20_18879488",18879488,39.4286980271742
"Chr20_20002258","Chr20","Chr20_20002258",20002258,41.7735976131676
"Chr20_23021086","Chr20","Chr20_23021086",23021086,48.078404944487
"Chr20_23825552","Chr20","Chr20_23825552",23825552,49.7585282024524
"Chr20_24845037","Chr20","Chr20_24845037",24845037,51.8877175773257
"Chr20_24931278","Chr20","Chr20_24931278",24931278,52.0678314788333
"Chr20_25260844","Chr20","Chr20_25260844",25260844,52.7561284381014
"Chr20_27008733","Chr20","Chr20_27008733",27008733,56.4065859605348
"Chr20_28004862","Chr20","Chr20_28004862",28004862,58.4869964450473
"Chr20_28497881","Chr20","Chr20_28497881",28497881,59.5166641855346
"Chr20_28940761","Chr20","Chr20_28940761",28940761,60.4416168727677
"Chr20_28981005","Chr20","Chr20_28981005",28981005,60.5256662675135
"Chr20_30133487","Chr20","Chr20_30133487",30133487,62.9326192183983
"Chr20_30923324","Chr20","Chr20_30923324",30923324,64.5821898822941
"Chr20_31478021","Chr20","Chr20_31478021",31478021,65.7406718204041
"Chr20_31854166","Chr20","Chr20_31854166",31854166,66.5262487905525
"Chr20_31958482","Chr20","Chr20_31958482",31958482,66.744112240068
"Chr20_32335471","Chr20","Chr20_32335471",32335471,67.5314519000376
"Chr20_33660102","Chr20","Chr20_33660102",33660102,70.2979371850863
"Chr20_33736746","Chr20","Chr20_33736746",33736746,70.4580077996101
"Chr20_34078893","Chr20","Chr20_34078893",34078893,71.1725801150878
"Chr20_34152575","Chr20","Chr20_34152575",34152575,71.3264646072769
"Chr20_34184939","Chr20","Chr20_34184939",34184939,71.3940566610378
"Chr20_34211062","Chr20","Chr20_34211062",34211062,71.4486144171988
"Chr20_34302877","Chr20","Chr20_34302877",34302877,71.6403695901086
"Chr20_34426356","Chr20","Chr20_34426356",34426356,71.8982548702451
"Chr20_34429201","Chr20","Chr20_34429201",34429201,71.9041966386591
"Chr20_34446872","Chr20","Chr20_34446872",34446872,71.9411024346673
"Chr20_34466304","Chr20","Chr20_34466304",34466304,71.9816860704565
"Chr20_34637224","Chr20","Chr20_34637224",34637224,72.3386516442053
"Chr20_34718753","Chr20","Chr20_34718753",34718753,72.5089245570427
"Chr20_34734067","Chr20","Chr20_34734067",34734067,72.5409077702208
"Chr20_34760117","Chr20","Chr20_34760117",34760117,72.5953130662432
"Chr20_34816072","Chr20","Chr20_34816072",34816072,72.7121748067014
"Chr20_34821233","Chr20","Chr20_34821233",34821233,72.7229535296485
"Chr20_34827656","Chr20","Chr20_34827656",34827656,72.7363679333473
"Chr20_34889213","Chr20","Chr20_34889213",34889213,72.8649294230691
"Chr20_34916461","Chr20","Chr20_34916461",34916461,72.9218367361601
"Chr20_34919191","Chr20","Chr20_34919191",34919191,72.9275383276434
"Chr20_34950629","Chr20","Chr20_34950629",34950629,72.9931964349891
"Chr20_34969752","Chr20","Chr20_34969752",34969752,73.0331347258082
"Chr20_34985986","Chr20","Chr20_34985986",34985986,73.0670393544311
"Chr20_35030743","Chr20","Chr20_35030743",35030743,73.1605141273324
"Chr20_35073742","Chr20","Chr20_35073742",35073742,73.2503173259377
"Chr20_35077267","Chr20","Chr20_35077267",35077267,73.2576792709849
"Chr20_35099474","Chr20","Chr20_35099474",35099474,73.3040584805346
"Chr20_35102537","Chr20","Chr20_35102537",35102537,73.3104555408693
"Chr20_35120116","Chr20","Chr20_35120116",35120116,73.3471691953329
"Chr20_35123697","Chr20","Chr20_35123697",35123697,73.3546480961028
"Chr20_35192790","Chr20","Chr20_35192790",35192790,73.4989484845128
"Chr20_35214872","Chr20","Chr20_35214872",35214872,73.5450666321814
"Chr20_35225107","Chr20","Chr20_35225107",35225107,73.5664423790064
"Chr20_35323169","Chr20","Chr20_35323169",35323169,73.7712443804864
"Chr20_35345298","Chr20","Chr20_35345298",35345298,73.8174606874223
"Chr20_35357522","Chr20","Chr20_35357522",35357522,73.8429904508994
"Chr20_35369515","Chr20","Chr20_35369515",35369515,73.8680377720202
"Chr20_35372466","Chr20","Chr20_35372466",35372466,73.8742009209094
"Chr20_35493276","Chr20","Chr20_35493276",35493276,74.1265120077605
"Chr20_35502270","Chr20","Chr20_35502270",35502270,74.1452959322298
"Chr20_35508857","Chr20","Chr20_35508857",35508857,74.1590528491166
"Chr20_35518661","Chr20","Chr20_35518661",35518661,74.1795284545755
"Chr20_35538320","Chr20","Chr20_35538320",35538320,74.2205861787408
"Chr20_35626854","Chr20","Chr20_35626854",35626854,74.4054889993953
"Chr20_35672905","Chr20","Chr20_35672905",35672905,74.5016662848898
"Chr20_35750174","Chr20","Chr20_35750174",35750174,74.6630422088191
"Chr20_36060550","Chr20","Chr20_36060550",36060550,75.3112609480999
"Chr20_36085131","Chr20","Chr20_36085131",36085131,75.3625982448956
"Chr20_36105644","Chr20","Chr20_36105644",36105644,75.4054395438326
"Chr20_36242932","Chr20","Chr20_36242932",36242932,75.6921648520986
"Chr20_36317700","Chr20","Chr20_36317700",36317700,75.8483174499108
"Chr20_36325257","Chr20","Chr20_36325257",36325257,75.8641002069949
"Chr20_36410482","Chr20","Chr20_36410482",36410482,76.0420921975329
"Chr20_36483505","Chr20","Chr20_36483505",36483505,76.1946003714848
"Chr20_36490374","Chr20","Chr20_36490374",36490374,76.2089462439753
"Chr20_36563475","Chr20","Chr20_36563475",36563475,76.3616173205411
"Chr20_36593448","Chr20","Chr20_36593448",36593448,76.4242157826401
"Chr20_36596245","Chr20","Chr20_36596245",36596245,76.4300573032917
"Chr20_36623014","Chr20","Chr20_36623014",36623014,76.4859642272543
"Chr20_36626266","Chr20","Chr20_36626266",36626266,76.4927560131532
"Chr20_36768597","Chr20","Chr20_36768597",36768597,76.7900136019505
"Chr20_36841303","Chr20","Chr20_36841303",36841303,76.941859722972
"Chr20_36870848","Chr20","Chr20_36870848",36870848,77.0035643091902
"Chr20_36953516","Chr20","Chr20_36953516",36953516,77.1762160178882
"Chr20_37002313","Chr20","Chr20_37002313",37002313,77.2781283107868
"Chr20_37051974","Chr20","Chr20_37051974",37051974,77.3818450634075
"Chr20_37106612","Chr20","Chr20_37106612",37106612,77.4959562558864
"Chr20_37161637","Chr20","Chr20_37161637",37161637,77.6108756959492
"Chr20_37221256","Chr20","Chr20_37221256",37221256,77.7353896822664
"Chr20_37244117","Chr20","Chr20_37244117",37244117,77.7831347675781
"Chr20_37586309","Chr20","Chr20_37586309",37586309,78.497801065333
"Chr20_37678868","Chr20","Chr20_37678868",37678868,78.6911100785592
"Chr20_37760945","Chr20","Chr20_37760945",37760945,78.8625274866833
"Chr20_37811485","Chr20","Chr20_37811485",37811485,78.968080026452
"Chr20_37819109","Chr20","Chr20_37819109",37819109,78.9840027127045
"Chr20_38003151","Chr20","Chr20_38003151",38003151,79.3683735184843
"Chr20_38287020","Chr20","Chr20_38287020",38287020,79.9612325195053
"Chr20_38464852","Chr20","Chr20_38464852",38464852,80.3326337710318
"Chr20_38574247","Chr20","Chr20_38574247",38574247,80.5611046869003
"Chr20_38674155","Chr20","Chr20_38674155",38674155,80.7697620502405
"Chr20_38747710","Chr20","Chr20_38747710",38747710,80.9233813035584
"Chr20_39151370","Chr20","Chr20_39151370",39151370,81.7664232149758
"Chr20_39241717","Chr20","Chr20_39241717",39241717,81.9551124771539
"Chr20_39624771","Chr20","Chr20_39624771",39624771,82.7551188595948
"Chr20_39774211","Chr20","Chr20_39774211",39774211,83.0672235596945
"Chr20_40094860","Chr20","Chr20_40094860",40094860,83.7368974086121
"Chr20_40236115","Chr20","Chr20_40236115",40236115,84.0319077767369
"Chr20_40456185","Chr20","Chr20_40456185",40456185,84.4915228821365
"Chr20_40932269","Chr20","Chr20_40932269",40932269,85.4858219589716
"Chr20_41050639","Chr20","Chr20_41050639",41050639,85.7330371179036
"Chr20_41205440","Chr20","Chr20_41205440",41205440,86.0563382399601
"Chr20_41987935","Chr20","Chr20_41987935",41987935,87.6905751732073
"Chr20_42016319","Chr20","Chr20_42016319",42016319,87.7498550166737
"Chr20_42205259","Chr20","Chr20_42205259",42205259,88.1444552712028
"Chr20_42231283","Chr20","Chr20_42231283",42231283,88.198806266354
"Chr20_42242319","Chr20","Chr20_42242319",42242319,88.221854897713
"Chr20_42446652","Chr20","Chr20_42446652",42446652,88.648603356529
"Chr20_42456465","Chr20","Chr20_42456465",42456465,88.6690977584433
"Chr20_42524844","Chr20","Chr20_42524844",42524844,88.8119069613884
"Chr20_42538866","Chr20","Chr20_42538866",42538866,88.8411918389633
"Chr20_42587076","Chr20","Chr20_42587076",42587076,88.9418781852682
"Chr20_42644579","Chr20","Chr20_42644579",42644579,89.061972916062
"Chr20_42830829","Chr20","Chr20_42830829",42830829,89.4509551189097
"Chr20_43017111","Chr20","Chr20_43017111",43017111,89.840004153599
"Chr20_43162060","Chr20","Chr20_43162060",43162060,90.1427294224342
"Chr20_43309207","Chr20","Chr20_43309207",43309207,90.4500452033868
"Chr20_43651221","Chr20","Chr20_43651221",43651221,91.164339749023
"Chr20_43660333","Chr20","Chr20_43660333",43660333,91.1833701159081
"Chr20_43682922","Chr20","Chr20_43682922",43682922,91.2305471305665
"Chr20_43771633","Chr20","Chr20_43771633",43771633,91.4158196148448
"Chr20_43878074","Chr20","Chr20_43878074",43878074,91.638121116339
"Chr20_43925683","Chr20","Chr20_43925683",43925683,91.7375522771196
"Chr20_44048406","Chr20","Chr20_44048406",44048406,91.9938586549992
"Chr20_44059444","Chr20","Chr20_44059444",44059444,92.0169114633483
"Chr20_44171661","Chr20","Chr20_44171661",44171661,92.2512761122448
"Chr20_44343532","Chr20","Chr20_44343532",44343532,92.6102278447851
"Chr20_44361202","Chr20","Chr20_44361202",44361202,92.6471315522982
"Chr20_45338317","Chr20","Chr20_45338317",45338317,94.6878313919519
"Chr20_45422531","Chr20","Chr20_45422531",45422531,94.8637119139954
"Chr20_45645130","Chr20","Chr20_45645130",45645130,95.3286088233736
"Chr20_45683365","Chr20","Chr20_45683365",45683365,95.4084624315663
"Chr20_45838220","Chr20","Chr20_45838220",45838220,95.7318763323554
"Chr20_45857761","Chr20","Chr20_45857761",45857761,95.7726876141049
"Chr20_45908199","Chr20","Chr20_45908199",45908199,95.8780271273786
"Chr20_45908466","Chr20","Chr20_45908466",45908466,95.8785847555567
"Chr20_45962064","Chr20","Chr20_45962064",45962064,95.9905239131848
"Chr20_45983977","Chr20","Chr20_45983977",45983977,96.0362891051901
"Chr20_46014914","Chr20","Chr20_46014914",46014914,96.1009008765163
"Chr20_46045771","Chr20","Chr20_46045771",46045771,96.1653455682386
"Chr20_46277890","Chr20","Chr20_46277890",46277890,96.6501249504818
"Chr20_46581212","Chr20","Chr20_46581212",46581212,97.283611445688
"Chr20_46688111","Chr20","Chr20_46688111",46688111,97.5068694779147
"Chr20_46690576","Chr20","Chr20_46690576",46690576,97.5120176182101
"Chr20_46851623","Chr20","Chr20_46851623",46851623,97.8483634803417
"Chr20_46857621","Chr20","Chr20_46857621",46857621,97.8608902736446
"Chr20_46864009","Chr20","Chr20_46864009",46864009,97.8742315800167
"Chr20_46994135","Chr20","Chr20_46994135",46994135,98.1459990867429
"Chr20_46994444","Chr20","Chr20_46994444",46994444,98.146644431713
"Chr20_47067276","Chr20","Chr20_47067276",47067276,98.2987537031106
"Chr20_47099700","Chr20","Chr20_47099700",47099700,98.3664710665744
"Chr20_47286903","Chr20","Chr20_47286903",47286903,98.7574436052036
"Chr20_47329357","Chr20","Chr20_47329357",47329357,98.8461085740073
"Chr20_47628829","Chr20","Chr20_47628829",47628829,99.4715543632755
"Chr20_47667694","Chr20","Chr20_47667694",47667694,99.5527237233489
"Chr20_47726278","Chr20","Chr20_47726278",47726278,99.6750761172905
